circuit,method,param,seed,faults,detected,redundant,aborted,fc_pct,fe_pct,random_applied,random_kept,podem_vectors,podem_calls,probe_calls,tests,compacted,switch_at,work_random,work_podem,work_total,ms_random,ms_podem,ms_total,ms_compact,work_unresolved,work_core
c17,podem,0,1,22,22,0,0,100.0000,100.0000,0,0,5,5,0,5,5,0,0,135,135,0.000,0.021,0.021,0.004,0,135
c17,podem,0,2,22,22,0,0,100.0000,100.0000,0,0,6,6,0,6,5,0,0,155,155,0.000,0.014,0.014,0.003,0,155
c17,podem,0,3,22,22,0,0,100.0000,100.0000,0,0,7,7,0,7,6,0,0,165,165,0.000,0.013,0.013,0.002,0,165
c17,podem,0,4,22,22,0,0,100.0000,100.0000,0,0,8,8,0,8,6,0,0,197,197,0.000,0.014,0.014,0.002,0,197
c17,podem,0,5,22,22,0,0,100.0000,100.0000,0,0,5,5,0,5,5,0,0,141,141,0.000,0.009,0.009,0.002,0,141
c17,fixed-64,64,1,22,22,0,0,100.0000,100.0000,64,7,0,0,0,7,6,64,62,0,62,0.003,0.000,0.003,0.002,0,62
c17,fixed-64,64,2,22,22,0,0,100.0000,100.0000,64,9,0,0,0,9,6,64,62,0,62,0.003,0.000,0.003,0.002,0,62
c17,fixed-64,64,3,22,22,0,0,100.0000,100.0000,64,8,0,0,0,8,4,64,62,0,62,0.002,0.000,0.002,0.002,0,62
c17,fixed-64,64,4,22,22,0,0,100.0000,100.0000,64,8,0,0,0,8,6,64,62,0,62,0.002,0.000,0.002,0.002,0,62
c17,fixed-64,64,5,22,22,0,0,100.0000,100.0000,64,8,0,0,0,8,7,64,62,0,62,0.012,0.000,0.012,0.002,0,62
c17,fixed-96,96,1,22,22,0,0,100.0000,100.0000,64,7,0,0,0,7,6,64,62,0,62,0.002,0.000,0.002,0.002,0,62
c17,fixed-96,96,2,22,22,0,0,100.0000,100.0000,64,9,0,0,0,9,6,64,62,0,62,0.002,0.000,0.002,0.002,0,62
c17,fixed-96,96,3,22,22,0,0,100.0000,100.0000,64,8,0,0,0,8,4,64,62,0,62,0.002,0.000,0.002,0.002,0,62
c17,fixed-96,96,4,22,22,0,0,100.0000,100.0000,64,8,0,0,0,8,6,64,62,0,62,0.002,0.000,0.002,0.002,0,62
c17,fixed-96,96,5,22,22,0,0,100.0000,100.0000,64,8,0,0,0,8,7,64,62,0,62,0.002,0.000,0.002,0.002,0,62
c17,fixed-128,128,1,22,22,0,0,100.0000,100.0000,64,7,0,0,0,7,6,64,62,0,62,0.002,0.000,0.002,0.002,0,62
c17,fixed-128,128,2,22,22,0,0,100.0000,100.0000,64,9,0,0,0,9,6,64,62,0,62,0.002,0.000,0.002,0.002,0,62
c17,fixed-128,128,3,22,22,0,0,100.0000,100.0000,64,8,0,0,0,8,4,64,62,0,62,0.002,0.000,0.002,0.001,0,62
c17,fixed-128,128,4,22,22,0,0,100.0000,100.0000,64,8,0,0,0,8,6,64,62,0,62,0.002,0.000,0.002,0.006,0,62
c17,fixed-128,128,5,22,22,0,0,100.0000,100.0000,64,8,0,0,0,8,7,64,62,0,62,0.002,0.000,0.002,0.002,0,62
c17,fixed-192,192,1,22,22,0,0,100.0000,100.0000,64,7,0,0,0,7,6,64,62,0,62,0.002,0.000,0.002,0.002,0,62
c17,fixed-192,192,2,22,22,0,0,100.0000,100.0000,64,9,0,0,0,9,6,64,62,0,62,0.002,0.000,0.002,0.002,0,62
c17,fixed-192,192,3,22,22,0,0,100.0000,100.0000,64,8,0,0,0,8,4,64,62,0,62,0.002,0.000,0.002,0.001,0,62
c17,fixed-192,192,4,22,22,0,0,100.0000,100.0000,64,8,0,0,0,8,6,64,62,0,62,0.002,0.000,0.002,0.002,0,62
c17,fixed-192,192,5,22,22,0,0,100.0000,100.0000,64,8,0,0,0,8,7,64,62,0,62,0.002,0.000,0.002,0.002,0,62
c17,fixed-256,256,1,22,22,0,0,100.0000,100.0000,64,7,0,0,0,7,6,64,62,0,62,0.002,0.000,0.002,0.002,0,62
c17,fixed-256,256,2,22,22,0,0,100.0000,100.0000,64,9,0,0,0,9,6,64,62,0,62,0.002,0.000,0.002,0.001,0,62
c17,fixed-256,256,3,22,22,0,0,100.0000,100.0000,64,8,0,0,0,8,4,64,62,0,62,0.002,0.000,0.002,0.002,0,62
c17,fixed-256,256,4,22,22,0,0,100.0000,100.0000,64,8,0,0,0,8,6,64,62,0,62,0.002,0.000,0.002,0.002,0,62
c17,fixed-256,256,5,22,22,0,0,100.0000,100.0000,64,8,0,0,0,8,7,64,62,0,62,0.002,0.000,0.002,0.002,0,62
c17,fixed-384,384,1,22,22,0,0,100.0000,100.0000,64,7,0,0,0,7,6,64,62,0,62,0.002,0.000,0.002,0.002,0,62
c17,fixed-384,384,2,22,22,0,0,100.0000,100.0000,64,9,0,0,0,9,6,64,62,0,62,0.002,0.000,0.002,0.002,0,62
c17,fixed-384,384,3,22,22,0,0,100.0000,100.0000,64,8,0,0,0,8,4,64,62,0,62,0.002,0.000,0.002,0.002,0,62
c17,fixed-384,384,4,22,22,0,0,100.0000,100.0000,64,8,0,0,0,8,6,64,62,0,62,0.002,0.000,0.002,0.002,0,62
c17,fixed-384,384,5,22,22,0,0,100.0000,100.0000,64,8,0,0,0,8,7,64,62,0,62,0.002,0.000,0.002,0.001,0,62
c17,fixed-512,512,1,22,22,0,0,100.0000,100.0000,64,7,0,0,0,7,6,64,62,0,62,0.002,0.000,0.002,0.002,0,62
c17,fixed-512,512,2,22,22,0,0,100.0000,100.0000,64,9,0,0,0,9,6,64,62,0,62,0.002,0.000,0.002,0.002,0,62
c17,fixed-512,512,3,22,22,0,0,100.0000,100.0000,64,8,0,0,0,8,4,64,62,0,62,0.002,0.000,0.002,0.001,0,62
c17,fixed-512,512,4,22,22,0,0,100.0000,100.0000,64,8,0,0,0,8,6,64,62,0,62,0.002,0.000,0.002,0.002,0,62
c17,fixed-512,512,5,22,22,0,0,100.0000,100.0000,64,8,0,0,0,8,7,64,62,0,62,0.002,0.000,0.002,0.002,0,62
c17,fixed-768,768,1,22,22,0,0,100.0000,100.0000,64,7,0,0,0,7,6,64,62,0,62,0.002,0.000,0.002,0.002,0,62
c17,fixed-768,768,2,22,22,0,0,100.0000,100.0000,64,9,0,0,0,9,6,64,62,0,62,0.002,0.000,0.002,0.001,0,62
c17,fixed-768,768,3,22,22,0,0,100.0000,100.0000,64,8,0,0,0,8,4,64,62,0,62,0.002,0.000,0.002,0.002,0,62
c17,fixed-768,768,4,22,22,0,0,100.0000,100.0000,64,8,0,0,0,8,6,64,62,0,62,0.002,0.000,0.002,0.002,0,62
c17,fixed-768,768,5,22,22,0,0,100.0000,100.0000,64,8,0,0,0,8,7,64,62,0,62,0.002,0.000,0.002,0.002,0,62
c17,fixed-1024,1024,1,22,22,0,0,100.0000,100.0000,64,7,0,0,0,7,6,64,62,0,62,0.002,0.000,0.002,0.002,0,62
c17,fixed-1024,1024,2,22,22,0,0,100.0000,100.0000,64,9,0,0,0,9,6,64,62,0,62,0.002,0.000,0.002,0.002,0,62
c17,fixed-1024,1024,3,22,22,0,0,100.0000,100.0000,64,8,0,0,0,8,4,64,62,0,62,0.002,0.000,0.002,0.002,0,62
c17,fixed-1024,1024,4,22,22,0,0,100.0000,100.0000,64,8,0,0,0,8,6,64,62,0,62,0.002,0.000,0.002,0.002,0,62
c17,fixed-1024,1024,5,22,22,0,0,100.0000,100.0000,64,8,0,0,0,8,7,64,62,0,62,0.002,0.000,0.002,0.002,0,62
c17,fixed-1536,1536,1,22,22,0,0,100.0000,100.0000,64,7,0,0,0,7,6,64,62,0,62,0.002,0.000,0.002,0.002,0,62
c17,fixed-1536,1536,2,22,22,0,0,100.0000,100.0000,64,9,0,0,0,9,6,64,62,0,62,0.002,0.000,0.002,0.002,0,62
c17,fixed-1536,1536,3,22,22,0,0,100.0000,100.0000,64,8,0,0,0,8,4,64,62,0,62,0.002,0.000,0.002,0.002,0,62
c17,fixed-1536,1536,4,22,22,0,0,100.0000,100.0000,64,8,0,0,0,8,6,64,62,0,62,0.002,0.000,0.002,0.001,0,62
c17,fixed-1536,1536,5,22,22,0,0,100.0000,100.0000,64,8,0,0,0,8,7,64,62,0,62,0.002,0.000,0.002,0.002,0,62
c17,fixed-2048,2048,1,22,22,0,0,100.0000,100.0000,64,7,0,0,0,7,6,64,62,0,62,0.002,0.000,0.002,0.001,0,62
c17,fixed-2048,2048,2,22,22,0,0,100.0000,100.0000,64,9,0,0,0,9,6,64,62,0,62,0.002,0.000,0.002,0.002,0,62
c17,fixed-2048,2048,3,22,22,0,0,100.0000,100.0000,64,8,0,0,0,8,4,64,62,0,62,0.002,0.000,0.002,0.002,0,62
c17,fixed-2048,2048,4,22,22,0,0,100.0000,100.0000,64,8,0,0,0,8,6,64,62,0,62,0.002,0.000,0.002,0.001,0,62
c17,fixed-2048,2048,5,22,22,0,0,100.0000,100.0000,64,8,0,0,0,8,7,64,62,0,62,0.002,0.000,0.002,0.002,0,62
c17,fixed-3072,3072,1,22,22,0,0,100.0000,100.0000,64,7,0,0,0,7,6,64,62,0,62,0.002,0.000,0.002,0.002,0,62
c17,fixed-3072,3072,2,22,22,0,0,100.0000,100.0000,64,9,0,0,0,9,6,64,62,0,62,0.002,0.000,0.002,0.002,0,62
c17,fixed-3072,3072,3,22,22,0,0,100.0000,100.0000,64,8,0,0,0,8,4,64,62,0,62,0.002,0.000,0.002,0.001,0,62
c17,fixed-3072,3072,4,22,22,0,0,100.0000,100.0000,64,8,0,0,0,8,6,64,62,0,62,0.003,0.000,0.003,0.002,0,62
c17,fixed-3072,3072,5,22,22,0,0,100.0000,100.0000,64,8,0,0,0,8,7,64,62,0,62,0.002,0.000,0.002,0.002,0,62
c17,fixed-4096,4096,1,22,22,0,0,100.0000,100.0000,64,7,0,0,0,7,6,64,62,0,62,0.002,0.000,0.002,0.002,0,62
c17,fixed-4096,4096,2,22,22,0,0,100.0000,100.0000,64,9,0,0,0,9,6,64,62,0,62,0.002,0.000,0.002,0.002,0,62
c17,fixed-4096,4096,3,22,22,0,0,100.0000,100.0000,64,8,0,0,0,8,4,64,62,0,62,0.002,0.000,0.002,0.001,0,62
c17,fixed-4096,4096,4,22,22,0,0,100.0000,100.0000,64,8,0,0,0,8,6,64,62,0,62,0.002,0.000,0.002,0.002,0,62
c17,fixed-4096,4096,5,22,22,0,0,100.0000,100.0000,64,8,0,0,0,8,7,64,62,0,62,0.003,0.000,0.003,0.002,0,62
c17,fixed-6144,6144,1,22,22,0,0,100.0000,100.0000,64,7,0,0,0,7,6,64,62,0,62,0.002,0.000,0.002,0.002,0,62
c17,fixed-6144,6144,2,22,22,0,0,100.0000,100.0000,64,9,0,0,0,9,6,64,62,0,62,0.002,0.000,0.002,0.002,0,62
c17,fixed-6144,6144,3,22,22,0,0,100.0000,100.0000,64,8,0,0,0,8,4,64,62,0,62,0.002,0.000,0.002,0.002,0,62
c17,fixed-6144,6144,4,22,22,0,0,100.0000,100.0000,64,8,0,0,0,8,6,64,62,0,62,0.002,0.000,0.002,0.002,0,62
c17,fixed-6144,6144,5,22,22,0,0,100.0000,100.0000,64,8,0,0,0,8,7,64,62,0,62,0.002,0.000,0.002,0.002,0,62
c17,fixed-8192,8192,1,22,22,0,0,100.0000,100.0000,64,7,0,0,0,7,6,64,62,0,62,0.002,0.000,0.002,0.001,0,62
c17,fixed-8192,8192,2,22,22,0,0,100.0000,100.0000,64,9,0,0,0,9,6,64,62,0,62,0.002,0.000,0.002,0.002,0,62
c17,fixed-8192,8192,3,22,22,0,0,100.0000,100.0000,64,8,0,0,0,8,4,64,62,0,62,0.002,0.000,0.002,0.002,0,62
c17,fixed-8192,8192,4,22,22,0,0,100.0000,100.0000,64,8,0,0,0,8,6,64,62,0,62,0.002,0.000,0.002,0.002,0,62
c17,fixed-8192,8192,5,22,22,0,0,100.0000,100.0000,64,8,0,0,0,8,7,64,62,0,62,0.002,0.000,0.002,0.002,0,62
c17,fixed-12288,12288,1,22,22,0,0,100.0000,100.0000,64,7,0,0,0,7,6,64,62,0,62,0.002,0.000,0.002,0.002,0,62
c17,fixed-12288,12288,2,22,22,0,0,100.0000,100.0000,64,9,0,0,0,9,6,64,62,0,62,0.002,0.000,0.002,0.002,0,62
c17,fixed-12288,12288,3,22,22,0,0,100.0000,100.0000,64,8,0,0,0,8,4,64,62,0,62,0.002,0.000,0.002,0.001,0,62
c17,fixed-12288,12288,4,22,22,0,0,100.0000,100.0000,64,8,0,0,0,8,6,64,62,0,62,0.002,0.000,0.002,0.002,0,62
c17,fixed-12288,12288,5,22,22,0,0,100.0000,100.0000,64,8,0,0,0,8,7,64,62,0,62,0.002,0.000,0.002,0.002,0,62
c17,fixed-16384,16384,1,22,22,0,0,100.0000,100.0000,64,7,0,0,0,7,6,64,62,0,62,0.002,0.000,0.002,0.002,0,62
c17,fixed-16384,16384,2,22,22,0,0,100.0000,100.0000,64,9,0,0,0,9,6,64,62,0,62,0.002,0.000,0.002,0.002,0,62
c17,fixed-16384,16384,3,22,22,0,0,100.0000,100.0000,64,8,0,0,0,8,4,64,62,0,62,0.002,0.000,0.002,0.002,0,62
c17,fixed-16384,16384,4,22,22,0,0,100.0000,100.0000,64,8,0,0,0,8,6,64,62,0,62,0.002,0.000,0.002,0.002,0,62
c17,fixed-16384,16384,5,22,22,0,0,100.0000,100.0000,64,8,0,0,0,8,7,64,62,0,62,0.002,0.000,0.002,0.002,0,62
c17,fixed-24576,24576,1,22,22,0,0,100.0000,100.0000,64,7,0,0,0,7,6,64,62,0,62,0.007,0.000,0.007,0.002,0,62
c17,fixed-24576,24576,2,22,22,0,0,100.0000,100.0000,64,9,0,0,0,9,6,64,62,0,62,0.002,0.000,0.002,0.002,0,62
c17,fixed-24576,24576,3,22,22,0,0,100.0000,100.0000,64,8,0,0,0,8,4,64,62,0,62,0.002,0.000,0.002,0.002,0,62
c17,fixed-24576,24576,4,22,22,0,0,100.0000,100.0000,64,8,0,0,0,8,6,64,62,0,62,0.002,0.000,0.002,0.001,0,62
c17,fixed-24576,24576,5,22,22,0,0,100.0000,100.0000,64,8,0,0,0,8,7,64,62,0,62,0.002,0.000,0.002,0.001,0,62
c17,fixed-32768,32768,1,22,22,0,0,100.0000,100.0000,64,7,0,0,0,7,6,64,62,0,62,0.002,0.000,0.002,0.002,0,62
c17,fixed-32768,32768,2,22,22,0,0,100.0000,100.0000,64,9,0,0,0,9,6,64,62,0,62,0.002,0.000,0.002,0.002,0,62
c17,fixed-32768,32768,3,22,22,0,0,100.0000,100.0000,64,8,0,0,0,8,4,64,62,0,62,0.002,0.000,0.002,0.001,0,62
c17,fixed-32768,32768,4,22,22,0,0,100.0000,100.0000,64,8,0,0,0,8,6,64,62,0,62,0.002,0.000,0.002,0.002,0,62
c17,fixed-32768,32768,5,22,22,0,0,100.0000,100.0000,64,8,0,0,0,8,7,64,62,0,62,0.002,0.000,0.002,0.002,0,62
c17,plateau,64,1,22,22,0,0,100.0000,100.0000,64,7,0,0,0,7,6,64,62,0,62,0.002,0.000,0.002,0.001,0,62
c17,plateau,64,2,22,22,0,0,100.0000,100.0000,64,9,0,0,0,9,6,64,62,0,62,0.002,0.000,0.002,0.002,0,62
c17,plateau,64,3,22,22,0,0,100.0000,100.0000,64,8,0,0,0,8,4,64,62,0,62,0.002,0.000,0.002,0.001,0,62
c17,plateau,64,4,22,22,0,0,100.0000,100.0000,64,8,0,0,0,8,6,64,62,0,62,0.002,0.000,0.002,0.002,0,62
c17,plateau,64,5,22,22,0,0,100.0000,100.0000,64,8,0,0,0,8,7,64,62,0,62,0.002,0.000,0.002,0.002,0,62
c17,stage1,64,1,22,22,0,0,100.0000,100.0000,64,7,0,0,0,7,6,64,62,0,62,0.002,0.000,0.002,0.002,0,62
c17,stage1,64,2,22,22,0,0,100.0000,100.0000,64,9,0,0,0,9,6,64,62,0,62,0.002,0.000,0.002,0.002,0,62
c17,stage1,64,3,22,22,0,0,100.0000,100.0000,64,8,0,0,0,8,4,64,62,0,62,0.002,0.000,0.002,0.001,0,62
c17,stage1,64,4,22,22,0,0,100.0000,100.0000,64,8,0,0,0,8,6,64,62,0,62,0.002,0.000,0.002,0.002,0,62
c17,stage1,64,5,22,22,0,0,100.0000,100.0000,64,8,0,0,0,8,7,64,62,0,62,0.002,0.000,0.002,0.002,0,62
c17,adaptive,64,1,22,22,0,0,100.0000,100.0000,64,7,0,0,0,7,6,64,62,0,62,0.002,0.000,0.002,0.002,0,62
c17,adaptive,64,2,22,22,0,0,100.0000,100.0000,64,9,0,0,0,9,6,64,62,0,62,0.002,0.000,0.002,0.002,0,62
c17,adaptive,64,3,22,22,0,0,100.0000,100.0000,64,8,0,0,0,8,4,64,62,0,62,0.002,0.000,0.002,0.002,0,62
c17,adaptive,64,4,22,22,0,0,100.0000,100.0000,64,8,0,0,0,8,6,64,62,0,62,0.002,0.000,0.002,0.002,0,62
c17,adaptive,64,5,22,22,0,0,100.0000,100.0000,64,8,0,0,0,8,7,64,62,0,62,0.002,0.000,0.002,0.002,0,62
c432,podem,0,1,524,518,0,6,98.8550,98.8550,0,0,68,75,0,68,57,0,0,338803,338803,0.000,22.057,22.057,0.541,145245,193558
c432,podem,0,2,524,520,0,4,99.2366,99.2366,0,0,61,66,0,61,51,0,0,281771,281771,0.000,17.378,17.378,0.519,82924,198847
c432,podem,0,3,524,519,0,5,99.0458,99.0458,0,0,67,72,0,67,56,0,0,261152,261152,0.000,16.544,16.544,0.544,114245,146908
c432,podem,0,4,524,520,0,4,99.2366,99.2366,0,0,72,76,0,72,62,0,0,217670,217670,0.000,14.226,14.226,0.546,82924,134747
c432,podem,0,5,524,519,0,5,99.0458,99.0458,0,0,68,74,0,68,56,0,0,334886,334886,0.000,21.648,21.648,0.555,113676,221210
c432,fixed-64,64,1,524,519,0,5,99.0458,99.0458,64,44,30,36,0,74,54,64,19806,238746,258552,0.432,16.486,16.918,0.515,113676,144876
c432,fixed-64,64,2,524,519,0,5,99.0458,99.0458,64,49,25,31,0,74,55,64,22001,204378,226379,0.477,14.412,14.890,0.546,114245,112134
c432,fixed-64,64,3,524,520,0,4,99.2366,99.2366,64,42,27,31,0,69,58,64,20641,124850,145492,0.445,9.865,10.311,0.533,82924,62568
c432,fixed-64,64,4,524,520,0,4,99.2366,99.2366,64,43,27,32,0,70,53,64,20958,169184,190142,0.432,13.878,14.310,0.570,82924,107218
c432,fixed-64,64,5,524,519,0,5,99.0458,99.0458,64,44,28,34,0,72,57,64,19608,217822,237430,0.416,15.132,15.548,0.558,114245,123185
c432,fixed-96,96,1,524,520,0,4,99.2366,99.2366,128,63,15,19,0,78,57,128,21614,103240,124854,0.503,7.685,8.188,0.529,82924,41931
c432,fixed-96,96,2,524,520,0,4,99.2366,99.2366,128,63,15,19,0,78,57,128,22899,122749,145648,0.483,8.955,9.438,0.525,82924,62724
c432,fixed-96,96,3,524,520,0,4,99.2366,99.2366,128,58,14,18,0,72,54,128,21790,100510,122300,0.463,7.730,8.193,0.530,82924,39377
c432,fixed-96,96,4,524,520,0,4,99.2366,99.2366,128,55,15,19,0,70,50,128,21821,123348,145169,0.527,9.055,9.582,0.518,82924,62245
c432,fixed-96,96,5,524,519,0,5,99.0458,99.0458,128,61,13,18,0,74,53,128,21400,138690,160090,0.450,10.257,10.707,0.541,114245,45846
c432,fixed-128,128,1,524,520,0,4,99.2366,99.2366,128,63,15,19,0,78,57,128,21614,103240,124854,0.478,7.995,8.473,0.546,82924,41931
c432,fixed-128,128,2,524,520,0,4,99.2366,99.2366,128,63,15,19,0,78,57,128,22899,122749,145648,0.497,9.346,9.843,0.525,82924,62724
c432,fixed-128,128,3,524,520,0,4,99.2366,99.2366,128,58,14,18,0,72,54,128,21790,100510,122300,0.498,7.696,8.194,0.569,82924,39377
c432,fixed-128,128,4,524,520,0,4,99.2366,99.2366,128,55,15,19,0,70,50,128,21821,123348,145169,0.548,9.412,9.961,0.580,82924,62245
c432,fixed-128,128,5,524,519,0,5,99.0458,99.0458,128,61,13,18,0,74,53,128,21400,138690,160090,0.467,10.083,10.549,0.547,114245,45846
c432,fixed-192,192,1,524,520,0,4,99.2366,99.2366,192,73,9,13,0,82,56,192,22157,89775,111932,0.521,7.472,7.993,0.564,82924,29009
c432,fixed-192,192,2,524,520,0,4,99.2366,99.2366,192,71,8,12,0,79,57,192,23275,112672,135947,0.562,8.474,9.036,0.506,82924,53024
c432,fixed-192,192,3,524,520,0,4,99.2366,99.2366,192,62,9,13,0,71,53,192,22744,91124,113868,0.507,7.169,7.676,0.530,82924,30945
c432,fixed-192,192,4,524,520,0,4,99.2366,99.2366,192,61,12,16,0,73,52,192,22262,122334,144596,0.539,9.448,9.988,0.547,82924,61672
c432,fixed-192,192,5,524,520,0,4,99.2366,99.2366,192,68,11,15,0,79,59,192,22084,99458,121542,0.499,7.467,7.967,0.518,82924,38618
c432,fixed-256,256,1,524,520,0,4,99.2366,99.2366,256,78,7,11,0,85,58,256,22602,86843,109445,0.474,6.760,7.234,0.509,82924,26522
c432,fixed-256,256,2,524,520,0,4,99.2366,99.2366,256,76,3,7,0,79,54,256,23599,110273,133872,0.514,8.386,8.900,0.601,82924,50949
c432,fixed-256,256,3,524,520,0,4,99.2366,99.2366,256,65,7,11,0,72,52,256,22991,90428,113419,0.500,7.320,7.820,0.529,82924,30495
c432,fixed-256,256,4,524,520,0,4,99.2366,99.2366,256,64,8,12,0,72,52,256,22654,118519,141173,0.498,8.793,9.291,0.539,82924,58250
c432,fixed-256,256,5,524,520,0,4,99.2366,99.2366,256,73,8,12,0,81,58,256,22445,95738,118184,0.488,7.245,7.733,0.512,82924,35260
c432,fixed-384,384,1,524,520,0,4,99.2366,99.2366,384,84,4,8,0,88,59,384,23792,84762,108554,0.533,7.089,7.622,0.797,82924,25630
c432,fixed-384,384,2,524,520,0,4,99.2366,99.2366,384,76,3,7,0,79,54,384,23969,110338,134308,0.552,8.697,9.249,0.559,82924,51384
c432,fixed-384,384,3,524,520,0,4,99.2366,99.2366,384,69,3,7,0,72,53,384,23418,84244,107662,0.534,6.774,7.308,0.541,82924,24739
c432,fixed-384,384,4,524,520,0,4,99.2366,99.2366,384,70,6,10,0,76,56,384,23449,90996,114445,0.486,7.283,7.770,0.543,82924,31522
c432,fixed-384,384,5,524,520,0,4,99.2366,99.2366,384,76,5,9,0,81,60,384,22948,87765,110713,0.543,6.944,7.487,0.531,82924,27790
c432,fixed-512,512,1,524,520,0,4,99.2366,99.2366,512,87,3,7,0,90,60,512,24509,84082,108591,0.532,6.625,7.157,0.528,82924,25668
c432,fixed-512,512,2,524,520,0,4,99.2366,99.2366,512,78,2,6,0,80,56,512,24386,109834,134220,0.535,8.508,9.043,0.532,82924,51296
c432,fixed-512,512,3,524,520,0,4,99.2366,99.2366,512,69,3,7,0,72,53,512,23781,84264,108046,0.530,6.675,7.205,0.541,82924,25122
c432,fixed-512,512,4,524,520,0,4,99.2366,99.2366,512,73,3,7,0,76,58,512,24068,84552,108620,0.529,6.520,7.049,0.551,82924,25696
c432,fixed-512,512,5,524,520,0,4,99.2366,99.2366,512,80,1,5,0,81,60,512,23548,83227,106775,0.498,6.549,7.048,0.551,82924,23852
c432,fixed-768,768,1,524,520,0,4,99.2366,99.2366,768,90,1,5,0,91,61,768,25361,83326,108686,0.585,6.626,7.211,0.529,82924,25763
c432,fixed-768,768,2,524,520,0,4,99.2366,99.2366,768,80,1,5,0,81,54,768,25166,83326,108492,0.604,6.511,7.114,0.552,82924,25568
c432,fixed-768,768,3,524,520,0,4,99.2366,99.2366,768,72,0,4,0,72,55,768,24607,82924,107530,0.575,6.646,7.222,0.588,82924,24607
c432,fixed-768,768,4,524,520,0,4,99.2366,99.2366,768,74,2,6,0,76,57,768,24859,83652,108511,0.542,7.227,7.768,0.553,82924,25588
c432,fixed-768,768,5,524,520,0,4,99.2366,99.2366,768,81,0,4,0,81,60,768,24245,82924,107168,0.660,7.113,7.772,0.552,82924,24245
c432,fixed-1024,1024,1,524,520,0,4,99.2366,99.2366,1024,90,1,5,0,91,61,1024,26053,83326,109380,0.564,6.722,7.285,0.516,82924,26456
c432,fixed-1024,1024,2,524,520,0,4,99.2366,99.2366,1024,81,0,4,0,81,53,1024,25870,82924,108794,0.551,6.399,6.950,0.536,82924,25870
c432,fixed-1024,1024,3,524,520,0,4,99.2366,99.2366,1024,72,0,4,0,72,55,1024,25277,82924,108200,0.554,6.475,7.029,0.535,82924,25277
c432,fixed-1024,1024,4,524,520,0,4,99.2366,99.2366,1024,76,2,6,0,78,59,1024,25636,83614,109250,0.505,6.485,6.990,0.497,82924,26327
c432,fixed-1024,1024,5,524,520,0,4,99.2366,99.2366,1024,81,0,4,0,81,60,1024,24920,82924,107844,0.548,7.374,7.922,0.524,82924,24920
c432,fixed-1536,1536,1,524,520,0,4,99.2366,99.2366,1536,91,0,4,0,91,61,1536,27447,82924,110370,0.548,6.476,7.024,0.512,82924,27447
c432,fixed-1536,1536,2,524,520,0,4,99.2366,99.2366,1536,81,0,4,0,81,53,1536,27226,82924,110150,0.561,6.554,7.115,0.590,82924,27226
c432,fixed-1536,1536,3,524,520,0,4,99.2366,99.2366,1536,72,0,4,0,72,55,1536,26624,82924,109548,0.523,6.510,7.034,0.517,82924,26624
c432,fixed-1536,1536,4,524,520,0,4,99.2366,99.2366,1536,77,1,5,0,78,59,1536,27061,83209,110270,0.518,6.484,7.003,0.500,82924,27346
c432,fixed-1536,1536,5,524,520,0,4,99.2366,99.2366,1536,81,0,4,0,81,60,1536,26263,82924,109186,0.595,6.604,7.198,0.532,82924,26263
c432,fixed-2048,2048,1,524,520,0,4,99.2366,99.2366,2048,91,0,4,0,91,61,2048,28792,82924,111716,0.534,6.600,7.134,0.510,82924,28792
c432,fixed-2048,2048,2,524,520,0,4,99.2366,99.2366,2048,81,0,4,0,81,53,2048,28569,82924,111492,0.531,6.852,7.384,0.508,82924,28569
c432,fixed-2048,2048,3,524,520,0,4,99.2366,99.2366,2048,72,0,4,0,72,55,2048,27972,82924,110896,0.540,6.536,7.076,0.557,82924,27972
c432,fixed-2048,2048,4,524,520,0,4,99.2366,99.2366,2048,78,0,4,0,78,59,2048,28419,82924,111342,0.542,6.511,7.054,0.539,82924,28419
c432,fixed-2048,2048,5,524,520,0,4,99.2366,99.2366,2048,81,0,4,0,81,60,2048,27605,82924,110528,0.573,6.377,6.951,0.501,82924,27605
c432,fixed-3072,3072,1,524,520,0,4,99.2366,99.2366,3072,91,0,4,0,91,61,3072,31486,82924,114410,0.571,6.428,6.999,0.527,82924,31486
c432,fixed-3072,3072,2,524,520,0,4,99.2366,99.2366,3072,81,0,4,0,81,53,3072,31261,82924,114184,0.528,6.557,7.085,0.512,82924,31261
c432,fixed-3072,3072,3,524,520,0,4,99.2366,99.2366,3072,72,0,4,0,72,55,3072,30670,82924,113594,0.580,6.581,7.161,0.520,82924,30670
c432,fixed-3072,3072,4,524,520,0,4,99.2366,99.2366,3072,78,0,4,0,78,59,3072,31106,82924,114030,0.550,6.413,6.963,0.523,82924,31106
c432,fixed-3072,3072,5,524,520,0,4,99.2366,99.2366,3072,81,0,4,0,81,60,3072,30301,82924,113224,0.534,6.461,6.995,0.505,82924,30301
c432,fixed-4096,4096,1,524,520,0,4,99.2366,99.2366,4096,91,0,4,0,91,61,4096,34172,82924,117096,0.631,6.522,7.154,0.530,82924,34172
c432,fixed-4096,4096,2,524,520,0,4,99.2366,99.2366,4096,81,0,4,0,81,53,4096,33953,82924,116876,0.545,6.470,7.014,0.511,82924,33953
c432,fixed-4096,4096,3,524,520,0,4,99.2366,99.2366,4096,72,0,4,0,72,55,4096,33362,82924,116286,0.568,6.491,7.059,0.550,82924,33362
c432,fixed-4096,4096,4,524,520,0,4,99.2366,99.2366,4096,78,0,4,0,78,59,4096,33799,82924,116722,0.564,6.461,7.025,0.522,82924,33799
c432,fixed-4096,4096,5,524,520,0,4,99.2366,99.2366,4096,81,0,4,0,81,60,4096,32995,82924,115918,0.563,6.446,7.009,0.515,82924,32995
c432,fixed-6144,6144,1,524,520,0,4,99.2366,99.2366,6144,91,0,4,0,91,61,6144,39551,82924,122474,0.649,6.387,7.036,0.540,82924,39551
c432,fixed-6144,6144,2,524,520,0,4,99.2366,99.2366,6144,81,0,4,0,81,53,6144,39345,82924,122268,0.640,6.419,7.060,0.507,82924,39345
c432,fixed-6144,6144,3,524,520,0,4,99.2366,99.2366,6144,72,0,4,0,72,55,6144,38756,82924,121680,0.608,6.634,7.243,0.537,82924,38756
c432,fixed-6144,6144,4,524,520,0,4,99.2366,99.2366,6144,78,0,4,0,78,59,6144,39187,82924,122110,0.611,6.397,7.008,0.521,82924,39187
c432,fixed-6144,6144,5,524,520,0,4,99.2366,99.2366,6144,81,0,4,0,81,60,6144,38376,82924,121300,0.558,6.428,6.986,0.502,82924,38376
c432,fixed-8192,8192,1,524,520,0,4,99.2366,99.2366,8192,91,0,4,0,91,61,8192,44943,82924,127866,0.641,6.532,7.173,0.531,82924,44943
c432,fixed-8192,8192,2,524,520,0,4,99.2366,99.2366,8192,81,0,4,0,81,53,8192,44735,82924,127658,0.614,6.413,7.027,0.524,82924,44735
c432,fixed-8192,8192,3,524,520,0,4,99.2366,99.2366,8192,72,0,4,0,72,55,8192,44143,82924,127066,0.595,6.520,7.115,0.533,82924,44143
c432,fixed-8192,8192,4,524,520,0,4,99.2366,99.2366,8192,78,0,4,0,78,59,8192,44579,82924,127502,0.622,6.401,7.022,0.552,82924,44579
c432,fixed-8192,8192,5,524,520,0,4,99.2366,99.2366,8192,81,0,4,0,81,60,8192,43751,82924,126674,0.582,6.513,7.096,0.517,82924,43751
c432,fixed-12288,12288,1,524,520,0,4,99.2366,99.2366,12288,91,0,4,0,91,61,12288,55721,82924,138644,0.699,6.408,7.107,0.509,82924,55721
c432,fixed-12288,12288,2,524,520,0,4,99.2366,99.2366,12288,81,0,4,0,81,53,12288,55506,82924,138430,0.701,6.412,7.114,0.600,82924,55506
c432,fixed-12288,12288,3,524,520,0,4,99.2366,99.2366,12288,72,0,4,0,72,55,12288,54917,82924,137840,0.681,6.458,7.139,0.535,82924,54917
c432,fixed-12288,12288,4,524,520,0,4,99.2366,99.2366,12288,78,0,4,0,78,59,12288,55347,82924,138270,0.671,6.527,7.199,0.504,82924,55347
c432,fixed-12288,12288,5,524,520,0,4,99.2366,99.2366,12288,81,0,4,0,81,60,12288,54518,82924,137442,0.680,6.500,7.180,0.525,82924,54518
c432,fixed-16384,16384,1,524,520,0,4,99.2366,99.2366,16384,91,0,4,0,91,61,16384,66495,82924,149418,0.768,6.511,7.278,0.565,82924,66495
c432,fixed-16384,16384,2,524,520,0,4,99.2366,99.2366,16384,81,0,4,0,81,53,16384,66263,82924,149186,0.739,6.474,7.213,0.552,82924,66263
c432,fixed-16384,16384,3,524,520,0,4,99.2366,99.2366,16384,72,0,4,0,72,55,16384,65682,82924,148606,0.712,6.646,7.358,0.535,82924,65682
c432,fixed-16384,16384,4,524,520,0,4,99.2366,99.2366,16384,78,0,4,0,78,59,16384,66118,82924,149042,0.703,6.489,7.192,0.503,82924,66118
c432,fixed-16384,16384,5,524,520,0,4,99.2366,99.2366,16384,81,0,4,0,81,60,16384,65297,82924,148220,0.729,6.460,7.189,0.508,82924,65297
c432,fixed-24576,24576,1,524,520,0,4,99.2366,99.2366,24576,91,0,4,0,91,61,24576,88024,82924,170948,0.872,6.549,7.421,0.511,82924,88024
c432,fixed-24576,24576,2,524,520,0,4,99.2366,99.2366,24576,81,0,4,0,81,53,24576,87801,82924,170724,0.860,6.567,7.427,0.518,82924,87801
c432,fixed-24576,24576,3,524,520,0,4,99.2366,99.2366,24576,72,0,4,0,72,55,24576,87233,82924,170156,0.822,6.386,7.209,0.556,82924,87233
c432,fixed-24576,24576,4,524,520,0,4,99.2366,99.2366,24576,78,0,4,0,78,59,24576,87650,82924,170574,0.858,6.445,7.303,0.535,82924,87650
c432,fixed-24576,24576,5,524,520,0,4,99.2366,99.2366,24576,81,0,4,0,81,60,24576,86847,82924,169770,0.829,6.554,7.383,0.539,82924,86847
c432,fixed-32768,32768,1,524,520,0,4,99.2366,99.2366,32768,91,0,4,0,91,61,32768,109582,82924,192506,0.960,6.450,7.410,0.529,82924,109582
c432,fixed-32768,32768,2,524,520,0,4,99.2366,99.2366,32768,81,0,4,0,81,53,32768,109358,82924,192282,0.972,6.573,7.545,0.562,82924,109358
c432,fixed-32768,32768,3,524,520,0,4,99.2366,99.2366,32768,72,0,4,0,72,55,32768,108753,82924,191676,0.964,6.490,7.454,0.546,82924,108753
c432,fixed-32768,32768,4,524,520,0,4,99.2366,99.2366,32768,78,0,4,0,78,59,32768,109190,82924,192114,0.977,6.568,7.545,0.523,82924,109190
c432,fixed-32768,32768,5,524,520,0,4,99.2366,99.2366,32768,81,0,4,0,81,60,32768,108399,82924,191322,0.940,6.408,7.347,0.532,82924,108399
c432,plateau,1152,1,524,520,0,4,99.2366,99.2366,1152,90,1,5,0,91,61,1152,26395,83328,109722,0.525,6.557,7.082,0.527,82924,26799
c432,plateau,1152,2,524,520,0,4,99.2366,99.2366,1152,81,0,4,0,81,53,1152,26208,82924,109132,0.543,6.446,6.989,0.538,82924,26208
c432,plateau,1152,3,524,520,0,4,99.2366,99.2366,1152,72,0,4,0,72,55,1152,25615,82924,108538,0.531,6.361,6.892,0.556,82924,25615
c432,plateau,896,4,524,520,0,4,99.2366,99.2366,896,74,2,6,0,76,57,896,25224,83655,108879,0.531,6.482,7.014,0.503,82924,25956
c432,plateau,960,5,524,520,0,4,99.2366,99.2366,960,81,0,4,0,81,60,960,24749,82924,107672,0.514,6.494,7.008,0.533,82924,24749
c432,stage1,1472,1,524,520,0,4,99.2366,99.2366,1472,90,1,5,0,91,61,1472,27252,83322,110574,0.558,6.535,7.093,0.507,82924,27651
c432,stage1,1088,2,524,520,0,4,99.2366,99.2366,1088,81,0,4,0,81,53,1088,26038,82924,108962,0.552,6.402,6.954,0.535,82924,26038
c432,stage1,1472,3,524,520,0,4,99.2366,99.2366,1472,72,0,4,0,72,55,1472,26455,82924,109378,0.517,6.972,7.489,0.580,82924,26455
c432,stage1,1088,4,524,520,0,4,99.2366,99.2366,1088,76,2,6,0,78,59,1088,25815,83614,109428,0.554,6.593,7.147,0.558,82924,26505
c432,stage1,960,5,524,520,0,4,99.2366,99.2366,960,81,0,4,0,81,60,960,24749,82924,107672,0.528,6.444,6.972,0.506,82924,24749
c432,adaptive,1472,1,524,520,0,4,99.2366,99.2366,1472,90,1,5,5,91,61,1472,27252,83328,110580,0.571,6.432,7.003,0.535,82924,27656
c432,adaptive,1088,2,524,520,0,4,99.2366,99.2366,1088,81,0,4,4,81,53,1088,26038,82924,108962,0.512,6.531,7.043,0.512,82924,26038
c432,adaptive,1472,3,524,520,0,4,99.2366,99.2366,1472,72,0,4,4,72,55,1472,26455,82924,109378,0.544,6.448,6.992,0.565,82924,26455
c432,adaptive,1088,4,524,520,0,4,99.2366,99.2366,1088,76,1,5,5,77,58,1088,25815,83332,109147,0.537,6.558,7.095,0.528,82924,26224
c432,adaptive,960,5,524,520,0,4,99.2366,99.2366,960,81,0,4,4,81,60,960,24749,82924,107672,0.578,6.594,7.172,0.513,82924,24749
c499,podem,0,1,758,750,0,8,98.9446,98.9446,0,0,81,89,0,81,68,0,0,481967,481967,0.000,18.418,18.418,0.440,389547,92420
c499,podem,0,2,758,750,0,8,98.9446,98.9446,0,0,78,86,0,78,70,0,0,478071,478071,0.000,18.230,18.230,0.416,389547,88524
c499,podem,0,3,758,750,0,8,98.9446,98.9446,0,0,75,83,0,75,68,0,0,479568,479568,0.000,18.436,18.436,0.430,389547,90022
c499,podem,0,4,758,750,0,8,98.9446,98.9446,0,0,80,88,0,80,69,0,0,480224,480224,0.000,18.651,18.651,0.413,389547,90677
c499,podem,0,5,758,750,0,8,98.9446,98.9446,0,0,71,79,0,71,65,0,0,476520,476520,0.000,18.966,18.966,0.480,389547,86973
c499,fixed-64,64,1,758,750,0,8,98.9446,98.9446,64,38,33,41,0,71,58,64,23196,405071,428267,0.375,17.137,17.511,0.459,389547,38720
c499,fixed-64,64,2,758,750,0,8,98.9446,98.9446,64,43,33,41,0,76,58,64,23856,405464,429320,0.391,16.392,16.783,0.423,389547,39773
c499,fixed-64,64,3,758,750,0,8,98.9446,98.9446,64,30,34,42,0,64,57,64,23262,406179,429441,0.353,15.383,15.736,0.411,389547,39894
c499,fixed-64,64,4,758,750,0,8,98.9446,98.9446,64,30,34,42,0,64,56,64,23658,405310,428968,0.375,15.347,15.722,0.408,389547,39422
c499,fixed-64,64,5,758,750,0,8,98.9446,98.9446,64,34,34,42,0,68,58,64,23298,405718,429016,0.464,15.218,15.682,0.435,389547,39470
c499,fixed-96,96,1,758,750,0,8,98.9446,98.9446,128,46,25,33,0,71,56,128,23659,400116,423775,0.373,15.153,15.526,0.437,389547,34228
c499,fixed-96,96,2,758,750,0,8,98.9446,98.9446,128,51,25,33,0,76,57,128,24359,400902,425262,0.371,15.026,15.398,0.428,389547,35715
c499,fixed-96,96,3,758,750,0,8,98.9446,98.9446,128,44,22,30,0,66,55,128,23793,399332,423125,0.429,15.161,15.590,0.466,389547,33578
c499,fixed-96,96,4,758,750,0,8,98.9446,98.9446,128,43,21,29,0,64,54,128,24110,398897,423007,0.367,15.192,15.559,0.502,389547,33460
c499,fixed-96,96,5,758,750,0,8,98.9446,98.9446,128,49,22,30,0,71,56,128,23821,399145,422966,0.364,15.092,15.456,0.542,389547,33419
c499,fixed-128,128,1,758,750,0,8,98.9446,98.9446,128,46,25,33,0,71,56,128,23659,400116,423775,0.364,15.933,16.297,0.429,389547,34228
c499,fixed-128,128,2,758,750,0,8,98.9446,98.9446,128,51,25,33,0,76,57,128,24359,400902,425262,0.485,16.254,16.739,0.539,389547,35715
c499,fixed-128,128,3,758,750,0,8,98.9446,98.9446,128,44,22,30,0,66,55,128,23793,399332,423125,0.368,15.584,15.953,0.448,389547,33578
c499,fixed-128,128,4,758,750,0,8,98.9446,98.9446,128,43,21,29,0,64,54,128,24110,398897,423007,0.386,15.199,15.585,0.436,389547,33460
c499,fixed-128,128,5,758,750,0,8,98.9446,98.9446,128,49,22,30,0,71,56,128,23821,399145,422966,0.384,15.068,15.452,0.436,389547,33419
c499,fixed-192,192,1,758,750,0,8,98.9446,98.9446,192,53,18,26,0,71,54,192,23995,396948,420944,0.380,15.214,15.594,0.442,389547,31397
c499,fixed-192,192,2,758,750,0,8,98.9446,98.9446,192,59,17,25,0,76,56,192,24757,397100,421857,0.393,15.101,15.494,0.442,389547,32310
c499,fixed-192,192,3,758,750,0,8,98.9446,98.9446,192,48,18,26,0,66,55,192,24131,397240,421371,0.391,15.118,15.509,0.425,389547,31824
c499,fixed-192,192,4,758,750,0,8,98.9446,98.9446,192,50,14,22,0,64,54,192,24480,395097,419577,0.386,15.067,15.453,0.441,389547,30030
c499,fixed-192,192,5,758,750,0,8,98.9446,98.9446,192,56,15,23,0,71,56,192,24198,396042,420240,0.394,15.168,15.562,0.440,389547,30693
c499,fixed-256,256,1,758,750,0,8,98.9446,98.9446,256,56,15,23,0,71,54,256,24313,395361,419674,0.384,15.065,15.449,0.441,389547,30127
c499,fixed-256,256,2,758,750,0,8,98.9446,98.9446,256,64,12,20,0,76,56,256,25070,394235,419305,0.399,15.205,15.605,0.443,389547,29758
c499,fixed-256,256,3,758,750,0,8,98.9446,98.9446,256,49,17,25,0,66,55,256,24486,396535,421021,0.396,15.044,15.440,0.437,389547,31474
c499,fixed-256,256,4,758,750,0,8,98.9446,98.9446,256,55,9,17,0,64,54,256,24780,393080,417860,0.392,15.237,15.629,0.453,389547,28313
c499,fixed-256,256,5,758,750,0,8,98.9446,98.9446,256,64,8,16,0,72,55,256,24557,392674,417231,0.399,15.113,15.512,0.453,389547,27684
c499,fixed-384,384,1,758,750,0,8,98.9446,98.9446,384,65,6,14,0,71,54,384,24857,391870,416727,0.390,14.979,15.369,0.451,389547,27180
c499,fixed-384,384,2,758,750,0,8,98.9446,98.9446,384,69,7,15,0,76,56,384,25673,392285,417958,0.406,15.161,15.567,0.452,389547,28411
c499,fixed-384,384,3,758,750,0,8,98.9446,98.9446,384,57,9,17,0,66,55,384,25092,393014,418106,0.403,15.143,15.546,0.443,389547,28560
c499,fixed-384,384,4,758,750,0,8,98.9446,98.9446,384,59,5,13,0,64,54,384,25348,391504,416852,0.402,14.859,15.261,0.434,389547,27305
c499,fixed-384,384,5,758,750,0,8,98.9446,98.9446,384,68,4,12,0,72,55,384,25125,391115,416240,0.407,14.875,15.283,0.462,389547,26693
c499,fixed-512,512,1,758,750,0,8,98.9446,98.9446,512,68,3,11,0,71,54,512,25440,390701,416141,0.375,16.368,16.743,0.571,389547,26594
c499,fixed-512,512,2,758,750,0,8,98.9446,98.9446,512,71,5,13,0,76,56,512,26203,391504,417708,0.533,16.158,16.692,0.516,389547,28161
c499,fixed-512,512,3,758,750,0,8,98.9446,98.9446,512,61,5,13,0,66,55,512,25660,391472,417132,0.442,15.563,16.005,0.503,389547,27585
c499,fixed-512,512,4,758,750,0,8,98.9446,98.9446,512,62,2,10,0,64,54,512,25915,390318,416233,0.427,15.738,16.165,0.486,389547,26686
c499,fixed-512,512,5,758,750,0,8,98.9446,98.9446,512,69,3,11,0,72,55,512,25674,390725,416399,0.409,15.619,16.029,0.471,389547,26852
c499,fixed-768,768,1,758,750,0,8,98.9446,98.9446,768,69,2,10,0,71,54,768,26537,390327,416864,0.437,15.886,16.323,0.560,389547,27318
c499,fixed-768,768,2,758,750,0,8,98.9446,98.9446,768,75,1,9,0,76,56,768,27303,389936,417240,0.456,15.433,15.889,0.492,389547,27693
c499,fixed-768,768,3,758,750,0,8,98.9446,98.9446,768,65,1,9,0,66,55,768,26792,389920,416712,0.420,15.685,16.104,0.468,389547,27166
c499,fixed-768,768,4,758,750,0,8,98.9446,98.9446,768,63,1,9,0,64,54,768,27028,389944,416972,0.457,15.520,15.977,0.511,389547,27426
c499,fixed-768,768,5,758,750,0,8,98.9446,98.9446,768,71,1,9,0,72,55,768,26788,389937,416725,0.422,15.495,15.917,0.469,389547,27178
c499,fixed-1024,1024,1,758,750,0,8,98.9446,98.9446,1024,69,2,10,0,71,54,1024,27649,390327,417976,0.435,15.858,16.293,0.465,389547,28430
c499,fixed-1024,1024,2,758,750,0,8,98.9446,98.9446,1024,76,0,8,0,76,56,1024,28384,389547,417931,0.446,15.712,16.158,0.523,389547,28384
c499,fixed-1024,1024,3,758,750,0,8,98.9446,98.9446,1024,66,0,8,0,66,55,1024,27885,389547,417432,0.425,15.532,15.957,0.467,389547,27885
c499,fixed-1024,1024,4,758,750,0,8,98.9446,98.9446,1024,63,1,9,0,64,54,1024,28172,389944,418116,0.439,15.481,15.920,0.480,389547,28570
c499,fixed-1024,1024,5,758,750,0,8,98.9446,98.9446,1024,72,0,8,0,72,55,1024,27981,389547,417528,0.416,15.807,16.223,0.471,389547,27981
c499,fixed-1536,1536,1,758,750,0,8,98.9446,98.9446,1536,71,0,8,0,71,54,1536,29779,389547,419326,0.473,15.592,16.065,0.493,389547,29779
c499,fixed-1536,1536,2,758,750,0,8,98.9446,98.9446,1536,76,0,8,0,76,56,1536,30640,389547,420187,0.464,15.478,15.943,0.475,389547,30640
c499,fixed-1536,1536,3,758,750,0,8,98.9446,98.9446,1536,66,0,8,0,66,55,1536,30061,389547,419608,0.443,15.466,15.909,0.507,389547,30061
c499,fixed-1536,1536,4,758,750,0,8,98.9446,98.9446,1536,63,1,9,0,64,54,1536,30484,389944,420428,0.446,16.088,16.534,0.474,389547,30882
c499,fixed-1536,1536,5,758,750,0,8,98.9446,98.9446,1536,72,0,8,0,72,55,1536,30125,389547,419672,0.435,15.171,15.606,0.453,389547,30125
c499,fixed-2048,2048,1,758,750,0,8,98.9446,98.9446,2048,71,0,8,0,71,54,2048,31999,389547,421546,0.447,15.188,15.636,0.454,389547,31999
c499,fixed-2048,2048,2,758,750,0,8,98.9446,98.9446,2048,76,0,8,0,76,56,2048,32876,389547,422423,0.475,15.438,15.914,0.486,389547,32876
c499,fixed-2048,2048,3,758,750,0,8,98.9446,98.9446,2048,66,0,8,0,66,55,2048,32217,389547,421764,0.469,15.787,16.256,0.450,389547,32217
c499,fixed-2048,2048,4,758,750,0,8,98.9446,98.9446,2048,64,0,8,0,64,54,2048,32657,389547,422204,0.499,14.986,15.485,0.442,389547,32657
c499,fixed-2048,2048,5,758,750,0,8,98.9446,98.9446,2048,72,0,8,0,72,55,2048,32477,389547,422024,0.489,14.987,15.476,0.462,389547,32477
c499,fixed-3072,3072,1,758,750,0,8,98.9446,98.9446,3072,71,0,8,0,71,54,3072,36275,389547,425822,0.507,14.937,15.444,0.441,389547,36275
c499,fixed-3072,3072,2,758,750,0,8,98.9446,98.9446,3072,76,0,8,0,76,56,3072,37352,389547,426899,0.514,14.653,15.166,0.431,389547,37352
c499,fixed-3072,3072,3,758,750,0,8,98.9446,98.9446,3072,66,0,8,0,66,55,3072,36529,389547,426076,0.443,15.012,15.455,0.483,389547,36529
c499,fixed-3072,3072,4,758,750,0,8,98.9446,98.9446,3072,64,0,8,0,64,54,3072,37089,389547,426636,0.440,14.179,14.620,0.427,389547,37089
c499,fixed-3072,3072,5,758,750,0,8,98.9446,98.9446,3072,72,0,8,0,72,55,3072,37005,389547,426552,0.460,14.258,14.718,0.444,389547,37005
c499,fixed-4096,4096,1,758,750,0,8,98.9446,98.9446,4096,71,0,8,0,71,54,4096,40787,389547,430334,0.497,14.509,15.006,0.453,389547,40787
c499,fixed-4096,4096,2,758,750,0,8,98.9446,98.9446,4096,76,0,8,0,76,56,4096,41748,389547,431295,0.471,14.324,14.795,0.461,389547,41748
c499,fixed-4096,4096,3,758,750,0,8,98.9446,98.9446,4096,66,0,8,0,66,55,4096,40925,389547,430472,0.486,14.454,14.941,0.429,389547,40925
c499,fixed-4096,4096,4,758,750,0,8,98.9446,98.9446,4096,64,0,8,0,64,54,4096,41481,389547,431028,0.506,14.378,14.885,0.451,389547,41481
c499,fixed-4096,4096,5,758,750,0,8,98.9446,98.9446,4096,72,0,8,0,72,55,4096,41481,389547,431028,0.474,14.334,14.808,0.429,389547,41481
c499,fixed-6144,6144,1,758,750,0,8,98.9446,98.9446,6144,71,0,8,0,71,54,6144,49439,389547,438986,0.550,14.483,15.034,0.448,389547,49439
c499,fixed-6144,6144,2,758,750,0,8,98.9446,98.9446,6144,76,0,8,0,76,56,6144,50564,389547,440111,0.537,14.849,15.386,0.615,389547,50564
c499,fixed-6144,6144,3,758,750,0,8,98.9446,98.9446,6144,66,0,8,0,66,55,6144,49881,389547,439428,0.630,15.592,16.221,0.453,389547,49881
c499,fixed-6144,6144,4,758,750,0,8,98.9446,98.9446,6144,64,0,8,0,64,54,6144,50581,389547,440128,0.547,15.464,16.011,0.448,389547,50581
c499,fixed-6144,6144,5,758,750,0,8,98.9446,98.9446,6144,72,0,8,0,72,55,6144,50361,389547,439908,0.580,15.172,15.752,0.462,389547,50361
c499,fixed-8192,8192,1,758,750,0,8,98.9446,98.9446,8192,71,0,8,0,71,54,8192,58475,389547,448022,0.666,14.625,15.291,0.436,389547,58475
c499,fixed-8192,8192,2,758,750,0,8,98.9446,98.9446,8192,76,0,8,0,76,56,8192,59292,389547,448839,0.620,14.978,15.598,0.443,389547,59292
c499,fixed-8192,8192,3,758,750,0,8,98.9446,98.9446,8192,66,0,8,0,66,55,8192,58789,389547,448336,0.643,15.308,15.951,0.626,389547,58789
c499,fixed-8192,8192,4,758,750,0,8,98.9446,98.9446,8192,64,0,8,0,64,54,8192,59581,389547,449128,0.676,14.796,15.472,0.491,389547,59581
c499,fixed-8192,8192,5,758,750,0,8,98.9446,98.9446,8192,72,0,8,0,72,55,8192,59177,389547,448724,0.607,14.894,15.502,0.490,389547,59177
c499,fixed-12288,12288,1,758,750,0,8,98.9446,98.9446,12288,71,0,8,0,71,54,12288,76407,389547,465954,0.735,14.949,15.684,0.501,389547,76407
c499,fixed-12288,12288,2,758,750,0,8,98.9446,98.9446,12288,76,0,8,0,76,56,12288,77044,389547,466591,0.745,14.902,15.647,0.471,389547,77044
c499,fixed-12288,12288,3,758,750,0,8,98.9446,98.9446,12288,66,0,8,0,66,55,12288,76641,389547,466188,0.729,14.946,15.675,0.435,389547,76641
c499,fixed-12288,12288,4,758,750,0,8,98.9446,98.9446,12288,64,0,8,0,64,54,12288,77653,389547,467200,0.767,15.474,16.242,0.462,389547,77653
c499,fixed-12288,12288,5,758,750,0,8,98.9446,98.9446,12288,72,0,8,0,72,55,12288,77037,389547,466584,0.731,18.249,18.980,0.523,389547,77037
c499,fixed-16384,16384,1,758,750,0,8,98.9446,98.9446,16384,71,0,8,0,71,54,16384,94051,389547,483598,0.941,16.199,17.140,0.472,389547,94051
c499,fixed-16384,16384,2,758,750,0,8,98.9446,98.9446,16384,76,0,8,0,76,56,16384,94980,389547,484527,0.903,15.769,16.672,0.589,389547,94980
c499,fixed-16384,16384,3,758,750,0,8,98.9446,98.9446,16384,66,0,8,0,66,55,16384,94137,389547,483684,0.956,16.762,17.718,0.572,389547,94137
c499,fixed-16384,16384,4,758,750,0,8,98.9446,98.9446,16384,64,0,8,0,64,54,16384,95365,389547,484912,0.932,19.459,20.391,0.633,389547,95365
c499,fixed-16384,16384,5,758,750,0,8,98.9446,98.9446,16384,72,0,8,0,72,55,16384,94933,389547,484480,1.225,16.607,17.832,0.653,389547,94933
c499,fixed-24576,24576,1,758,750,0,8,98.9446,98.9446,24576,71,0,8,0,71,54,24576,129351,389547,518898,1.191,16.205,17.397,0.500,389547,129351
c499,fixed-24576,24576,2,758,750,0,8,98.9446,98.9446,24576,76,0,8,0,76,56,24576,130664,389547,520211,1.182,16.749,17.931,0.575,389547,130664
c499,fixed-24576,24576,3,758,750,0,8,98.9446,98.9446,24576,66,0,8,0,66,55,24576,129689,389547,519236,1.328,18.962,20.290,0.556,389547,129689
c499,fixed-24576,24576,4,758,750,0,8,98.9446,98.9446,24576,64,0,8,0,64,54,24576,131329,389547,520876,1.301,17.781,19.082,0.484,389547,131329
c499,fixed-24576,24576,5,758,750,0,8,98.9446,98.9446,24576,72,0,8,0,72,55,24576,129917,389547,519464,1.150,18.440,19.590,0.602,389547,129917
c499,fixed-32768,32768,1,758,750,0,8,98.9446,98.9446,32768,71,0,8,0,71,54,32768,164739,389547,554286,1.631,17.446,19.077,0.645,389547,164739
c499,fixed-32768,32768,2,758,750,0,8,98.9446,98.9446,32768,76,0,8,0,76,56,32768,166028,389547,555575,1.734,18.440,20.173,0.481,389547,166028
c499,fixed-32768,32768,3,758,750,0,8,98.9446,98.9446,32768,66,0,8,0,66,55,32768,165057,389547,554604,1.380,17.398,18.778,0.491,389547,165057
c499,fixed-32768,32768,4,758,750,0,8,98.9446,98.9446,32768,64,0,8,0,64,54,32768,166669,389547,556216,1.410,16.215,17.626,0.535,389547,166669
c499,fixed-32768,32768,5,758,750,0,8,98.9446,98.9446,32768,72,0,8,0,72,55,32768,165217,389547,554764,1.464,16.865,18.330,0.517,389547,165217
c499,plateau,832,1,758,750,0,8,98.9446,98.9446,832,69,2,10,0,71,54,832,26803,390327,417130,0.415,15.842,16.257,0.510,389547,27584
c499,plateau,1152,2,758,750,0,8,98.9446,98.9446,1152,76,0,8,0,76,56,1152,28916,389547,418463,0.442,15.884,16.327,0.544,389547,28916
c499,plateau,1024,3,758,750,0,8,98.9446,98.9446,1024,66,0,8,0,66,55,1024,27885,389547,417432,0.435,15.770,16.205,0.474,389547,27885
c499,plateau,896,4,758,750,0,8,98.9446,98.9446,896,63,1,9,0,64,54,896,27592,389944,417536,0.447,15.668,16.114,0.480,389547,27990
c499,plateau,1088,5,758,750,0,8,98.9446,98.9446,1088,72,0,8,0,72,55,1088,28247,389547,417794,0.460,15.682,16.142,0.496,389547,28247
c499,stage1,896,1,758,750,0,8,98.9446,98.9446,896,69,2,10,0,71,54,896,27053,390327,417380,0.439,15.740,16.180,0.477,389547,27834
c499,stage1,1280,2,758,750,0,8,98.9446,98.9446,1280,76,0,8,0,76,56,1280,29480,389547,419027,0.475,15.693,16.168,0.486,389547,29480
c499,stage1,1280,3,758,750,0,8,98.9446,98.9446,1280,66,0,8,0,66,55,1280,28997,389547,418544,0.479,15.922,16.401,0.692,389547,28997
c499,stage1,1216,4,758,750,0,8,98.9446,98.9446,1216,63,1,9,0,64,54,1216,28998,389944,418942,0.659,19.623,20.282,0.493,389547,29396
c499,stage1,1280,5,758,750,0,8,98.9446,98.9446,1280,72,0,8,0,72,55,1280,29029,389547,418576,0.498,16.991,17.489,0.484,389547,29029
c499,adaptive,896,1,758,750,0,8,98.9446,98.9446,896,69,2,10,10,71,54,896,27053,390327,417380,0.545,16.723,17.267,0.494,389547,27834
c499,adaptive,1280,2,758,750,0,8,98.9446,98.9446,1280,76,0,8,8,76,56,1280,29480,389547,419027,0.465,15.801,16.266,0.556,389547,29480
c499,adaptive,1280,3,758,750,0,8,98.9446,98.9446,1280,66,0,8,8,66,55,1280,28997,389547,418544,0.508,15.674,16.182,0.493,389547,28997
c499,adaptive,1216,4,758,750,0,8,98.9446,98.9446,1216,63,1,9,9,64,54,1216,28998,389944,418942,0.450,15.659,16.109,0.462,389547,29396
c499,adaptive,1280,5,758,750,0,8,98.9446,98.9446,1280,72,0,8,8,72,55,1280,29029,389547,418576,0.477,15.801,16.278,0.487,389547,29029
c880,podem,0,1,942,942,0,0,100.0000,100.0000,0,0,87,87,0,87,65,0,0,100212,100212,0.000,2.635,2.635,0.767,0,100212
c880,podem,0,2,942,942,0,0,100.0000,100.0000,0,0,74,74,0,74,61,0,0,87601,87601,0.000,2.332,2.332,0.723,0,87601
c880,podem,0,3,942,942,0,0,100.0000,100.0000,0,0,79,79,0,79,64,0,0,97193,97193,0.000,2.537,2.537,0.739,0,97193
c880,podem,0,4,942,942,0,0,100.0000,100.0000,0,0,83,83,0,83,64,0,0,95411,95411,0.000,2.448,2.448,0.755,0,95411
c880,podem,0,5,942,942,0,0,100.0000,100.0000,0,0,79,79,0,79,64,0,0,88734,88734,0.000,2.218,2.218,0.710,0,88734
c880,fixed-64,64,1,942,942,0,0,100.0000,100.0000,64,44,49,49,0,93,72,64,23491,42549,66040,0.516,1.052,1.568,0.735,0,66040
c880,fixed-64,64,2,942,942,0,0,100.0000,100.0000,64,50,48,48,0,98,70,64,22173,45553,67726,0.506,1.121,1.626,0.704,0,67726
c880,fixed-64,64,3,942,942,0,0,100.0000,100.0000,64,46,45,45,0,91,70,64,24121,39871,63992,0.590,0.961,1.551,0.734,0,63992
c880,fixed-64,64,4,942,942,0,0,100.0000,100.0000,64,44,48,48,0,92,73,64,23027,43566,66593,0.516,1.049,1.565,0.775,0,66593
c880,fixed-64,64,5,942,942,0,0,100.0000,100.0000,64,49,48,48,0,97,67,64,22826,44506,67332,0.505,1.081,1.586,0.716,0,67332
c880,fixed-96,96,1,942,942,0,0,100.0000,100.0000,128,64,30,30,0,94,61,128,26176,27970,54146,0.607,0.717,1.324,0.774,0,54146
c880,fixed-96,96,2,942,942,0,0,100.0000,100.0000,128,64,36,36,0,100,69,128,24453,32938,57390,0.573,0.809,1.381,0.758,0,57390
c880,fixed-96,96,3,942,942,0,0,100.0000,100.0000,128,65,30,30,0,95,67,128,26299,26098,52397,0.594,0.712,1.306,0.777,0,52397
c880,fixed-96,96,4,942,942,0,0,100.0000,100.0000,128,62,33,33,0,95,65,128,25054,29635,54689,0.568,0.743,1.311,0.722,0,54689
c880,fixed-96,96,5,942,942,0,0,100.0000,100.0000,128,68,34,34,0,102,67,128,25141,32575,57716,0.565,0.872,1.438,0.759,0,57716
c880,fixed-128,128,1,942,942,0,0,100.0000,100.0000,128,64,30,30,0,94,61,128,26176,27970,54146,0.605,0.672,1.278,0.793,0,54146
c880,fixed-128,128,2,942,942,0,0,100.0000,100.0000,128,64,36,36,0,100,69,128,24453,32938,57390,0.625,1.003,1.628,0.745,0,57390
c880,fixed-128,128,3,942,942,0,0,100.0000,100.0000,128,65,30,30,0,95,67,128,26299,26098,52397,0.614,0.681,1.295,0.740,0,52397
c880,fixed-128,128,4,942,942,0,0,100.0000,100.0000,128,62,33,33,0,95,65,128,25054,29635,54689,0.609,0.734,1.343,0.726,0,54689
c880,fixed-128,128,5,942,942,0,0,100.0000,100.0000,128,68,34,34,0,102,67,128,25141,32575,57716,0.559,0.840,1.399,0.776,0,57716
c880,fixed-192,192,1,942,942,0,0,100.0000,100.0000,192,71,29,29,0,100,63,192,27351,25201,52552,0.627,0.591,1.218,0.751,0,52552
c880,fixed-192,192,2,942,942,0,0,100.0000,100.0000,192,80,30,30,0,110,69,192,26456,25702,52158,0.614,0.609,1.223,0.784,0,52158
c880,fixed-192,192,3,942,942,0,0,100.0000,100.0000,192,73,30,30,0,103,69,192,27314,26031,53345,0.634,0.672,1.307,0.761,0,53345
c880,fixed-192,192,4,942,942,0,0,100.0000,100.0000,192,70,29,29,0,99,68,192,26173,25490,51663,0.614,0.597,1.211,0.825,0,51663
c880,fixed-192,192,5,942,942,0,0,100.0000,100.0000,192,84,26,26,0,110,68,192,27189,24083,51272,0.648,0.596,1.243,0.738,0,51272
c880,fixed-256,256,1,942,942,0,0,100.0000,100.0000,256,79,25,25,0,104,68,256,28148,21317,49465,0.675,0.493,1.168,0.795,0,49465
c880,fixed-256,256,2,942,942,0,0,100.0000,100.0000,256,84,27,27,0,111,65,256,27254,24181,51435,0.634,0.582,1.216,0.745,0,51435
c880,fixed-256,256,3,942,942,0,0,100.0000,100.0000,256,77,27,27,0,104,71,256,28123,22436,50559,0.651,0.520,1.171,0.763,0,50559
c880,fixed-256,256,4,942,942,0,0,100.0000,100.0000,256,74,25,25,0,99,69,256,27101,21613,48714,0.648,0.497,1.145,0.728,0,48714
c880,fixed-256,256,5,942,942,0,0,100.0000,100.0000,256,88,21,21,0,109,68,256,28095,19084,47180,0.648,0.483,1.131,0.757,0,47180
c880,fixed-384,384,1,942,942,0,0,100.0000,100.0000,384,84,17,17,0,101,66,384,29483,14001,43484,0.663,0.339,1.002,0.742,0,43484
c880,fixed-384,384,2,942,942,0,0,100.0000,100.0000,384,90,18,18,0,108,65,384,28751,15513,44264,0.634,0.406,1.040,0.722,0,44264
c880,fixed-384,384,3,942,942,0,0,100.0000,100.0000,384,86,18,18,0,104,67,384,29942,14021,43963,0.735,0.326,1.061,0.768,0,43963
c880,fixed-384,384,4,942,942,0,0,100.0000,100.0000,384,82,19,19,0,101,72,384,28644,16072,44716,0.672,0.365,1.037,0.734,0,44716
c880,fixed-384,384,5,942,942,0,0,100.0000,100.0000,384,95,19,19,0,114,63,384,29870,14686,44556,0.717,0.335,1.052,0.750,0,44556
c880,fixed-512,512,1,942,942,0,0,100.0000,100.0000,512,88,15,15,0,103,66,512,30543,11976,42520,0.684,0.282,0.965,0.771,0,42520
c880,fixed-512,512,2,942,942,0,0,100.0000,100.0000,512,92,16,16,0,108,65,512,29869,13980,43849,0.647,0.366,1.014,0.750,0,43849
c880,fixed-512,512,3,942,942,0,0,100.0000,100.0000,512,88,19,19,0,107,65,512,31009,14230,45239,0.690,0.344,1.034,0.748,0,45239
c880,fixed-512,512,4,942,942,0,0,100.0000,100.0000,512,86,15,15,0,101,61,512,29781,11686,41467,0.685,0.270,0.955,0.766,0,41467
c880,fixed-512,512,5,942,942,0,0,100.0000,100.0000,512,98,18,18,0,116,66,512,30969,13570,44540,0.698,0.311,1.009,0.726,0,44540
c880,fixed-768,768,1,942,942,0,0,100.0000,100.0000,768,94,8,8,0,102,66,768,32713,5415,38128,0.692,0.156,0.849,0.739,0,38128
c880,fixed-768,768,2,942,942,0,0,100.0000,100.0000,768,94,15,15,0,109,67,768,31891,13111,45002,0.717,0.317,1.034,0.769,0,45002
c880,fixed-768,768,3,942,942,0,0,100.0000,100.0000,768,92,14,14,0,106,70,768,33092,10082,43174,0.758,0.232,0.990,0.763,0,43174
c880,fixed-768,768,4,942,942,0,0,100.0000,100.0000,768,89,11,11,0,100,63,768,31643,8460,40103,0.693,0.239,0.932,0.738,0,40103
c880,fixed-768,768,5,942,942,0,0,100.0000,100.0000,768,104,9,9,0,113,63,768,32978,6234,39212,0.709,0.166,0.875,0.714,0,39212
c880,fixed-1024,1024,1,942,942,0,0,100.0000,100.0000,1024,97,7,7,0,104,67,1024,34385,4592,38976,0.727,0.106,0.833,0.766,0,38976
c880,fixed-1024,1024,2,942,942,0,0,100.0000,100.0000,1024,101,9,9,0,110,66,1024,34189,6394,40583,0.728,0.153,0.881,0.757,0,40583
c880,fixed-1024,1024,3,942,942,0,0,100.0000,100.0000,1024,95,11,11,0,106,67,1024,34859,7985,42844,0.721,0.209,0.930,0.717,0,42844
c880,fixed-1024,1024,4,942,942,0,0,100.0000,100.0000,1024,89,9,9,0,98,66,1024,33314,7050,40364,0.734,0.164,0.899,0.741,0,40364
c880,fixed-1024,1024,5,942,942,0,0,100.0000,100.0000,1024,105,9,9,0,114,63,1024,34693,6200,40893,0.741,0.128,0.869,0.753,0,40893
c880,fixed-1536,1536,1,942,942,0,0,100.0000,100.0000,1536,97,7,7,0,104,64,1536,37563,4635,42198,0.731,0.114,0.845,0.752,0,42198
c880,fixed-1536,1536,2,942,942,0,0,100.0000,100.0000,1536,104,7,7,0,111,60,1536,37571,5078,42649,0.744,0.116,0.860,0.746,0,42649
c880,fixed-1536,1536,3,942,942,0,0,100.0000,100.0000,1536,96,11,11,0,107,69,1536,38205,7809,46014,0.785,0.178,0.962,0.771,0,46014
c880,fixed-1536,1536,4,942,942,0,0,100.0000,100.0000,1536,92,9,9,0,101,66,1536,36841,6273,43114,0.724,0.159,0.883,0.702,0,43114
c880,fixed-1536,1536,5,942,942,0,0,100.0000,100.0000,1536,110,7,7,0,117,63,1536,38046,4525,42571,0.757,0.098,0.855,0.767,0,42571
c880,fixed-2048,2048,1,942,942,0,0,100.0000,100.0000,2048,99,5,5,0,104,66,2048,40682,3332,44014,0.762,0.115,0.876,0.733,0,44014
c880,fixed-2048,2048,2,942,942,0,0,100.0000,100.0000,2048,105,7,7,0,112,61,2048,40767,4704,45470,0.741,0.112,0.853,0.741,0,45470
c880,fixed-2048,2048,3,942,942,0,0,100.0000,100.0000,2048,99,9,9,0,108,68,2048,41519,6172,47691,0.779,0.142,0.921,0.796,0,47691
c880,fixed-2048,2048,4,942,942,0,0,100.0000,100.0000,2048,96,6,6,0,102,63,2048,40130,3808,43938,0.763,0.082,0.845,0.755,0,43938
c880,fixed-2048,2048,5,942,942,0,0,100.0000,100.0000,2048,114,5,5,0,119,66,2048,41203,3145,44348,0.765,0.077,0.841,0.745,0,44348
c880,fixed-3072,3072,1,942,942,0,0,100.0000,100.0000,3072,100,5,5,0,105,68,3072,46956,3131,50087,0.817,0.080,0.896,0.732,0,50087
c880,fixed-3072,3072,2,942,942,0,0,100.0000,100.0000,3072,108,4,4,0,112,61,3072,47090,2501,49591,0.815,0.061,0.876,0.720,0,49591
c880,fixed-3072,3072,3,942,942,0,0,100.0000,100.0000,3072,105,3,3,0,108,67,3072,47954,1936,49890,0.843,0.051,0.894,0.841,0,49890
c880,fixed-3072,3072,4,942,942,0,0,100.0000,100.0000,3072,99,4,4,0,103,63,3072,46409,2472,48881,0.792,0.064,0.856,0.725,0,48881
c880,fixed-3072,3072,5,942,942,0,0,100.0000,100.0000,3072,117,3,3,0,120,66,3072,47438,1882,49320,0.795,0.043,0.838,0.738,0,49320
c880,fixed-4096,4096,1,942,942,0,0,100.0000,100.0000,4096,101,3,3,0,104,67,4096,53259,1893,55152,0.898,0.052,0.950,0.736,0,55152
c880,fixed-4096,4096,2,942,942,0,0,100.0000,100.0000,4096,110,4,4,0,114,63,4096,53320,2578,55898,0.867,0.063,0.930,0.753,0,55898
c880,fixed-4096,4096,3,942,942,0,0,100.0000,100.0000,4096,108,1,1,0,109,67,4096,54157,572,54729,0.834,0.016,0.849,0.758,0,54729
c880,fixed-4096,4096,4,942,942,0,0,100.0000,100.0000,4096,99,4,4,0,103,62,4096,52682,2488,55170,0.777,0.062,0.839,0.728,0,55170
c880,fixed-4096,4096,5,942,942,0,0,100.0000,100.0000,4096,119,2,2,0,121,66,4096,53632,1338,54970,0.820,0.039,0.859,0.749,0,54970
c880,fixed-6144,6144,1,942,942,0,0,100.0000,100.0000,6144,102,1,1,0,103,65,6144,65566,561,66127,0.881,0.017,0.897,0.732,0,66127
c880,fixed-6144,6144,2,942,942,0,0,100.0000,100.0000,6144,111,3,3,0,114,63,6144,65646,1675,67321,0.930,0.038,0.968,0.755,0,67321
c880,fixed-6144,6144,3,942,942,0,0,100.0000,100.0000,5632,109,0,0,0,109,67,5632,63378,0,63378,0.954,0.000,0.954,0.756,0,63378
c880,fixed-6144,6144,4,942,942,0,0,100.0000,100.0000,6144,101,2,2,0,103,63,6144,65070,1136,66206,0.864,0.033,0.898,0.741,0,66206
c880,fixed-6144,6144,5,942,942,0,0,100.0000,100.0000,6144,120,1,1,0,121,65,6144,66041,574,66615,0.860,0.016,0.876,0.762,0,66615
c880,fixed-8192,8192,1,942,942,0,0,100.0000,100.0000,8192,102,2,2,0,104,66,8192,77825,1111,78936,0.891,0.026,0.917,0.728,0,78936
c880,fixed-8192,8192,2,942,942,0,0,100.0000,100.0000,8192,113,2,2,0,115,62,8192,77950,1134,79084,0.940,0.043,0.983,0.751,0,79084
c880,fixed-8192,8192,3,942,942,0,0,100.0000,100.0000,5632,109,0,0,0,109,67,5632,63378,0,63378,0.890,0.000,0.891,0.734,0,63378
c880,fixed-8192,8192,4,942,942,0,0,100.0000,100.0000,7168,103,0,0,0,103,66,7168,71254,0,71254,0.871,0.000,0.871,0.739,0,71254
c880,fixed-8192,8192,5,942,942,0,0,100.0000,100.0000,7424,121,0,0,0,121,66,7424,73728,0,73728,0.949,0.000,0.949,0.741,0,73728
c880,fixed-12288,12288,1,942,942,0,0,100.0000,100.0000,12288,103,2,2,0,105,66,12288,102360,1104,103464,0.996,0.027,1.023,0.705,0,103464
c880,fixed-12288,12288,2,942,942,0,0,100.0000,100.0000,12288,116,1,1,0,117,64,12288,102535,552,103087,0.990,0.016,1.005,0.795,0,103087
c880,fixed-12288,12288,3,942,942,0,0,100.0000,100.0000,5632,109,0,0,0,109,67,5632,63378,0,63378,0.877,0.000,0.877,0.740,0,63378
c880,fixed-12288,12288,4,942,942,0,0,100.0000,100.0000,7168,103,0,0,0,103,66,7168,71254,0,71254,0.864,0.000,0.864,0.703,0,71254
c880,fixed-12288,12288,5,942,942,0,0,100.0000,100.0000,7424,121,0,0,0,121,66,7424,73728,0,73728,0.929,0.000,0.929,0.741,0,73728
c880,fixed-16384,16384,1,942,942,0,0,100.0000,100.0000,16384,104,1,1,0,105,67,16384,126892,552,127444,1.068,0.019,1.087,0.722,0,127444
c880,fixed-16384,16384,2,942,942,0,0,100.0000,100.0000,16384,116,1,1,0,117,64,16384,127047,552,127599,1.108,0.015,1.124,0.743,0,127599
c880,fixed-16384,16384,3,942,942,0,0,100.0000,100.0000,5632,109,0,0,0,109,67,5632,63378,0,63378,0.860,0.000,0.860,0.753,0,63378
c880,fixed-16384,16384,4,942,942,0,0,100.0000,100.0000,7168,103,0,0,0,103,66,7168,71254,0,71254,0.870,0.000,0.870,0.809,0,71254
c880,fixed-16384,16384,5,942,942,0,0,100.0000,100.0000,7424,121,0,0,0,121,66,7424,73728,0,73728,0.926,0.000,0.926,0.790,0,73728
c880,fixed-24576,24576,1,942,942,0,0,100.0000,100.0000,21760,105,0,0,0,105,67,21760,159077,0,159077,1.231,0.000,1.231,0.776,0,159077
c880,fixed-24576,24576,2,942,942,0,0,100.0000,100.0000,18240,117,0,0,0,117,64,18240,138159,0,138159,1.124,0.000,1.124,0.757,0,138159
c880,fixed-24576,24576,3,942,942,0,0,100.0000,100.0000,5632,109,0,0,0,109,67,5632,63378,0,63378,0.884,0.000,0.884,0.739,0,63378
c880,fixed-24576,24576,4,942,942,0,0,100.0000,100.0000,7168,103,0,0,0,103,66,7168,71254,0,71254,0.898,0.000,0.898,0.730,0,71254
c880,fixed-24576,24576,5,942,942,0,0,100.0000,100.0000,7424,121,0,0,0,121,66,7424,73728,0,73728,0.903,0.000,0.903,0.737,0,73728
c880,fixed-32768,32768,1,942,942,0,0,100.0000,100.0000,21760,105,0,0,0,105,67,21760,159077,0,159077,1.243,0.000,1.243,0.759,0,159077
c880,fixed-32768,32768,2,942,942,0,0,100.0000,100.0000,18240,117,0,0,0,117,64,18240,138159,0,138159,1.130,0.000,1.130,0.742,0,138159
c880,fixed-32768,32768,3,942,942,0,0,100.0000,100.0000,5632,109,0,0,0,109,67,5632,63378,0,63378,0.888,0.000,0.888,0.733,0,63378
c880,fixed-32768,32768,4,942,942,0,0,100.0000,100.0000,7168,103,0,0,0,103,66,7168,71254,0,71254,0.865,0.000,0.865,0.756,0,71254
c880,fixed-32768,32768,5,942,942,0,0,100.0000,100.0000,7424,121,0,0,0,121,66,7424,73728,0,73728,0.952,0.000,0.952,0.769,0,73728
c880,plateau,1408,1,942,942,0,0,100.0000,100.0000,1408,97,6,6,0,103,66,1408,36791,4060,40851,0.737,0.104,0.841,0.727,0,40851
c880,plateau,1856,2,942,942,0,0,100.0000,100.0000,1856,105,6,6,0,111,61,1856,39566,3891,43457,0.776,0.114,0.890,0.762,0,43457
c880,plateau,1408,3,942,942,0,0,100.0000,100.0000,1408,96,11,11,0,107,69,1408,37409,7687,45096,0.809,0.194,1.003,0.787,0,45096
c880,plateau,1024,4,942,942,0,0,100.0000,100.0000,1024,89,9,9,0,98,66,1024,33314,7050,40364,0.719,0.173,0.891,0.734,0,40364
c880,plateau,2112,5,942,942,0,0,100.0000,100.0000,2112,114,5,5,0,119,65,2112,41590,3156,44746,0.758,0.097,0.856,0.751,0,44746
c880,stage1,1536,1,942,942,0,0,100.0000,100.0000,1536,97,7,7,0,104,64,1536,37563,4635,42198,0.769,0.110,0.879,0.740,0,42198
c880,stage1,2176,2,942,942,0,0,100.0000,100.0000,2176,105,7,7,0,112,62,2176,41550,4735,46285,0.785,0.109,0.893,0.780,0,46285
c880,stage1,1600,3,942,942,0,0,100.0000,100.0000,1600,96,11,11,0,107,70,1600,38604,7749,46353,0.774,0.199,0.973,0.758,0,46353
c880,stage1,1728,4,942,942,0,0,100.0000,100.0000,1728,93,7,7,0,100,64,1728,38073,4854,42926,0.762,0.111,0.874,0.734,0,42926
c880,stage1,2368,5,942,942,0,0,100.0000,100.0000,2368,114,5,5,0,119,64,2368,43156,3158,46314,0.849,0.077,0.926,0.744,0,46314
c880,adaptive,1536,1,942,942,0,0,100.0000,100.0000,1536,97,5,5,5,102,66,1536,37563,3402,40965,0.755,0.086,0.841,0.705,0,40965
c880,adaptive,2176,2,942,942,0,0,100.0000,100.0000,2176,105,7,7,7,112,63,2176,41550,4741,46291,0.791,0.110,0.901,0.788,0,46291
c880,adaptive,1600,3,942,942,0,0,100.0000,100.0000,1600,96,9,9,9,105,66,1600,38604,6202,44806,0.778,0.150,0.929,0.753,0,44806
c880,adaptive,1728,4,942,942,0,0,100.0000,100.0000,1728,93,9,9,9,102,66,1728,38073,5913,43986,0.750,0.136,0.886,0.757,0,43986
c880,adaptive,2368,5,942,942,0,0,100.0000,100.0000,2368,114,4,4,4,118,65,2368,43156,2593,45749,0.976,0.124,1.100,0.823,0,45749
c1355,podem,0,1,1574,1566,0,8,99.4917,99.4917,0,0,146,154,0,146,122,0,0,1190486,1190486,0.000,41.936,41.936,1.828,737050,453436
c1355,podem,0,2,1574,1566,0,8,99.4917,99.4917,0,0,132,140,0,132,114,0,0,1133718,1133718,0.000,36.177,36.177,1.815,737050,396667
c1355,podem,0,3,1574,1566,0,8,99.4917,99.4917,0,0,134,142,0,134,114,0,0,1144713,1144713,0.000,35.492,35.492,1.869,737050,407663
c1355,podem,0,4,1574,1566,0,8,99.4917,99.4917,0,0,126,135,0,126,112,0,0,1130090,1130090,0.000,38.076,38.076,1.922,737050,393039
c1355,podem,0,5,1574,1566,0,8,99.4917,99.4917,0,0,144,152,0,144,116,0,0,1173918,1173918,0.000,36.727,36.727,1.996,737050,436868
c1355,fixed-64,64,1,1574,1566,0,8,99.4917,99.4917,64,45,70,80,0,115,92,64,72680,952147,1024827,1.340,38.512,39.852,1.915,737050,287776
c1355,fixed-64,64,2,1574,1566,0,8,99.4917,99.4917,64,45,66,76,0,111,93,64,77163,919780,996943,1.553,37.196,38.749,1.903,737050,259892
c1355,fixed-64,64,3,1574,1566,0,8,99.4917,99.4917,64,34,67,77,0,101,90,64,74469,919732,994202,1.432,43.055,44.487,2.609,737050,257151
c1355,fixed-64,64,4,1574,1566,0,8,99.4917,99.4917,64,37,66,76,0,103,93,64,75084,934663,1009747,1.735,41.730,43.465,1.972,737050,272697
c1355,fixed-64,64,5,1574,1566,0,8,99.4917,99.4917,64,40,67,76,0,107,94,64,74817,899556,974373,1.372,35.427,36.799,1.876,737050,237323
c1355,fixed-96,96,1,1574,1566,0,8,99.4917,99.4917,128,61,56,65,0,117,87,128,75972,878419,954391,1.417,34.416,35.833,1.968,737050,217341
c1355,fixed-96,96,2,1574,1566,0,8,99.4917,99.4917,128,58,55,64,0,113,88,128,79456,875436,954892,1.450,34.090,35.539,1.968,737050,217841
c1355,fixed-96,96,3,1574,1566,0,8,99.4917,99.4917,128,52,53,63,0,105,90,128,76740,912000,988740,1.389,39.221,40.611,2.081,737050,251690
c1355,fixed-96,96,4,1574,1566,0,8,99.4917,99.4917,128,55,50,60,0,105,86,128,76879,905420,982298,1.369,36.771,38.140,2.054,737050,245248
c1355,fixed-96,96,5,1574,1566,0,8,99.4917,99.4917,128,57,53,62,0,110,91,128,77013,870016,947029,1.392,33.745,35.137,1.980,737050,209978
c1355,fixed-128,128,1,1574,1566,0,8,99.4917,99.4917,128,61,56,65,0,117,87,128,75972,878419,954391,1.593,34.125,35.718,1.959,737050,217341
c1355,fixed-128,128,2,1574,1566,0,8,99.4917,99.4917,128,58,55,64,0,113,88,128,79456,875436,954892,1.440,39.521,40.961,1.976,737050,217841
c1355,fixed-128,128,3,1574,1566,0,8,99.4917,99.4917,128,52,53,63,0,105,90,128,76740,912000,988740,1.421,38.801,40.222,2.014,737050,251690
c1355,fixed-128,128,4,1574,1566,0,8,99.4917,99.4917,128,55,50,60,0,105,86,128,76879,905420,982298,1.396,36.515,37.912,2.211,737050,245248
c1355,fixed-128,128,5,1574,1566,0,8,99.4917,99.4917,128,57,53,62,0,110,91,128,77013,870016,947029,1.415,33.817,35.232,1.987,737050,209978
c1355,fixed-192,192,1,1574,1566,0,8,99.4917,99.4917,192,69,48,56,0,117,87,192,77038,823958,900996,1.422,30.432,31.854,2.070,737050,163946
c1355,fixed-192,192,2,1574,1566,0,8,99.4917,99.4917,192,68,45,54,0,113,87,192,80391,863360,943752,1.594,33.692,35.286,2.085,737050,206701
c1355,fixed-192,192,3,1574,1566,0,8,99.4917,99.4917,192,58,47,57,0,105,89,192,77556,904320,981876,1.557,36.656,38.213,2.009,737050,244826
c1355,fixed-192,192,4,1574,1566,0,8,99.4917,99.4917,192,63,42,52,0,105,86,192,77776,894270,972046,1.448,38.263,39.712,2.168,737050,234996
c1355,fixed-192,192,5,1574,1566,0,8,99.4917,99.4917,192,64,46,55,0,110,89,192,77905,845980,923884,1.423,32.158,33.581,2.172,737050,186834
c1355,fixed-256,256,1,1574,1566,0,8,99.4917,99.4917,256,73,44,52,0,117,87,256,77824,818803,896627,1.418,30.541,31.959,2.083,737050,159576
c1355,fixed-256,256,2,1574,1566,0,8,99.4917,99.4917,256,75,38,47,0,113,87,256,81195,853826,935021,1.512,34.029,35.541,2.154,737050,197971
c1355,fixed-256,256,3,1574,1566,0,8,99.4917,99.4917,256,60,45,55,0,105,89,256,78369,901470,979840,1.493,36.628,38.121,2.126,737050,242789
c1355,fixed-256,256,4,1574,1566,0,8,99.4917,99.4917,256,70,35,45,0,105,86,256,78550,886593,965143,1.491,35.799,37.290,2.273,737050,228092
c1355,fixed-256,256,5,1574,1566,0,8,99.4917,99.4917,256,75,36,45,0,111,88,256,78818,833894,912712,1.417,31.883,33.300,2.159,737050,175662
c1355,fixed-384,384,1,1574,1566,0,8,99.4917,99.4917,384,83,34,42,0,117,87,384,79293,808048,887340,1.434,30.136,31.570,2.244,737050,150290
c1355,fixed-384,384,2,1574,1566,0,8,99.4917,99.4917,384,85,28,37,0,113,87,384,82675,843487,926162,1.488,33.117,34.605,2.213,737050,189112
c1355,fixed-384,384,3,1574,1566,0,8,99.4917,99.4917,384,74,31,41,0,105,87,384,79921,868321,948242,1.433,34.717,36.150,2.252,737050,211191
c1355,fixed-384,384,4,1574,1566,0,8,99.4917,99.4917,384,77,28,38,0,105,86,384,79966,876515,956481,1.412,35.390,36.802,2.227,737050,219431
c1355,fixed-384,384,5,1574,1566,0,8,99.4917,99.4917,384,85,26,34,0,111,88,384,80260,783959,864219,1.434,28.526,29.960,2.319,737050,127168
c1355,fixed-512,512,1,1574,1566,0,8,99.4917,99.4917,512,90,27,35,0,117,87,512,80717,764400,845117,1.452,26.931,28.383,2.356,737050,108067
c1355,fixed-512,512,2,1574,1566,0,8,99.4917,99.4917,512,89,24,33,0,113,87,512,84007,821758,905766,1.499,31.284,32.783,2.243,737050,168715
c1355,fixed-512,512,3,1574,1566,0,8,99.4917,99.4917,512,82,23,33,0,105,87,512,81327,844179,925506,1.496,33.101,34.597,2.222,737050,188456
c1355,fixed-512,512,4,1574,1566,0,8,99.4917,99.4917,512,82,23,33,0,105,86,512,81347,871382,952730,1.599,36.274,37.873,2.377,737050,215679
c1355,fixed-512,512,5,1574,1566,0,8,99.4917,99.4917,512,86,25,33,0,111,88,512,81583,782871,864454,1.485,28.416,29.900,2.304,737050,127404
c1355,fixed-768,768,1,1574,1566,0,8,99.4917,99.4917,768,102,15,23,0,117,87,768,83408,752138,835546,1.478,26.406,27.884,2.459,737050,98496
c1355,fixed-768,768,2,1574,1566,0,8,99.4917,99.4917,768,98,15,24,0,113,87,768,86682,809727,896409,1.515,30.662,32.177,2.413,737050,159358
c1355,fixed-768,768,3,1574,1566,0,8,99.4917,99.4917,768,95,10,18,0,105,87,768,84031,750256,834286,1.474,31.462,32.936,2.317,737050,97236
c1355,fixed-768,768,4,1574,1566,0,8,99.4917,99.4917,768,86,19,29,0,105,86,768,83977,867275,951252,1.437,36.196,37.632,2.309,737050,214202
c1355,fixed-768,768,5,1574,1566,0,8,99.4917,99.4917,768,96,15,23,0,111,88,768,84267,769616,853883,1.447,27.893,29.339,2.349,737050,116833
c1355,fixed-1024,1024,1,1574,1566,0,8,99.4917,99.4917,1024,104,13,21,0,117,87,1024,85995,750084,836078,1.486,28.096,29.582,2.433,737050,99028
c1355,fixed-1024,1024,2,1574,1566,0,8,99.4917,99.4917,1024,107,6,15,0,113,87,1024,89271,781733,871004,1.515,29.815,31.330,2.333,737050,133954
c1355,fixed-1024,1024,3,1574,1566,0,8,99.4917,99.4917,1024,97,8,16,0,105,87,1024,86570,748234,834804,1.478,28.605,30.083,2.350,737050,97754
c1355,fixed-1024,1024,4,1574,1566,0,8,99.4917,99.4917,1024,93,12,22,0,105,86,1024,86632,860310,946942,1.486,35.370,36.856,2.397,737050,209892
c1355,fixed-1024,1024,5,1574,1566,0,8,99.4917,99.4917,1024,103,8,16,0,111,88,1024,86954,762534,849488,1.571,27.726,29.297,2.317,737050,112438
c1355,fixed-1536,1536,1,1574,1566,0,8,99.4917,99.4917,1536,116,1,9,0,117,87,1536,91055,738013,829068,1.514,25.936,27.450,2.376,737050,92018
c1355,fixed-1536,1536,2,1574,1566,0,8,99.4917,99.4917,1536,110,3,11,0,113,87,1536,94372,740078,834450,1.597,25.869,27.465,2.336,737050,97399
c1355,fixed-1536,1536,3,1574,1566,0,8,99.4917,99.4917,1536,102,3,11,0,105,87,1536,91604,740024,831628,1.515,26.756,28.272,2.635,737050,94578
c1355,fixed-1536,1536,4,1574,1566,0,8,99.4917,99.4917,1536,102,3,11,0,105,86,1536,91858,757468,849326,1.729,32.408,34.136,2.338,737050,112276
c1355,fixed-1536,1536,5,1574,1566,0,8,99.4917,99.4917,1536,111,0,8,0,111,88,1536,91942,737050,828992,1.605,26.152,27.757,2.346,737050,91942
c1355,fixed-2048,2048,1,1574,1566,0,8,99.4917,99.4917,2048,117,0,8,0,117,87,2048,96039,737050,833090,1.708,25.993,27.701,2.404,737050,96039
c1355,fixed-2048,2048,2,1574,1566,0,8,99.4917,99.4917,2048,111,2,10,0,113,87,2048,99406,739064,838470,1.568,26.307,27.874,2.343,737050,101419
c1355,fixed-2048,2048,3,1574,1566,0,8,99.4917,99.4917,2048,104,1,9,0,105,87,2048,96541,738059,834600,1.559,25.744,27.303,2.292,737050,97549
c1355,fixed-2048,2048,4,1574,1566,0,8,99.4917,99.4917,2048,103,2,10,0,105,86,2048,96817,738972,835790,1.530,27.888,29.418,2.367,737050,98739
c1355,fixed-2048,2048,5,1574,1566,0,8,99.4917,99.4917,2048,111,0,8,0,111,88,2048,97046,737050,834096,1.530,25.931,27.461,2.307,737050,97046
c1355,fixed-3072,3072,1,1574,1566,0,8,99.4917,99.4917,3072,117,0,8,0,117,87,3072,105819,737050,842870,1.624,26.108,27.732,2.376,737050,105819
c1355,fixed-3072,3072,2,1574,1566,0,8,99.4917,99.4917,3072,113,0,8,0,113,87,3072,109418,737050,846468,1.644,26.852,28.496,2.311,737050,109418
c1355,fixed-3072,3072,3,1574,1566,0,8,99.4917,99.4917,3072,105,0,8,0,105,87,3072,106366,737050,843416,1.636,26.309,27.945,2.460,737050,106366
c1355,fixed-3072,3072,4,1574,1566,0,8,99.4917,99.4917,3072,104,1,9,0,105,86,3072,106809,738009,844818,1.560,26.274,27.833,2.375,737050,107768
c1355,fixed-3072,3072,5,1574,1566,0,8,99.4917,99.4917,3072,111,0,8,0,111,88,3072,107078,737050,844128,1.655,26.379,28.034,2.371,737050,107078
c1355,fixed-4096,4096,1,1574,1566,0,8,99.4917,99.4917,4096,117,0,8,0,117,87,4096,115835,737050,852886,1.643,26.053,27.695,2.430,737050,115835
c1355,fixed-4096,4096,2,1574,1566,0,8,99.4917,99.4917,4096,113,0,8,0,113,87,4096,119318,737050,856368,1.658,26.454,28.111,2.498,737050,119318
c1355,fixed-4096,4096,3,1574,1566,0,8,99.4917,99.4917,4096,105,0,8,0,105,87,4096,116266,737050,853316,1.677,26.444,28.120,2.376,737050,116266
c1355,fixed-4096,4096,4,1574,1566,0,8,99.4917,99.4917,4096,105,0,8,0,105,86,4096,116713,737050,853764,1.623,27.922,29.545,2.446,737050,116713
c1355,fixed-4096,4096,5,1574,1566,0,8,99.4917,99.4917,4096,111,0,8,0,111,88,4096,117058,737050,854108,1.632,26.071,27.703,2.345,737050,117058
c1355,fixed-6144,6144,1,1574,1566,0,8,99.4917,99.4917,6144,117,0,8,0,117,87,6144,135495,737050,872546,1.835,27.837,29.672,2.417,737050,135495
c1355,fixed-6144,6144,2,1574,1566,0,8,99.4917,99.4917,6144,113,0,8,0,113,87,6144,139142,737050,876192,1.775,26.393,28.168,2.320,737050,139142
c1355,fixed-6144,6144,3,1574,1566,0,8,99.4917,99.4917,6144,105,0,8,0,105,87,6144,136230,737050,873280,1.738,26.259,27.996,2.410,737050,136230
c1355,fixed-6144,6144,4,1574,1566,0,8,99.4917,99.4917,6144,105,0,8,0,105,86,6144,136821,737050,873872,1.755,26.513,28.268,2.434,737050,136821
c1355,fixed-6144,6144,5,1574,1566,0,8,99.4917,99.4917,6144,111,0,8,0,111,88,6144,136946,737050,873996,1.736,25.972,27.708,2.329,737050,136946
c1355,fixed-8192,8192,1,1574,1566,0,8,99.4917,99.4917,8192,117,0,8,0,117,87,8192,155539,737050,892590,1.853,26.678,28.531,2.429,737050,155539
c1355,fixed-8192,8192,2,1574,1566,0,8,99.4917,99.4917,8192,113,0,8,0,113,87,8192,158878,737050,895928,1.871,26.466,28.336,2.372,737050,158878
c1355,fixed-8192,8192,3,1574,1566,0,8,99.4917,99.4917,8192,105,0,8,0,105,87,8192,156146,737050,893196,1.818,26.287,28.105,2.286,737050,156146
c1355,fixed-8192,8192,4,1574,1566,0,8,99.4917,99.4917,8192,105,0,8,0,105,86,8192,156829,737050,893880,1.821,25.827,27.648,2.376,737050,156829
c1355,fixed-8192,8192,5,1574,1566,0,8,99.4917,99.4917,8192,111,0,8,0,111,88,8192,156770,737050,893820,1.827,26.375,28.202,2.320,737050,156770
c1355,fixed-12288,12288,1,1574,1566,0,8,99.4917,99.4917,12288,117,0,8,0,117,87,12288,195487,737050,932538,2.075,26.366,28.441,2.607,737050,195487
c1355,fixed-12288,12288,2,1574,1566,0,8,99.4917,99.4917,12288,113,0,8,0,113,87,12288,198646,737050,935696,2.157,26.662,28.818,2.392,737050,198646
c1355,fixed-12288,12288,3,1574,1566,0,8,99.4917,99.4917,12288,105,0,8,0,105,87,12288,196014,737050,933064,2.022,26.225,28.247,2.345,737050,196014
c1355,fixed-12288,12288,4,1574,1566,0,8,99.4917,99.4917,12288,105,0,8,0,105,86,12288,196917,737050,933968,2.014,26.913,28.927,2.325,737050,196917
c1355,fixed-12288,12288,5,1574,1566,0,8,99.4917,99.4917,12288,111,0,8,0,111,88,12288,196646,737050,933696,2.071,26.460,28.530,2.317,737050,196646
c1355,fixed-16384,16384,1,1574,1566,0,8,99.4917,99.4917,16384,117,0,8,0,117,87,16384,235147,737050,972198,2.215,28.028,30.243,2.432,737050,235147
c1355,fixed-16384,16384,2,1574,1566,0,8,99.4917,99.4917,16384,113,0,8,0,113,87,16384,238598,737050,975648,2.289,27.857,30.146,2.332,737050,238598
c1355,fixed-16384,16384,3,1574,1566,0,8,99.4917,99.4917,16384,105,0,8,0,105,87,16384,235526,737050,972576,2.198,26.522,28.720,2.330,737050,235526
c1355,fixed-16384,16384,4,1574,1566,0,8,99.4917,99.4917,16384,105,0,8,0,105,86,16384,236645,737050,973696,2.329,26.018,28.348,2.404,737050,236645
c1355,fixed-16384,16384,5,1574,1566,0,8,99.4917,99.4917,16384,111,0,8,0,111,88,16384,236558,737050,973608,2.265,26.129,28.394,2.380,737050,236558
c1355,fixed-24576,24576,1,1574,1566,0,8,99.4917,99.4917,24576,117,0,8,0,117,87,24576,314479,737050,1051530,2.559,26.127,28.687,2.410,737050,314479
c1355,fixed-24576,24576,2,1574,1566,0,8,99.4917,99.4917,24576,113,0,8,0,113,87,24576,318314,737050,1055364,2.608,26.073,28.681,2.385,737050,318314
c1355,fixed-24576,24576,3,1574,1566,0,8,99.4917,99.4917,24576,105,0,8,0,105,87,24576,315110,737050,1052160,2.628,25.787,28.416,2.345,737050,315110
c1355,fixed-24576,24576,4,1574,1566,0,8,99.4917,99.4917,24576,105,0,8,0,105,86,24576,316641,737050,1053692,2.616,29.628,32.244,2.352,737050,316641
c1355,fixed-24576,24576,5,1574,1566,0,8,99.4917,99.4917,24576,111,0,8,0,111,88,24576,315574,737050,1052624,2.662,26.010,28.672,2.537,737050,315574
c1355,fixed-32768,32768,1,1574,1566,0,8,99.4917,99.4917,32768,117,0,8,0,117,87,32768,393899,737050,1130950,3.160,26.398,29.557,2.523,737050,393899
c1355,fixed-32768,32768,2,1574,1566,0,8,99.4917,99.4917,32768,113,0,8,0,113,87,32768,397710,737050,1134760,3.002,26.169,29.171,2.624,737050,397710
c1355,fixed-32768,32768,3,1574,1566,0,8,99.4917,99.4917,32768,105,0,8,0,105,87,32768,394510,737050,1131560,2.963,30.379,33.341,2.456,737050,394510
c1355,fixed-32768,32768,4,1574,1566,0,8,99.4917,99.4917,32768,105,0,8,0,105,86,32768,396013,737050,1133064,2.992,29.472,32.465,2.330,737050,396013
c1355,fixed-32768,32768,5,1574,1566,0,8,99.4917,99.4917,32768,111,0,8,0,111,88,32768,394906,737050,1131956,3.085,26.513,29.598,2.397,737050,394906
c1355,plateau,2048,1,1574,1566,0,8,99.4917,99.4917,2048,117,0,8,0,117,87,2048,96039,737050,833090,1.547,27.104,28.650,2.535,737050,96039
c1355,plateau,2112,2,1574,1566,0,8,99.4917,99.4917,2112,111,2,10,0,113,87,2112,100004,739064,839068,1.683,26.657,28.340,2.449,737050,102017
c1355,plateau,2624,3,1574,1566,0,8,99.4917,99.4917,2624,105,0,8,0,105,87,2624,102100,737050,839150,1.601,29.592,31.193,2.345,737050,102100
c1355,plateau,1984,4,1574,1566,0,8,99.4917,99.4917,1984,103,2,10,0,105,86,1984,96172,738972,835144,1.669,27.956,29.625,2.518,737050,98094
c1355,plateau,1920,5,1574,1566,0,8,99.4917,99.4917,1920,111,0,8,0,111,88,1920,95794,737050,832844,1.584,26.144,27.728,2.533,737050,95794
c1355,stage1,2304,1,1574,1566,0,8,99.4917,99.4917,2304,117,0,8,0,117,87,2304,98463,737050,835514,1.572,28.557,30.128,2.433,737050,98463
c1355,stage1,2944,2,1574,1566,0,8,99.4917,99.4917,2944,113,0,8,0,113,87,2944,108198,737050,845248,1.640,27.110,28.750,2.380,737050,108198
c1355,stage1,2368,3,1574,1566,0,8,99.4917,99.4917,2368,105,0,8,0,105,87,2368,99616,737050,836666,1.575,26.279,27.854,2.573,737050,99616
c1355,stage1,2112,4,1574,1566,0,8,99.4917,99.4917,2112,103,2,10,0,105,86,2112,97430,738972,836402,1.660,26.157,27.818,2.412,737050,99352
c1355,stage1,1984,5,1574,1566,0,8,99.4917,99.4917,1984,111,0,8,0,111,88,1984,96420,737050,833470,1.546,30.847,32.394,2.392,737050,96420
c1355,adaptive,2304,1,1574,1566,0,8,99.4917,99.4917,2304,117,0,8,8,117,87,2304,98463,737050,835514,1.584,26.149,27.733,2.484,737050,98463
c1355,adaptive,2944,2,1574,1566,0,8,99.4917,99.4917,2944,113,0,8,8,113,87,2944,108198,737050,845248,1.699,26.256,27.955,2.467,737050,108198
c1355,adaptive,2368,3,1574,1566,0,8,99.4917,99.4917,2368,105,0,8,8,105,87,2368,99616,737050,836666,1.635,26.499,28.134,2.371,737050,99616
c1355,adaptive,2112,4,1574,1566,0,8,99.4917,99.4917,2112,103,2,10,10,105,86,2112,97430,738972,836402,1.565,26.720,28.285,2.738,737050,99351
c1355,adaptive,1984,5,1574,1566,0,8,99.4917,99.4917,1984,111,0,8,8,111,88,1984,96420,737050,833470,1.597,26.100,27.697,2.432,737050,96420
c1908,podem,0,1,1879,1870,6,3,99.5210,99.8403,0,0,152,161,0,152,132,0,0,563383,563383,0.000,25.920,25.920,2.222,168075,395308
c1908,podem,0,2,1879,1870,6,3,99.5210,99.8403,0,0,158,167,0,158,132,0,0,579020,579020,0.000,26.875,26.875,2.360,168075,410945
c1908,podem,0,3,1879,1870,6,3,99.5210,99.8403,0,0,160,169,0,160,133,0,0,579257,579257,0.000,26.159,26.159,2.369,168075,411182
c1908,podem,0,4,1879,1870,6,3,99.5210,99.8403,0,0,160,169,0,160,138,0,0,577282,577282,0.000,26.094,26.094,2.132,168075,409207
c1908,podem,0,5,1879,1870,6,3,99.5210,99.8403,0,0,157,166,0,157,137,0,0,564716,564716,0.000,25.571,25.571,2.244,168075,396641
c1908,fixed-64,64,1,1879,1870,6,3,99.5210,99.8403,64,33,130,139,0,163,133,64,101286,420908,522194,1.986,21.220,23.207,2.094,168075,354119
c1908,fixed-64,64,2,1879,1870,6,3,99.5210,99.8403,64,39,132,141,0,171,136,64,103167,415894,519061,2.003,21.680,23.683,2.173,168075,350986
c1908,fixed-64,64,3,1879,1870,6,3,99.5210,99.8403,64,31,136,145,0,167,133,64,90952,457990,548942,1.668,23.083,24.751,2.176,168075,380868
c1908,fixed-64,64,4,1879,1870,6,3,99.5210,99.8403,64,36,135,144,0,171,137,64,101580,432088,533668,1.908,22.798,24.707,2.268,168075,365594
c1908,fixed-64,64,5,1879,1870,6,3,99.5210,99.8403,64,36,135,144,0,171,138,64,100420,430490,530910,1.885,21.890,23.775,2.029,168075,362836
c1908,fixed-96,96,1,1879,1870,6,3,99.5210,99.8403,128,48,121,130,0,169,136,128,112964,388326,501290,2.091,20.704,22.795,2.283,168075,333216
c1908,fixed-96,96,2,1879,1870,6,3,99.5210,99.8403,128,57,112,121,0,169,128,128,110489,364203,474692,2.119,20.136,22.254,2.290,168075,306617
c1908,fixed-96,96,3,1879,1870,6,3,99.5210,99.8403,128,47,123,132,0,170,136,128,107277,413515,520792,1.931,22.052,23.982,2.193,168075,352717
c1908,fixed-96,96,4,1879,1870,6,3,99.5210,99.8403,128,50,120,129,0,170,134,128,111911,392587,504498,2.084,22.133,24.216,2.266,168075,336423
c1908,fixed-96,96,5,1879,1870,6,3,99.5210,99.8403,128,48,124,133,0,172,131,128,106086,407105,513191,2.059,22.602,24.660,2.336,168075,345116
c1908,fixed-128,128,1,1879,1870,6,3,99.5210,99.8403,128,48,121,130,0,169,136,128,112964,388326,501290,2.132,21.539,23.672,2.154,168075,333216
c1908,fixed-128,128,2,1879,1870,6,3,99.5210,99.8403,128,57,112,121,0,169,128,128,110489,364203,474692,2.206,19.884,22.089,2.374,168075,306617
c1908,fixed-128,128,3,1879,1870,6,3,99.5210,99.8403,128,47,123,132,0,170,136,128,107277,413515,520792,2.105,22.055,24.161,2.181,168075,352717
c1908,fixed-128,128,4,1879,1870,6,3,99.5210,99.8403,128,50,120,129,0,170,134,128,111911,392587,504498,2.100,22.322,24.422,2.327,168075,336423
c1908,fixed-128,128,5,1879,1870,6,3,99.5210,99.8403,128,48,124,133,0,172,131,128,106086,407105,513191,2.203,22.698,24.901,2.240,168075,345116
c1908,fixed-192,192,1,1879,1870,6,3,99.5210,99.8403,192,62,113,122,0,175,134,192,118557,361656,480213,2.266,20.834,23.100,2.483,168075,312138
c1908,fixed-192,192,2,1879,1870,6,3,99.5210,99.8403,192,69,100,109,0,169,131,192,114301,345111,459412,2.311,21.661,23.972,2.386,168075,291338
c1908,fixed-192,192,3,1879,1870,6,3,99.5210,99.8403,192,62,117,126,0,179,140,192,116037,393491,509528,2.122,23.841,25.964,2.295,168075,341453
c1908,fixed-192,192,4,1879,1870,6,3,99.5210,99.8403,192,68,104,113,0,172,132,192,115772,359494,475266,2.335,26.470,28.806,2.476,168075,307192
c1908,fixed-192,192,5,1879,1870,6,3,99.5210,99.8403,192,57,121,130,0,178,132,192,109978,399754,509732,2.117,23.699,25.816,2.220,168075,341658
c1908,fixed-256,256,1,1879,1870,6,3,99.5210,99.8403,256,75,100,109,0,175,132,256,121953,331146,453098,2.524,35.906,38.430,11.828,168075,285024
c1908,fixed-256,256,2,1879,1870,6,3,99.5210,99.8403,256,83,87,96,0,170,131,256,117285,315862,433147,12.715,64.424,77.139,2.511,168075,265072
c1908,fixed-256,256,3,1879,1870,6,3,99.5210,99.8403,256,77,102,111,0,179,136,256,120545,353230,473775,2.409,22.046,24.456,2.462,168075,305700
c1908,fixed-256,256,4,1879,1870,6,3,99.5210,99.8403,256,78,99,108,0,177,136,256,118205,350238,468443,2.441,21.399,23.840,2.276,168075,300368
c1908,fixed-256,256,5,1879,1870,6,3,99.5210,99.8403,256,71,110,119,0,181,134,256,113795,378889,492684,2.186,21.434,23.620,2.398,168075,324609
c1908,fixed-384,384,1,1879,1870,6,3,99.5210,99.8403,384,93,87,96,0,180,133,384,126017,305773,431790,2.250,19.292,21.541,2.288,168075,263715
c1908,fixed-384,384,2,1879,1870,6,3,99.5210,99.8403,384,100,71,80,0,171,129,384,120830,290014,410844,2.339,19.106,21.446,2.254,168075,242769
c1908,fixed-384,384,3,1879,1870,6,3,99.5210,99.8403,384,90,85,94,0,175,134,384,124951,318778,443729,2.176,19.356,21.532,2.313,168075,275654
c1908,fixed-384,384,4,1879,1870,6,3,99.5210,99.8403,384,105,71,80,0,176,129,384,122554,297832,420386,2.214,20.218,22.433,2.290,168075,252311
c1908,fixed-384,384,5,1879,1870,6,3,99.5210,99.8403,384,89,97,106,0,186,132,384,121103,346426,467529,2.572,23.159,25.731,3.049,168075,299454
c1908,fixed-512,512,1,1879,1870,6,3,99.5210,99.8403,512,107,74,83,0,181,131,512,129064,282189,411253,3.115,20.535,23.650,2.001,168075,243178
c1908,fixed-512,512,2,1879,1870,6,3,99.5210,99.8403,512,112,58,67,0,170,127,512,123712,269120,392832,2.223,17.556,19.779,2.172,168075,224757
c1908,fixed-512,512,3,1879,1870,6,3,99.5210,99.8403,512,108,71,80,0,179,135,512,128566,293074,421640,2.282,19.028,21.310,2.209,168075,253566
c1908,fixed-512,512,4,1879,1870,6,3,99.5210,99.8403,512,115,62,71,0,177,124,512,125418,282222,407640,2.207,19.033,21.240,2.308,168075,239565
c1908,fixed-512,512,5,1879,1870,6,3,99.5210,99.8403,512,110,76,85,0,186,132,512,125202,306669,431871,2.286,18.343,20.629,2.141,168075,263796
c1908,fixed-768,768,1,1879,1870,6,3,99.5210,99.8403,768,129,50,59,0,179,126,768,134369,240679,375048,2.304,15.851,18.155,2.383,168075,206973
c1908,fixed-768,768,2,1879,1870,6,3,99.5210,99.8403,768,126,44,53,0,170,125,768,128210,247790,376000,2.450,17.460,19.910,2.376,168075,207925
c1908,fixed-768,768,3,1879,1870,6,3,99.5210,99.8403,768,129,52,61,0,181,131,768,134374,261386,395760,2.326,17.444,19.770,2.350,168075,227685
c1908,fixed-768,768,4,1879,1870,6,3,99.5210,99.8403,768,129,49,58,0,178,122,768,130260,260439,390699,2.216,17.251,19.467,2.365,168075,222624
c1908,fixed-768,768,5,1879,1870,6,3,99.5210,99.8403,768,133,58,67,0,191,126,768,130871,268032,398904,2.306,16.989,19.295,2.221,168075,230829
c1908,fixed-1024,1024,1,1879,1870,6,3,99.5210,99.8403,1024,144,36,45,0,180,128,1024,139102,219181,358283,2.556,15.081,17.637,2.536,168075,190208
c1908,fixed-1024,1024,2,1879,1870,6,3,99.5210,99.8403,1024,139,31,40,0,170,125,1024,132553,229153,361706,2.783,17.958,20.741,2.594,168075,193631
c1908,fixed-1024,1024,3,1879,1870,6,3,99.5210,99.8403,1024,139,41,50,0,180,128,1024,139134,226809,365943,2.590,16.330,18.920,2.789,168075,197868
c1908,fixed-1024,1024,4,1879,1870,6,3,99.5210,99.8403,1024,138,43,52,0,181,125,1024,134623,251324,385947,2.433,19.021,21.454,2.507,168075,217872
c1908,fixed-1024,1024,5,1879,1870,6,3,99.5210,99.8403,1024,153,40,49,0,193,126,1024,135883,239232,375116,2.603,18.039,20.642,2.847,168075,207041
c1908,fixed-1536,1536,1,1879,1870,6,3,99.5210,99.8403,1536,163,18,27,0,181,129,1536,147144,192612,339756,2.631,16.317,18.948,3.115,168075,171681
c1908,fixed-1536,1536,2,1879,1870,6,3,99.5210,99.8403,1536,148,21,30,0,169,124,1536,140609,215464,356073,2.665,18.684,21.350,3.040,168075,187998
c1908,fixed-1536,1536,3,1879,1870,6,3,99.5210,99.8403,1536,158,22,31,0,180,128,1536,147465,198498,345963,2.833,16.456,19.289,3.366,168075,177888
c1908,fixed-1536,1536,4,1879,1870,6,3,99.5210,99.8403,1536,159,25,34,0,184,122,1536,142797,220238,363035,2.602,18.288,20.889,2.861,168075,194960
c1908,fixed-1536,1536,5,1879,1870,6,3,99.5210,99.8403,1536,172,26,35,0,198,129,1536,144527,208981,353508,2.608,16.030,18.637,2.973,168075,185433
c1908,fixed-2048,2048,1,1879,1870,6,3,99.5210,99.8403,2048,167,14,23,0,181,129,2048,154767,187128,341895,2.633,20.776,23.409,3.049,168075,173820
c1908,fixed-2048,2048,2,1879,1870,6,3,99.5210,99.8403,2048,156,13,22,0,169,122,2048,148342,195482,343824,2.763,17.757,20.521,3.027,168075,175749
c1908,fixed-2048,2048,3,1879,1870,6,3,99.5210,99.8403,2048,165,15,24,0,180,126,2048,155325,188229,343554,3.378,15.145,18.522,3.029,168075,175479
c1908,fixed-2048,2048,4,1879,1870,6,3,99.5210,99.8403,2048,168,16,25,0,184,118,2048,150574,199564,350138,2.512,16.239,18.751,2.774,168075,182064
c1908,fixed-2048,2048,5,1879,1870,6,3,99.5210,99.8403,2048,184,15,24,0,199,128,2048,152340,193752,346092,2.714,17.079,19.793,3.103,168075,178017
c1908,fixed-3072,3072,1,1879,1870,6,3,99.5210,99.8403,3072,175,7,16,0,182,129,3072,169783,177844,347627,2.809,15.172,17.981,3.077,168075,179552
c1908,fixed-3072,3072,2,1879,1870,6,3,99.5210,99.8403,3072,163,6,15,0,169,121,3072,163324,185852,349176,2.595,16.414,19.009,3.180,168075,181101
c1908,fixed-3072,3072,3,1879,1870,6,3,99.5210,99.8403,3072,171,9,18,0,180,125,3072,170259,180001,350260,2.910,28.417,31.327,3.133,168075,182186
c1908,fixed-3072,3072,4,1879,1870,6,3,99.5210,99.8403,3072,178,6,15,0,184,116,3072,165843,176233,342076,2.644,14.902,17.546,3.030,168075,174001
c1908,fixed-3072,3072,5,1879,1870,6,3,99.5210,99.8403,3072,191,8,17,0,199,126,3072,167396,184039,351435,2.723,15.525,18.247,3.205,168075,183360
c1908,fixed-4096,4096,1,1879,1870,6,3,99.5210,99.8403,4096,176,6,15,0,182,129,4096,184722,176445,361167,2.726,16.045,18.770,3.084,168075,193092
c1908,fixed-4096,4096,2,1879,1870,6,3,99.5210,99.8403,4096,164,5,14,0,169,121,4096,178160,175114,353274,2.676,15.565,18.241,3.123,168075,185200
c1908,fixed-4096,4096,3,1879,1870,6,3,99.5210,99.8403,4096,177,3,12,0,180,124,4096,184989,172016,357005,2.783,14.616,17.399,3.216,168075,188930
c1908,fixed-4096,4096,4,1879,1870,6,3,99.5210,99.8403,4096,181,3,12,0,184,116,4096,180623,172256,352879,2.689,16.607,19.296,3.100,168075,184804
c1908,fixed-4096,4096,5,1879,1870,6,3,99.5210,99.8403,4096,196,3,12,0,199,126,4096,182291,172141,354432,2.747,15.048,17.795,3.478,168075,186357
c1908,fixed-6144,6144,1,1879,1870,6,3,99.5210,99.8403,6144,179,3,12,0,182,129,6144,214355,172278,386632,2.888,17.121,20.009,3.766,168075,218558
c1908,fixed-6144,6144,2,1879,1870,6,3,99.5210,99.8403,6144,168,1,10,0,169,121,6144,207505,169428,376933,2.841,15.415,18.256,3.262,168075,208858
c1908,fixed-6144,6144,3,1879,1870,6,3,99.5210,99.8403,6144,179,1,10,0,180,124,6144,214305,169373,383678,3.932,15.160,19.093,3.219,168075,215603
c1908,fixed-6144,6144,4,1879,1870,6,3,99.5210,99.8403,6144,184,0,9,0,184,117,6144,209991,168075,378066,2.952,14.577,17.529,3.144,168075,209991
c1908,fixed-6144,6144,5,1879,1870,6,3,99.5210,99.8403,6144,198,1,10,0,199,125,6144,211603,169428,381031,2.887,14.715,17.603,3.205,168075,212956
c1908,fixed-8192,8192,1,1879,1870,6,3,99.5210,99.8403,8192,182,0,9,0,182,129,8192,243717,168075,411792,2.993,14.594,17.587,3.157,168075,243717
c1908,fixed-8192,8192,2,1879,1870,6,3,99.5210,99.8403,8192,168,1,10,0,169,121,8192,236768,169428,406196,2.861,14.745,17.605,3.102,168075,238121
c1908,fixed-8192,8192,3,1879,1870,6,3,99.5210,99.8403,8192,180,0,9,0,180,124,8192,243521,168075,411596,2.943,14.716,17.658,3.218,168075,243521
c1908,fixed-8192,8192,4,1879,1870,6,3,99.5210,99.8403,8192,184,0,9,0,184,117,8192,239237,168075,407312,2.902,14.110,17.012,2.936,168075,239237
c1908,fixed-8192,8192,5,1879,1870,6,3,99.5210,99.8403,8192,198,1,10,0,199,125,8192,240869,169428,410297,2.738,13.364,16.102,2.892,168075,242222
c1908,fixed-12288,12288,1,1879,1870,6,3,99.5210,99.8403,12288,182,0,9,0,182,129,12288,302086,168075,470161,3.006,13.435,16.441,2.790,168075,302086
c1908,fixed-12288,12288,2,1879,1870,6,3,99.5210,99.8403,12288,169,0,9,0,169,121,12288,295262,168075,463337,2.759,13.582,16.342,2.762,168075,295262
c1908,fixed-12288,12288,3,1879,1870,6,3,99.5210,99.8403,12288,180,0,9,0,180,124,12288,301932,168075,470007,2.909,15.164,18.074,3.004,168075,301932
c1908,fixed-12288,12288,4,1879,1870,6,3,99.5210,99.8403,12288,184,0,9,0,184,117,12288,297666,168075,465741,2.812,13.462,16.275,2.862,168075,297666
c1908,fixed-12288,12288,5,1879,1870,6,3,99.5210,99.8403,12288,198,1,10,0,199,125,12288,299368,169428,468796,3.450,13.861,17.311,2.920,168075,300721
c1908,fixed-16384,16384,1,1879,1870,6,3,99.5210,99.8403,16384,182,0,9,0,182,129,16384,360512,168075,528587,3.115,13.239,16.354,2.848,168075,360512
c1908,fixed-16384,16384,2,1879,1870,6,3,99.5210,99.8403,16384,169,0,9,0,169,121,16384,353679,168075,521754,3.082,13.321,16.404,2.859,168075,353679
c1908,fixed-16384,16384,3,1879,1870,6,3,99.5210,99.8403,16384,180,0,9,0,180,124,16384,360382,168075,528457,3.251,14.342,17.592,2.957,168075,360382
c1908,fixed-16384,16384,4,1879,1870,6,3,99.5210,99.8403,16384,184,0,9,0,184,117,16384,356104,168075,524179,3.074,13.532,16.606,2.868,168075,356104
c1908,fixed-16384,16384,5,1879,1870,6,3,99.5210,99.8403,16384,198,1,10,0,199,125,16384,357915,169428,527343,3.106,13.820,16.927,3.029,168075,359268
c1908,fixed-24576,24576,1,1879,1870,6,3,99.5210,99.8403,24576,182,0,9,0,182,129,24576,477397,168075,645472,4.142,13.844,17.986,3.312,168075,477397
c1908,fixed-24576,24576,2,1879,1870,6,3,99.5210,99.8403,24576,169,0,9,0,169,121,24576,470525,168075,638600,3.513,13.308,16.821,2.781,168075,470525
c1908,fixed-24576,24576,3,1879,1870,6,3,99.5210,99.8403,24576,180,0,9,0,180,124,24576,477237,168075,645312,3.638,13.330,16.969,3.026,168075,477237
c1908,fixed-24576,24576,4,1879,1870,6,3,99.5210,99.8403,24576,184,0,9,0,184,117,24576,473013,168075,641088,3.535,13.400,16.935,2.866,168075,473013
c1908,fixed-24576,24576,5,1879,1870,6,3,99.5210,99.8403,24576,199,0,9,0,199,125,24576,474897,168075,642972,3.507,13.511,17.018,2.869,168075,474897
c1908,fixed-32768,32768,1,1879,1870,6,3,99.5210,99.8403,32768,182,0,9,0,182,129,32768,594234,168075,762309,3.819,13.472,17.291,2.839,168075,594234
c1908,fixed-32768,32768,2,1879,1870,6,3,99.5210,99.8403,32768,169,0,9,0,169,121,32768,587371,168075,755446,3.846,13.439,17.286,2.761,168075,587371
c1908,fixed-32768,32768,3,1879,1870,6,3,99.5210,99.8403,32768,180,0,9,0,180,124,32768,594137,168075,762212,3.944,13.621,17.565,3.062,168075,594137
c1908,fixed-32768,32768,4,1879,1870,6,3,99.5210,99.8403,32768,184,0,9,0,184,117,32768,589868,168075,757943,3.926,13.513,17.438,2.898,168075,589868
c1908,fixed-32768,32768,5,1879,1870,6,3,99.5210,99.8403,32768,199,0,9,0,199,125,32768,591788,168075,759863,3.848,13.519,17.367,2.912,168075,591788
c1908,plateau,2560,1,1879,1870,6,3,99.5210,99.8403,2560,172,9,18,0,181,129,2560,162294,180466,342760,2.362,13.386,15.748,2.687,168075,174686
c1908,plateau,2880,2,1879,1870,6,3,99.5210,99.8403,2880,163,6,15,0,169,121,2880,160533,185851,346384,2.348,14.294,16.642,2.775,168075,178309
c1908,plateau,3008,3,1879,1870,6,3,99.5210,99.8403,3008,171,9,18,0,180,125,3008,169341,180001,349342,2.667,14.267,16.934,2.907,168075,181268
c1908,plateau,3648,4,1879,1870,6,3,99.5210,99.8403,3648,180,4,13,0,184,116,3648,174162,173565,347727,2.447,13.896,16.343,2.806,168075,179652
c1908,plateau,3264,5,1879,1870,6,3,99.5210,99.8403,3264,191,8,17,0,199,126,3264,170198,184039,354237,2.481,14.109,16.590,2.846,168075,186162
c1908,stage1,2560,1,1879,1870,6,3,99.5210,99.8403,2560,172,9,18,0,181,129,2560,162294,180466,342760,2.508,13.257,15.765,2.825,168075,174686
c1908,stage1,2944,2,1879,1870,6,3,99.5210,99.8403,2944,163,6,15,0,169,121,2944,161462,185851,347313,2.316,14.009,16.326,2.730,168075,179238
c1908,stage1,3072,3,1879,1870,6,3,99.5210,99.8403,3072,171,9,18,0,180,125,3072,170259,180001,350260,2.433,14.623,17.056,2.955,168075,182186
c1908,stage1,3648,4,1879,1870,6,3,99.5210,99.8403,3648,180,4,13,0,184,116,3648,174162,173565,347727,2.465,14.772,17.237,2.798,168075,179652
c1908,stage1,3968,5,1879,1870,6,3,99.5210,99.8403,3968,195,4,13,0,199,126,3968,180431,178460,358891,2.976,14.376,17.352,2.885,168075,190816
c1908,adaptive,2624,1,1879,1870,6,3,99.5210,99.8403,2624,172,9,18,16,181,129,2624,163190,180548,343738,2.469,18.130,20.600,2.818,168075,175664
c1908,adaptive,2944,2,1879,1870,6,3,99.5210,99.8403,2944,163,6,15,15,169,121,2944,161462,185840,347302,2.572,15.583,18.155,2.950,168075,179227
c1908,adaptive,3136,3,1879,1870,6,3,99.5210,99.8403,3136,171,9,18,16,180,126,3136,171147,179985,351132,2.610,14.505,17.114,2.834,168075,183058
c1908,adaptive,3648,4,1879,1870,6,3,99.5210,99.8403,3648,180,4,13,13,184,116,3648,174162,173502,347664,2.513,14.090,16.603,2.756,168075,179589
c1908,adaptive,3968,5,1879,1870,6,3,99.5210,99.8403,3968,195,4,13,13,199,126,3968,180431,173480,353911,2.535,13.779,16.315,3.204,168075,185836
c2670,podem,0,1,2747,2630,64,53,95.7408,98.0706,0,0,138,255,0,138,116,0,0,3974273,3974273,0.000,217.301,217.301,2.925,3490029,484244
c2670,podem,0,2,2747,2630,64,53,95.7408,98.0706,0,0,146,263,0,146,117,0,0,4016842,4016842,0.000,241.035,241.035,2.290,3490029,526813
c2670,podem,0,3,2747,2630,64,53,95.7408,98.0706,0,0,143,260,0,143,111,0,0,4006036,4006036,0.000,243.118,243.118,2.345,3490029,516008
c2670,podem,0,4,2747,2630,64,53,95.7408,98.0706,0,0,134,251,0,134,109,0,0,3975688,3975688,0.000,275.371,275.371,2.349,3490029,485660
c2670,podem,0,5,2747,2630,64,53,95.7408,98.0706,0,0,133,250,0,133,115,0,0,3978258,3978258,0.000,245.625,245.625,2.211,3490029,488229
c2670,fixed-64,64,1,2747,2630,64,53,95.7408,98.0706,64,54,111,228,0,165,112,64,78538,3793664,3872202,1.795,228.213,230.008,2.303,3490029,382172
c2670,fixed-64,64,2,2747,2630,64,53,95.7408,98.0706,64,49,113,230,0,162,116,64,80485,3821454,3901940,1.871,224.954,226.825,2.268,3490029,411910
c2670,fixed-64,64,3,2747,2630,64,53,95.7408,98.0706,64,58,108,225,0,166,115,64,82810,3808718,3891528,1.888,216.914,218.802,2.201,3490029,401499
c2670,fixed-64,64,4,2747,2630,64,53,95.7408,98.0706,64,53,121,238,0,174,118,64,83013,3883272,3966285,1.886,220.722,222.608,2.224,3490029,476256
c2670,fixed-64,64,5,2747,2630,64,53,95.7408,98.0706,64,61,108,225,0,169,112,64,83535,3810927,3894462,1.862,220.706,222.568,2.248,3490029,404433
c2670,fixed-96,96,1,2747,2630,64,53,95.7408,98.0706,128,77,102,219,0,179,119,128,86221,3787939,3874160,2.028,224.357,226.385,2.303,3490029,384131
c2670,fixed-96,96,2,2747,2630,64,53,95.7408,98.0706,128,68,109,226,0,177,106,128,89227,3796351,3885578,2.063,217.681,219.744,2.319,3490029,395549
c2670,fixed-96,96,3,2747,2630,64,53,95.7408,98.0706,128,76,90,207,0,166,113,128,89601,3737454,3827055,2.150,215.579,217.729,2.227,3490029,337026
c2670,fixed-96,96,4,2747,2630,64,53,95.7408,98.0706,128,80,97,214,0,177,110,128,91146,3745786,3836932,2.024,212.958,214.982,2.229,3490029,346904
c2670,fixed-96,96,5,2747,2630,64,53,95.7408,98.0706,128,81,97,214,0,178,118,128,90551,3743721,3834272,2.095,212.171,214.265,2.258,3490029,344243
c2670,fixed-128,128,1,2747,2630,64,53,95.7408,98.0706,128,77,102,219,0,179,119,128,86221,3787939,3874160,2.025,225.518,227.543,2.363,3490029,384131
c2670,fixed-128,128,2,2747,2630,64,53,95.7408,98.0706,128,68,109,226,0,177,106,128,89227,3796351,3885578,2.138,235.015,237.153,2.664,3490029,395549
c2670,fixed-128,128,3,2747,2630,64,53,95.7408,98.0706,128,76,90,207,0,166,113,128,89601,3737454,3827055,2.183,230.218,232.400,2.294,3490029,337026
c2670,fixed-128,128,4,2747,2630,64,53,95.7408,98.0706,128,80,97,214,0,177,110,128,91146,3745786,3836932,2.200,242.570,244.770,2.472,3490029,346904
c2670,fixed-128,128,5,2747,2630,64,53,95.7408,98.0706,128,81,97,214,0,178,118,128,90551,3743721,3834272,2.541,236.027,238.568,2.411,3490029,344243
c2670,fixed-192,192,1,2747,2630,64,53,95.7408,98.0706,192,83,98,215,0,181,110,192,91627,3752680,3844307,2.264,227.559,229.824,2.284,3490029,354278
c2670,fixed-192,192,2,2747,2630,64,53,95.7408,98.0706,192,83,97,214,0,180,114,192,95142,3762478,3857620,2.252,231.445,233.697,2.478,3490029,367592
c2670,fixed-192,192,3,2747,2630,64,53,95.7408,98.0706,192,83,84,201,0,167,110,192,94885,3719041,3813926,2.275,240.481,242.756,2.355,3490029,323897
c2670,fixed-192,192,4,2747,2630,64,53,95.7408,98.0706,192,93,92,209,0,185,117,192,97145,3732124,3829269,2.284,249.397,251.681,2.310,3490029,339240
c2670,fixed-192,192,5,2747,2630,64,53,95.7408,98.0706,192,90,89,206,0,179,112,192,95921,3715026,3810947,2.313,225.791,228.104,2.375,3490029,320918
c2670,fixed-256,256,1,2747,2630,64,53,95.7408,98.0706,256,89,89,206,0,178,111,256,97094,3734539,3831633,2.446,228.304,230.751,2.303,3490029,341604
c2670,fixed-256,256,2,2747,2630,64,53,95.7408,98.0706,256,88,93,210,0,181,111,256,100803,3755551,3856354,2.386,228.365,230.751,2.367,3490029,366325
c2670,fixed-256,256,3,2747,2630,64,53,95.7408,98.0706,256,87,82,199,0,169,110,256,99908,3702441,3802349,2.328,226.464,228.792,2.330,3490029,312320
c2670,fixed-256,256,4,2747,2630,64,53,95.7408,98.0706,256,97,86,203,0,183,121,256,101705,3704307,3806012,2.439,225.824,228.263,2.399,3490029,315983
c2670,fixed-256,256,5,2747,2630,64,53,95.7408,98.0706,256,94,91,208,0,185,111,256,100712,3721394,3822106,2.771,224.541,227.312,2.317,3490029,332077
c2670,fixed-384,384,1,2747,2630,64,53,95.7408,98.0706,384,96,84,201,0,180,113,384,106927,3706118,3813044,2.512,230.035,232.548,2.348,3490029,323016
c2670,fixed-384,384,2,2747,2630,64,53,95.7408,98.0706,384,94,90,207,0,184,110,384,110660,3733382,3844042,2.649,226.829,229.478,2.347,3490029,354012
c2670,fixed-384,384,3,2747,2630,64,53,95.7408,98.0706,384,93,87,204,0,180,119,384,109495,3698900,3808395,2.582,224.347,226.930,2.391,3490029,318366
c2670,fixed-384,384,4,2747,2630,64,53,95.7408,98.0706,384,101,83,200,0,184,112,384,110864,3688000,3798864,2.605,222.240,224.844,2.366,3490029,308835
c2670,fixed-384,384,5,2747,2630,64,53,95.7408,98.0706,384,97,87,204,0,184,112,384,110051,3701905,3811956,2.638,241.095,243.734,2.276,3490029,321927
c2670,fixed-512,512,1,2747,2630,64,53,95.7408,98.0706,512,101,82,199,0,183,118,512,116038,3697126,3813164,2.693,209.877,212.569,2.319,3490029,323136
c2670,fixed-512,512,2,2747,2630,64,53,95.7408,98.0706,512,100,87,204,0,187,118,512,120176,3699302,3819478,2.626,202.463,205.089,2.143,3490029,329449
c2670,fixed-512,512,3,2747,2630,64,53,95.7408,98.0706,512,96,78,195,0,174,115,512,118601,3672446,3791048,2.483,201.409,203.891,2.072,3490029,301018
c2670,fixed-512,512,4,2747,2630,64,53,95.7408,98.0706,512,103,83,200,0,186,118,512,119726,3682141,3801867,2.487,199.010,201.497,2.136,3490029,311838
c2670,fixed-512,512,5,2747,2630,64,53,95.7408,98.0706,512,101,80,197,0,181,112,512,119471,3671188,3790659,2.494,220.888,223.382,2.339,3490029,300630
c2670,fixed-768,768,1,2747,2630,64,53,95.7408,98.0706,768,105,76,193,0,181,118,768,133723,3678613,3812336,3.664,226.746,230.410,2.397,3490029,322307
c2670,fixed-768,768,2,2747,2630,64,53,95.7408,98.0706,768,106,83,200,0,189,114,768,138556,3682736,3821292,3.117,243.037,246.154,2.591,3490029,331262
c2670,fixed-768,768,3,2747,2630,64,53,95.7408,98.0706,768,100,79,196,0,179,109,768,136490,3668060,3804550,3.274,241.905,245.179,2.273,3490029,314522
c2670,fixed-768,768,4,2747,2630,64,53,95.7408,98.0706,768,107,81,198,0,188,120,768,137568,3672614,3810182,3.069,263.645,266.714,2.416,3490029,320154
c2670,fixed-768,768,5,2747,2630,64,53,95.7408,98.0706,768,104,79,196,0,183,107,768,137475,3680100,3817574,3.256,234.469,237.725,2.218,3490029,327546
c2670,fixed-1024,1024,1,2747,2630,64,53,95.7408,98.0706,1024,105,75,192,0,180,114,1024,151051,3676496,3827546,3.105,214.902,218.007,2.172,3490029,337518
c2670,fixed-1024,1024,2,2747,2630,64,53,95.7408,98.0706,1024,106,78,195,0,184,117,1024,156335,3670636,3826971,3.755,212.465,216.220,2.161,3490029,336942
c2670,fixed-1024,1024,3,2747,2630,64,53,95.7408,98.0706,1024,103,77,194,0,180,116,1024,154323,3661655,3815978,3.166,204.870,208.036,2.458,3490029,325949
c2670,fixed-1024,1024,4,2747,2630,64,53,95.7408,98.0706,1024,109,80,197,0,189,118,1024,155286,3669338,3824624,3.577,220.708,224.285,2.080,3490029,334595
c2670,fixed-1024,1024,5,2747,2630,64,53,95.7408,98.0706,1024,107,76,193,0,183,112,1024,155303,3662276,3817579,3.263,209.891,213.154,2.234,3490029,327550
c2670,fixed-1536,1536,1,2747,2630,64,53,95.7408,98.0706,1536,107,75,192,0,182,119,1536,186027,3655212,3841239,3.781,205.529,209.310,2.075,3490029,351210
c2670,fixed-1536,1536,2,2747,2630,64,53,95.7408,98.0706,1536,111,76,193,0,187,116,1536,191656,3657379,3849035,3.886,219.403,223.289,2.373,3490029,359006
c2670,fixed-1536,1536,3,2747,2630,64,53,95.7408,98.0706,1536,104,76,193,0,180,123,1536,189133,3659962,3849095,4.161,227.116,231.277,2.316,3490029,359066
c2670,fixed-1536,1536,4,2747,2630,64,53,95.7408,98.0706,1536,112,75,192,0,187,123,1536,190432,3655564,3845996,4.123,223.910,228.033,2.345,3490029,355966
c2670,fixed-1536,1536,5,2747,2630,64,53,95.7408,98.0706,1536,108,76,193,0,184,116,1536,190428,3659966,3850394,4.150,226.527,230.677,2.325,3490029,360365
c2670,fixed-2048,2048,1,2747,2630,64,53,95.7408,98.0706,2048,108,79,196,0,187,121,2048,220612,3663747,3884359,4.620,233.847,238.467,2.384,3490029,394330
c2670,fixed-2048,2048,2,2747,2630,64,53,95.7408,98.0706,2048,111,73,190,0,184,112,2048,226596,3651075,3877671,5.099,227.110,232.208,2.611,3490029,387642
c2670,fixed-2048,2048,3,2747,2630,64,53,95.7408,98.0706,2048,105,74,191,0,179,117,2048,224070,3653370,3877440,4.692,234.373,239.066,2.319,3490029,387412
c2670,fixed-2048,2048,4,2747,2630,64,53,95.7408,98.0706,2048,112,80,197,0,192,119,2048,225340,3666439,3891779,4.762,230.613,235.375,2.357,3490029,401750
c2670,fixed-2048,2048,5,2747,2630,64,53,95.7408,98.0706,2048,108,77,194,0,185,116,2048,225307,3661795,3887102,4.834,230.010,234.844,3.133,3490029,397073
c2670,fixed-3072,3072,1,2747,2630,64,53,95.7408,98.0706,3072,109,73,190,0,182,118,3072,290372,3651178,3941550,6.210,228.276,234.485,2.299,3490029,451520
c2670,fixed-3072,3072,2,2747,2630,64,53,95.7408,98.0706,3072,112,73,190,0,185,117,3072,296453,3651061,3947514,6.066,225.203,231.269,2.390,3490029,457485
c2670,fixed-3072,3072,3,2747,2630,64,53,95.7408,98.0706,3072,105,75,192,0,180,114,3072,293478,3654795,3948273,6.136,225.614,231.750,2.277,3490029,458244
c2670,fixed-3072,3072,4,2747,2630,64,53,95.7408,98.0706,3072,115,76,193,0,191,119,3072,295274,3656905,3952179,6.061,225.898,231.959,2.265,3490029,462150
c2670,fixed-3072,3072,5,2747,2630,64,53,95.7408,98.0706,3072,110,74,191,0,184,119,3072,294307,3653014,3947322,6.053,212.018,218.071,2.443,3490029,457292
c2670,fixed-4096,4096,1,2747,2630,64,53,95.7408,98.0706,4096,110,75,192,0,185,119,4096,360170,3655396,4015566,6.808,236.816,243.624,2.196,3490029,525537
c2670,fixed-4096,4096,2,2747,2630,64,53,95.7408,98.0706,4096,114,72,189,0,186,114,4096,366042,3648551,4014593,6.551,203.722,210.272,2.214,3490029,524564
c2670,fixed-4096,4096,3,2747,2630,64,53,95.7408,98.0706,4096,106,76,193,0,182,122,4096,362916,3657176,4020092,6.867,216.075,222.942,2.257,3490029,530063
c2670,fixed-4096,4096,4,2747,2630,64,53,95.7408,98.0706,4096,116,74,191,0,190,119,4096,364705,3652918,4017623,6.814,206.992,213.806,2.163,3490029,527594
c2670,fixed-4096,4096,5,2747,2630,64,53,95.7408,98.0706,4096,110,75,192,0,185,122,4096,362903,3655139,4018042,6.646,210.957,217.603,2.368,3490029,528013
c2670,fixed-6144,6144,1,2747,2630,64,53,95.7408,98.0706,6144,111,72,189,0,183,117,6144,497844,3648052,4145896,9.552,228.065,237.618,2.301,3490029,655867
c2670,fixed-6144,6144,2,2747,2630,64,53,95.7408,98.0706,6144,116,76,193,0,192,119,6144,501989,3656572,4158561,9.709,230.699,240.408,2.223,3490029,668532
c2670,fixed-6144,6144,3,2747,2630,64,53,95.7408,98.0706,6144,107,75,192,0,182,118,6144,502408,3654607,4157015,9.217,212.104,221.322,2.358,3490029,666986
c2670,fixed-6144,6144,4,2747,2630,64,53,95.7408,98.0706,6144,117,76,193,0,193,122,6144,503889,3657255,4161144,9.694,229.299,238.993,2.399,3490029,671115
c2670,fixed-6144,6144,5,2747,2630,64,53,95.7408,98.0706,6144,112,74,191,0,186,123,6144,500081,3652646,4152727,9.675,223.602,233.277,2.378,3490029,662698
c2670,fixed-8192,8192,1,2747,2630,64,53,95.7408,98.0706,8192,111,73,190,0,184,118,8192,634554,3650018,4284572,12.353,222.979,235.331,2.329,3490029,794544
c2670,fixed-8192,8192,2,2747,2630,64,53,95.7408,98.0706,8192,116,73,190,0,189,120,8192,637418,3650246,4287664,12.044,225.673,237.717,2.363,3490029,797634
c2670,fixed-8192,8192,3,2747,2630,64,53,95.7408,98.0706,8192,107,77,194,0,184,122,8192,641291,3659117,4300408,12.605,245.597,258.203,2.124,3490029,810379
c2670,fixed-8192,8192,4,2747,2630,64,53,95.7408,98.0706,8192,118,73,190,0,191,118,8192,642169,3651248,4293418,11.526,208.231,219.757,2.093,3490029,803388
c2670,fixed-8192,8192,5,2747,2630,64,53,95.7408,98.0706,8192,113,73,190,0,186,116,8192,635248,3650539,4285787,10.853,203.526,214.379,2.724,3490029,795758
c2670,fixed-12288,12288,1,2747,2630,64,53,95.7408,98.0706,12288,112,73,190,0,185,119,12288,908000,3650426,4558426,15.413,207.988,223.401,2.191,3490029,1068398
c2670,fixed-12288,12288,2,2747,2630,64,53,95.7408,98.0706,12288,117,75,192,0,192,123,12288,910015,3654727,4564742,15.553,215.528,231.081,2.217,3490029,1074713
c2670,fixed-12288,12288,3,2747,2630,64,53,95.7408,98.0706,12288,109,75,192,0,184,120,12288,917497,3654798,4572296,16.230,211.840,228.070,2.303,3490029,1082266
c2670,fixed-12288,12288,4,2747,2630,64,53,95.7408,98.0706,12288,119,74,191,0,193,119,12288,918325,3652804,4571130,16.731,213.132,229.863,2.320,3490029,1081100
c2670,fixed-12288,12288,5,2747,2630,64,53,95.7408,98.0706,12288,115,74,191,0,189,117,12288,903087,3653026,4556113,15.712,209.451,225.163,2.221,3490029,1066084
c2670,fixed-16384,16384,1,2747,2630,64,53,95.7408,98.0706,16384,113,73,190,0,186,119,16384,1180108,3650146,4830254,20.385,206.108,226.492,2.168,3490029,1340225
c2670,fixed-16384,16384,2,2747,2630,64,53,95.7408,98.0706,16384,117,73,190,0,190,120,16384,1181621,3650067,4831688,19.913,218.871,238.784,2.618,3490029,1341659
c2670,fixed-16384,16384,3,2747,2630,64,53,95.7408,98.0706,16384,109,74,191,0,183,123,16384,1192579,3652817,4845396,23.370,245.631,269.001,2.432,3490029,1355367
c2670,fixed-16384,16384,4,2747,2630,64,53,95.7408,98.0706,16384,120,74,191,0,194,116,16384,1193434,3653396,4846830,24.117,222.880,246.997,2.193,3490029,1356801
c2670,fixed-16384,16384,5,2747,2630,64,53,95.7408,98.0706,16384,115,73,190,0,188,113,16384,1171117,3650560,4821677,20.901,218.811,239.712,2.355,3490029,1331648
c2670,fixed-24576,24576,1,2747,2630,64,53,95.7408,98.0706,24576,114,75,192,0,189,118,24576,1718924,3654985,5373909,29.969,216.101,246.070,2.267,3490029,1883880
c2670,fixed-24576,24576,2,2747,2630,64,53,95.7408,98.0706,24576,118,77,194,0,195,121,24576,1719395,3658147,5377542,30.210,216.770,246.980,2.220,3490029,1887513
c2670,fixed-24576,24576,3,2747,2630,64,53,95.7408,98.0706,24576,111,72,189,0,183,120,24576,1737126,3649271,5386397,30.573,216.020,246.592,2.274,3490029,1896368
c2670,fixed-24576,24576,4,2747,2630,64,53,95.7408,98.0706,24576,120,74,191,0,194,119,24576,1741770,3653182,5394952,30.128,222.156,252.284,2.247,3490029,1904923
c2670,fixed-24576,24576,5,2747,2630,64,53,95.7408,98.0706,24576,116,72,189,0,188,119,24576,1704443,3648518,5352960,31.050,228.731,259.781,2.431,3490029,1862932
c2670,fixed-32768,32768,1,2747,2630,64,53,95.7408,98.0706,32768,115,74,191,0,189,124,32768,2255637,3651340,5906977,42.034,233.594,275.628,2.386,3490029,2416948
c2670,fixed-32768,32768,2,2747,2630,64,53,95.7408,98.0706,32768,119,67,184,0,186,118,32768,2177123,3635828,5812951,41.642,230.119,271.762,2.303,3490029,2322922
c2670,fixed-32768,32768,3,2747,2630,64,53,95.7408,98.0706,32768,111,70,187,0,181,119,32768,2280165,3644715,5924880,42.393,237.041,279.435,2.342,3490029,2434851
c2670,fixed-32768,32768,4,2747,2630,64,53,95.7408,98.0706,32768,121,73,190,0,194,123,32768,2288806,3650702,5939508,41.923,236.484,278.407,2.351,3490029,2449480
c2670,fixed-32768,32768,5,2747,2630,64,53,95.7408,98.0706,32768,116,70,187,0,186,116,32768,2236743,3644363,5881106,40.303,238.274,278.577,2.738,3490029,2391077
c2670,plateau,1088,1,2747,2630,64,53,95.7408,98.0706,1088,105,77,194,0,182,116,1088,155406,3680957,3836363,3.919,237.932,241.851,2.318,3490029,346334
c2670,plateau,1536,2,2747,2630,64,53,95.7408,98.0706,1536,111,76,193,0,187,116,1536,191656,3657379,3849035,4.220,227.074,231.293,2.274,3490029,359006
c2670,plateau,1280,3,2747,2630,64,53,95.7408,98.0706,1280,103,76,193,0,179,118,1280,171760,3659755,3831515,3.835,218.209,222.044,2.939,3490029,341486
c2670,plateau,1856,4,2747,2630,64,53,95.7408,98.0706,1856,112,73,190,0,185,117,1856,212290,3651288,3863578,4.420,214.615,219.035,2.251,3490029,373550
c2670,plateau,1600,5,2747,2630,64,53,95.7408,98.0706,1600,108,76,193,0,184,120,1600,194719,3659908,3854626,4.106,238.647,242.753,2.242,3490029,364598
c2670,stage1,1280,1,2747,2630,64,53,95.7408,98.0706,1280,105,76,193,0,181,118,1280,168488,3678841,3847329,3.530,220.734,224.264,2.311,3490029,357300
c2670,stage1,1600,2,2747,2630,64,53,95.7408,98.0706,1600,111,73,190,0,184,117,1600,196008,3650731,3846739,4.292,223.965,228.257,2.528,3490029,356710
c2670,stage1,1280,3,2747,2630,64,53,95.7408,98.0706,1280,103,76,193,0,179,118,1280,171760,3659755,3831515,3.742,225.776,229.518,2.364,3490029,341486
c2670,stage1,2176,4,2747,2630,64,53,95.7408,98.0706,2176,112,76,193,0,188,115,2176,234158,3657410,3891568,5.042,217.403,222.446,2.225,3490029,401540
c2670,stage1,1664,5,2747,2630,64,53,95.7408,98.0706,1664,108,76,193,0,184,110,1664,199016,3657556,3856572,4.122,211.451,215.573,2.165,3490029,366544
c2670,adaptive,1408,1,2747,2630,64,53,95.7408,98.0706,1408,105,75,192,16,180,114,1408,174227,3674562,3848790,3.723,209.207,212.930,2.180,3490029,358760
c2670,adaptive,1728,2,2747,2630,64,53,95.7408,98.0706,1728,111,75,192,16,186,114,1728,201667,3652132,3853799,4.042,208.652,212.695,2.214,3490029,363770
c2670,adaptive,1408,3,2747,2630,64,53,95.7408,98.0706,1408,103,75,192,16,178,112,1408,177390,3653962,3831352,3.616,209.626,213.242,2.617,3490029,341324
c2670,adaptive,2304,4,2747,2630,64,53,95.7408,98.0706,2304,112,79,196,16,191,120,2304,239299,3659954,3899253,4.801,215.709,220.510,2.509,3490029,409224
c2670,adaptive,1792,5,2747,2630,64,53,95.7408,98.0706,1792,108,75,192,16,183,119,1792,204640,3654950,3859590,4.319,215.625,219.944,2.276,3490029,369561
c3540,podem,0,1,3428,3285,84,59,95.8285,98.2789,0,0,216,360,0,216,170,0,0,8645405,8645405,0.000,704.263,704.263,10.449,7270628,1374777
c3540,podem,0,2,3428,3286,84,58,95.8576,98.3081,0,0,210,355,0,210,168,0,0,8745134,8745134,0.000,710.141,710.141,11.183,7085833,1659301
c3540,podem,0,3,3428,3283,84,61,95.7701,98.2205,0,0,204,349,0,204,162,0,0,8595749,8595749,0.000,669.210,669.210,9.235,7391436,1204313
c3540,podem,0,4,3428,3284,84,60,95.7993,98.2497,0,0,217,363,0,217,173,0,0,8703023,8703023,0.000,707.141,707.141,10.083,7287066,1415956
c3540,podem,0,5,3428,3284,84,60,95.7993,98.2497,0,0,203,347,0,203,167,0,0,8522152,8522152,0.000,726.524,726.524,10.009,7263755,1258397
c3540,fixed-64,64,1,3428,3284,84,60,95.7993,98.2497,64,58,164,309,0,222,180,64,310865,8197338,8508204,7.457,684.596,692.054,10.226,7338229,1169974
c3540,fixed-64,64,2,3428,3285,84,59,95.8285,98.2789,64,61,164,314,0,225,179,64,311529,8719894,9031423,7.830,754.206,762.036,9.757,7239179,1792244
c3540,fixed-64,64,3,3428,3278,84,66,95.6243,98.0747,64,61,168,318,0,229,175,64,305317,8737979,9043296,7.591,733.780,741.370,9.537,8043250,1000046
c3540,fixed-64,64,4,3428,3283,84,61,95.7701,98.2205,64,60,154,299,0,214,171,64,330170,8082483,8412653,8.283,695.188,703.471,10.211,7451502,961151
c3540,fixed-64,64,5,3428,3286,84,58,95.8576,98.3081,64,61,150,292,0,211,166,64,312059,7798126,8110186,7.833,659.076,666.909,9.112,7142947,967238
c3540,fixed-96,96,1,3428,3284,84,60,95.7993,98.2497,128,99,132,279,0,231,178,128,343594,8131273,8474867,8.353,644.352,652.705,9.042,7250098,1224768
c3540,fixed-96,96,2,3428,3283,84,61,95.7701,98.2205,128,99,131,276,0,230,168,128,342994,7974145,8317139,7.995,652.887,660.882,9.047,7447318,869821
c3540,fixed-96,96,3,3428,3285,84,59,95.8285,98.2789,128,101,137,282,0,238,171,128,338382,7981658,8320040,7.996,661.002,668.998,9.645,7167562,1152478
c3540,fixed-96,96,4,3428,3285,84,59,95.8285,98.2789,128,95,129,272,0,224,172,128,355154,7681098,8036252,8.222,635.972,644.194,9.215,7177071,859182
c3540,fixed-96,96,5,3428,3283,84,61,95.7701,98.2205,128,101,130,275,0,231,174,128,338489,8045088,8383578,8.089,656.192,664.280,9.571,7512436,871141
c3540,fixed-128,128,1,3428,3284,84,60,95.7993,98.2497,128,99,132,279,0,231,178,128,343594,8131273,8474867,8.532,696.941,705.473,9.571,7250098,1224768
c3540,fixed-128,128,2,3428,3283,84,61,95.7701,98.2205,128,99,131,276,0,230,168,128,342994,7974145,8317139,8.627,680.590,689.217,9.746,7447318,869821
c3540,fixed-128,128,3,3428,3285,84,59,95.8285,98.2789,128,101,137,282,0,238,171,128,338382,7981658,8320040,8.467,694.249,702.716,9.633,7167562,1152478
c3540,fixed-128,128,4,3428,3285,84,59,95.8285,98.2789,128,95,129,272,0,224,172,128,355154,7681098,8036252,8.746,684.981,693.726,9.715,7177071,859182
c3540,fixed-128,128,5,3428,3283,84,61,95.7701,98.2205,128,101,130,275,0,231,174,128,338489,8045088,8383578,8.377,694.724,703.101,9.514,7512436,871141
c3540,fixed-192,192,1,3428,3284,84,60,95.7993,98.2497,192,122,119,265,0,241,186,192,356859,7947998,8304857,10.747,706.633,717.380,11.126,7292386,1012472
c3540,fixed-192,192,2,3428,3286,84,58,95.8576,98.3081,192,120,116,260,0,236,173,192,364275,7754778,8119053,10.182,669.751,679.933,9.573,7125775,993278
c3540,fixed-192,192,3,3428,3279,84,65,95.6534,98.1039,192,128,118,267,0,246,181,192,351034,8381465,8732499,8.381,693.863,702.244,10.462,7916396,816103
c3540,fixed-192,192,4,3428,3287,84,57,95.8868,98.3372,192,121,109,250,0,230,173,192,369155,7391368,7760522,9.914,670.226,680.140,9.563,6992243,768280
c3540,fixed-192,192,5,3428,3286,84,58,95.8576,98.3081,192,124,110,252,0,234,172,192,357662,7537802,7895464,8.881,651.410,660.291,9.831,7142947,752518
c3540,fixed-256,256,1,3428,3287,84,57,95.8868,98.3372,256,141,96,238,0,237,182,256,370378,7371395,7741773,8.725,666.732,675.457,9.845,6900597,841176
c3540,fixed-256,256,2,3428,3284,84,60,95.7993,98.2497,256,141,85,229,0,226,159,256,376960,7624277,8001237,9.799,650.042,659.841,9.152,7306662,694575
c3540,fixed-256,256,3,3428,3282,84,62,95.7410,98.1914,256,145,114,261,0,259,185,256,364991,8069743,8434734,10.652,681.544,692.196,9.418,7546218,888515
c3540,fixed-256,256,4,3428,3287,84,57,95.8868,98.3372,256,135,99,240,0,234,167,256,377337,7347769,7725106,10.796,665.533,676.329,9.842,6992243,732863
c3540,fixed-256,256,5,3428,3286,84,58,95.8576,98.3081,256,139,93,235,0,232,170,256,370447,7454503,7824950,9.581,658.101,667.683,8.970,7142947,682003
c3540,fixed-384,384,1,3428,3287,84,57,95.8868,98.3372,384,168,78,219,0,246,177,384,382563,7166403,7548966,9.265,586.236,595.501,8.287,6900597,648369
c3540,fixed-384,384,2,3428,3286,84,58,95.8576,98.3081,384,164,73,216,0,237,170,384,390340,7411844,7802184,8.685,617.750,626.436,9.572,7028278,773907
c3540,fixed-384,384,3,3428,3288,84,56,95.9160,98.3664,384,172,87,230,0,259,183,384,379863,7557331,7937194,10.495,647.624,658.120,9.515,6869330,1067864
c3540,fixed-384,384,4,3428,3287,84,57,95.8868,98.3372,384,157,80,221,0,237,175,384,389587,7273324,7662911,9.570,686.972,696.542,9.389,6992243,670668
c3540,fixed-384,384,5,3428,3287,84,57,95.8868,98.3372,384,156,86,227,0,242,176,384,382290,7285231,7667521,11.077,654.003,665.081,9.528,7000388,667133
c3540,fixed-512,512,1,3428,3287,84,57,95.8868,98.3372,512,183,57,198,0,240,175,512,390554,7088978,7479532,9.891,644.156,654.047,9.452,6900597,578935
c3540,fixed-512,512,2,3428,3287,84,57,95.8868,98.3372,512,180,59,200,0,239,167,512,399103,7109842,7508944,10.380,638.682,649.063,9.065,6900597,608348
c3540,fixed-512,512,3,3428,3285,84,59,95.8285,98.2789,512,189,79,222,0,268,181,512,391464,7541490,7932954,9.339,648.996,658.334,9.072,7261118,671836
c3540,fixed-512,512,4,3428,3290,84,54,95.9743,98.4247,512,178,68,206,0,246,173,512,399659,6817794,7217453,9.252,606.025,615.278,9.669,6598412,619041
c3540,fixed-512,512,5,3428,3288,84,56,95.9160,98.3664,512,177,64,204,0,241,175,512,392526,7072885,7465411,11.134,633.457,644.591,9.096,6864562,600848
c3540,fixed-768,768,1,3428,3289,84,55,95.9452,98.3956,768,205,44,183,0,249,181,768,404716,6846244,7250960,9.578,562.860,572.438,9.176,6715769,535190
c3540,fixed-768,768,2,3428,3289,84,55,95.9452,98.3956,768,199,43,182,0,242,175,768,411767,6848197,7259964,10.394,602.514,612.907,8.904,6715769,544195
c3540,fixed-768,768,3,3428,3289,84,55,95.9452,98.3956,768,219,56,195,0,275,181,768,407058,6932241,7339299,9.884,587.656,597.541,8.885,6737708,601591
c3540,fixed-768,768,4,3428,3290,84,54,95.9743,98.4247,768,199,52,190,0,251,169,768,415859,6757039,7172898,9.977,587.094,597.072,8.806,6598412,574486
c3540,fixed-768,768,5,3428,3290,84,54,95.9743,98.4247,768,196,50,188,0,246,180,768,405484,6749427,7154911,10.134,556.771,566.905,8.539,6598412,556499
c3540,fixed-1024,1024,1,3428,3289,84,55,95.9452,98.3956,1024,216,32,171,0,248,175,1024,415489,6812237,7227726,10.151,563.011,573.163,8.750,6715769,511956
c3540,fixed-1024,1024,2,3428,3289,84,55,95.9452,98.3956,1024,210,33,172,0,243,177,1024,422325,6816369,7238694,10.663,571.444,582.107,8.755,6715769,522925
c3540,fixed-1024,1024,3,3428,3289,84,55,95.9452,98.3956,1024,238,35,174,0,273,180,1024,419127,6862881,7282008,10.013,562.332,572.345,8.631,6737708,544300
c3540,fixed-1024,1024,4,3428,3290,84,54,95.9743,98.4247,1024,208,41,179,0,249,173,1024,425867,6718984,7144852,9.337,555.736,565.073,8.865,6598412,546439
c3540,fixed-1024,1024,5,3428,3290,84,54,95.9743,98.4247,1024,202,44,182,0,246,179,1024,415827,6732540,7148366,9.909,622.250,632.159,9.594,6598412,549954
c3540,fixed-1536,1536,1,3428,3289,84,55,95.9452,98.3956,1536,236,13,152,0,249,181,1536,434661,6753343,7188004,11.272,641.951,653.223,12.025,6715769,472235
c3540,fixed-1536,1536,2,3428,3289,84,55,95.9452,98.3956,1536,222,25,164,0,247,178,1536,440915,6791630,7232544,13.356,691.194,704.550,10.897,6715769,516775
c3540,fixed-1536,1536,3,3428,3290,84,54,95.9743,98.4247,1536,254,22,160,0,276,177,1536,438483,6652506,7090989,11.038,732.048,743.086,9.988,6588915,502074
c3540,fixed-1536,1536,4,3428,3290,84,54,95.9743,98.4247,1536,226,25,163,0,251,174,1536,445340,6672793,7118133,10.290,636.656,646.946,8.567,6598412,519721
c3540,fixed-1536,1536,5,3428,3290,84,54,95.9743,98.4247,1536,230,21,159,0,251,179,1536,437432,6660043,7097475,10.190,568.042,578.232,9.825,6598412,499063
c3540,fixed-2048,2048,1,3428,3289,84,55,95.9452,98.3956,2048,241,12,151,0,253,185,2048,451525,6750367,7201892,10.218,589.464,599.682,9.001,6715769,486123
c3540,fixed-2048,2048,2,3428,3290,84,54,95.9743,98.4247,2048,234,17,155,0,251,184,2048,458707,6648424,7107131,10.314,558.789,569.103,8.650,6598412,508718
c3540,fixed-2048,2048,3,3428,3291,84,53,96.0035,98.4539,2048,265,13,150,0,278,179,2048,456079,6508566,6964646,10.378,609.915,620.293,9.104,6471558,493088
c3540,fixed-2048,2048,4,3428,3290,84,54,95.9743,98.4247,2048,238,17,155,0,255,177,2048,462915,6649774,7112688,10.547,597.832,608.379,9.473,6598412,514276
c3540,fixed-2048,2048,5,3428,3290,84,54,95.9743,98.4247,2048,239,14,152,0,253,181,2048,455128,6639073,7094201,10.775,592.438,603.213,10.251,6598412,495789
c3540,fixed-3072,3072,1,3428,3289,84,55,95.9452,98.3956,3072,246,5,144,0,251,181,3072,485320,6730165,7215485,11.323,608.878,620.201,9.604,6715769,499716
c3540,fixed-3072,3072,2,3428,3290,84,54,95.9743,98.4247,3072,240,9,147,0,249,183,3072,492476,6625730,7118206,11.023,619.210,630.233,8.866,6598412,519794
c3540,fixed-3072,3072,3,3428,3291,84,53,96.0035,98.4539,3072,273,5,142,0,278,178,3072,489579,6486428,6976008,10.343,540.978,551.321,9.047,6471558,504450
c3540,fixed-3072,3072,4,3428,3291,84,53,96.0035,98.4539,3072,250,8,145,0,258,177,3072,496764,6495914,6992678,10.412,552.952,563.364,9.014,6471558,521120
c3540,fixed-3072,3072,5,3428,3290,84,54,95.9743,98.4247,3072,245,8,146,0,253,176,3072,488408,6621724,7110132,10.404,558.060,568.464,9.533,6598412,511720
c3540,fixed-4096,4096,1,3428,3290,84,54,95.9743,98.4247,4096,248,4,142,0,252,180,4096,518364,6610135,7128499,11.172,593.083,604.254,8.846,6598412,530086
c3540,fixed-4096,4096,2,3428,3290,84,54,95.9743,98.4247,4096,242,7,145,0,249,183,4096,525452,6620436,7145888,10.337,554.991,565.328,8.889,6598412,547475
c3540,fixed-4096,4096,3,3428,3291,84,53,96.0035,98.4539,4096,276,3,140,0,279,180,4096,522572,6479896,7002468,10.967,543.849,554.816,8.782,6471558,530910
c3540,fixed-4096,4096,4,3428,3291,84,53,96.0035,98.4539,4096,251,7,144,0,258,179,4096,529961,6491724,7021685,10.279,527.705,537.984,8.298,6471558,550127
c3540,fixed-4096,4096,5,3428,3290,84,54,95.9743,98.4247,4096,247,6,144,0,253,177,4096,521351,6615716,7137066,9.535,542.732,552.267,9.421,6598412,538654
c3540,fixed-6144,6144,1,3428,3290,84,54,95.9743,98.4247,6144,250,2,140,0,252,182,6144,584065,6604484,7188550,11.677,548.724,560.402,8.518,6598412,590137
c3540,fixed-6144,6144,2,3428,3290,84,54,95.9743,98.4247,6144,245,4,142,0,249,184,6144,591253,6609672,7200924,10.494,581.245,591.740,9.604,6598412,602512
c3540,fixed-6144,6144,3,3428,3291,84,53,96.0035,98.4539,6144,278,1,138,0,279,180,6144,587977,6474371,7062348,15.378,556.531,571.909,9.488,6471558,590790
c3540,fixed-6144,6144,4,3428,3291,84,53,96.0035,98.4539,6144,253,5,142,0,258,178,6144,595687,6485645,7081332,11.333,551.601,562.934,8.496,6471558,609774
c3540,fixed-6144,6144,5,3428,3290,84,54,95.9743,98.4247,6144,252,1,139,0,253,179,6144,586902,6601237,7188139,10.682,571.798,582.480,9.242,6598412,589727
c3540,fixed-8192,8192,1,3428,3290,84,54,95.9743,98.4247,8192,250,2,140,0,252,182,8192,649594,6604564,7254158,11.447,561.354,572.802,9.023,6598412,655745
c3540,fixed-8192,8192,2,3428,3291,84,53,96.0035,98.4539,8192,246,4,141,0,250,185,8192,656715,6482805,7139520,11.578,567.942,579.520,9.528,6471558,667962
c3540,fixed-8192,8192,3,3428,3291,84,53,96.0035,98.4539,8192,278,1,138,0,279,180,8192,653259,6474386,7127645,11.888,558.395,570.283,8.745,6471558,656087
c3540,fixed-8192,8192,4,3428,3291,84,53,96.0035,98.4539,8192,253,5,142,0,258,178,8192,661303,6485677,7146980,11.662,599.484,611.146,12.876,6471558,675422
c3540,fixed-8192,8192,5,3428,3290,84,54,95.9743,98.4247,8192,252,1,139,0,253,179,8192,652161,6601234,7253395,12.546,610.945,623.491,9.170,6598412,654983
c3540,fixed-12288,12288,1,3428,3290,84,54,95.9743,98.4247,12288,251,1,139,0,252,181,12288,780141,6601242,7381383,12.405,559.380,571.785,9.731,6598412,782971
c3540,fixed-12288,12288,2,3428,3291,84,53,96.0035,98.4539,12288,248,2,139,0,250,185,12288,787119,6477168,7264287,12.507,563.567,576.074,9.579,6471558,792729
c3540,fixed-12288,12288,3,3428,3291,84,53,96.0035,98.4539,12288,278,1,138,0,279,180,12288,783521,6474383,7257904,12.224,547.530,559.754,8.983,6471558,786346
c3540,fixed-12288,12288,4,3428,3291,84,53,96.0035,98.4539,12288,255,3,140,0,258,178,12288,792019,6480037,7272056,12.241,538.720,550.961,8.801,6471558,800498
c3540,fixed-12288,12288,5,3428,3290,84,54,95.9743,98.4247,12288,252,1,139,0,253,179,12288,782539,6601247,7383786,12.288,544.798,557.086,8.930,6598412,785374
c3540,fixed-16384,16384,1,3428,3290,84,54,95.9743,98.4247,16384,252,0,138,0,252,182,16384,910757,6598412,7509169,14.345,580.148,594.493,8.632,6598412,910757
c3540,fixed-16384,16384,2,3428,3291,84,53,96.0035,98.4539,16384,250,0,137,0,250,185,16384,917483,6471558,7389041,25.169,579.447,604.615,11.623,6471558,917483
c3540,fixed-16384,16384,3,3428,3291,84,53,96.0035,98.4539,16384,278,1,138,0,279,180,16384,913774,6474392,7388166,17.533,587.605,605.138,9.012,6471558,916608
c3540,fixed-16384,16384,4,3428,3291,84,53,96.0035,98.4539,16384,255,3,140,0,258,178,16384,922597,6480036,7402633,13.667,557.584,571.251,9.016,6471558,931075
c3540,fixed-16384,16384,5,3428,3290,84,54,95.9743,98.4247,16384,253,0,138,0,253,179,16384,913288,6598412,7511700,15.201,559.396,574.597,8.943,6598412,913288
c3540,fixed-24576,24576,1,3428,3291,84,53,96.0035,98.4539,24576,253,0,137,0,253,183,24576,1170782,6471558,7642340,14.457,553.065,567.522,8.893,6471558,1170782
c3540,fixed-24576,24576,2,3428,3291,84,53,96.0035,98.4539,24576,250,0,137,0,250,185,24576,1177588,6471558,7649146,14.473,624.251,638.724,9.360,6471558,1177588
c3540,fixed-24576,24576,3,3428,3291,84,53,96.0035,98.4539,24576,278,1,138,0,279,180,24576,1173641,6474381,7648022,14.629,585.869,600.499,11.240,6471558,1176464
c3540,fixed-24576,24576,4,3428,3291,84,53,96.0035,98.4539,24576,256,2,139,0,258,178,24576,1183598,6477238,7660836,17.604,659.388,676.992,10.411,6471558,1189278
c3540,fixed-24576,24576,5,3428,3290,84,54,95.9743,98.4247,24576,253,0,138,0,253,179,24576,1173373,6598412,7771785,20.037,644.437,664.474,9.502,6598412,1173373
c3540,fixed-32768,32768,1,3428,3291,84,53,96.0035,98.4539,32768,253,0,137,0,253,183,32768,1431135,6471558,7902693,17.695,593.783,611.478,10.987,6471558,1431135
c3540,fixed-32768,32768,2,3428,3291,84,53,96.0035,98.4539,32768,250,0,137,0,250,185,32768,1437499,6471558,7909057,18.828,566.940,585.768,9.680,6471558,1437499
c3540,fixed-32768,32768,3,3428,3291,84,53,96.0035,98.4539,32768,279,0,137,0,279,180,32768,1434191,6471558,7905749,16.236,548.862,565.099,8.807,6471558,1434191
c3540,fixed-32768,32768,4,3428,3291,84,53,96.0035,98.4539,32768,258,0,137,0,258,178,32768,1444064,6471558,7915622,16.811,548.715,565.527,8.794,6471558,1444064
c3540,fixed-32768,32768,5,3428,3290,84,54,95.9743,98.4247,32768,253,0,138,0,253,179,32768,1433827,6598412,8032239,15.976,550.382,566.358,8.554,6598412,1433827
c3540,plateau,2176,1,3428,3289,84,55,95.9452,98.3956,2176,241,11,150,0,252,185,2176,455673,6747705,7203378,10.162,586.018,596.180,9.577,6715769,487609
c3540,plateau,3072,2,3428,3290,84,54,95.9743,98.4247,3072,240,9,147,0,249,183,3072,492476,6625730,7118206,11.303,775.847,787.150,17.926,6598412,519794
c3540,plateau,2816,3,3428,3291,84,53,96.0035,98.4539,2816,271,7,144,0,278,180,2816,481169,6491832,6973001,23.986,1222.020,1246.006,17.671,6471558,501443
c3540,plateau,3008,4,3428,3291,84,53,96.0035,98.4539,3008,249,9,146,0,258,179,3008,494647,6498528,6993175,27.088,1135.432,1162.520,16.365,6471558,521617
c3540,plateau,2688,5,3428,3290,84,54,95.9743,98.4247,2688,245,8,146,0,253,178,2688,476094,6621757,7097851,21.870,1163.262,1185.133,16.987,6598412,499439
c3540,stage1,2176,1,3428,3289,84,55,95.9452,98.3956,2176,241,11,150,0,252,185,2176,455673,6747705,7203378,18.169,991.434,1009.603,9.467,6715769,487609
c3540,stage1,3072,2,3428,3290,84,54,95.9743,98.4247,3072,240,9,147,0,249,183,3072,492476,6625730,7118206,10.928,609.580,620.508,10.252,6598412,519794
c3540,stage1,3776,3,3428,3291,84,53,96.0035,98.4539,3776,275,4,141,0,279,180,3776,512205,6483187,6995392,11.744,591.773,603.516,8.907,6471558,523834
c3540,stage1,3648,4,3428,3291,84,53,96.0035,98.4539,3648,250,8,145,0,258,178,3648,515472,6495865,7011337,10.666,551.226,561.892,8.726,6471558,539779
c3540,stage1,3072,5,3428,3290,84,54,95.9743,98.4247,3072,245,8,146,0,253,176,3072,488408,6621724,7110132,10.280,619.005,629.285,10.205,6598412,511720
c3540,adaptive,3328,1,3428,3290,84,54,95.9743,98.4247,3328,246,7,146,16,253,186,3328,492516,6736118,7228634,11.319,629.106,640.425,10.966,6598412,630222
c3540,adaptive,4480,2,3428,3290,84,54,95.9743,98.4247,4480,243,6,144,27,249,182,4480,536141,6617596,7153736,11.736,588.097,599.833,8.519,6598412,555324
c3540,adaptive,3776,3,3428,3291,84,53,96.0035,98.4539,3776,275,4,141,48,279,178,3776,512205,6483120,6995325,10.314,544.640,554.954,8.418,6471558,523767
c3540,adaptive,5056,4,3428,3291,84,53,96.0035,98.4539,5056,253,5,142,33,258,179,5056,559851,6486216,7046066,11.559,525.511,537.069,9.272,6471558,574508
c3540,adaptive,4992,5,3428,3290,84,54,95.9743,98.4247,4992,248,5,143,16,253,177,4992,549644,6613117,7162761,10.610,581.478,592.088,9.508,6598412,564348
c5315,podem,0,1,5350,5290,55,5,98.8785,99.9065,0,0,178,238,0,178,144,0,0,1619754,1619754,0.000,78.668,78.668,5.865,511320,1108435
c5315,podem,0,2,5350,5289,55,6,98.8598,99.8879,0,0,177,238,0,177,139,0,0,1747423,1747423,0.000,88.466,88.466,5.582,597896,1149528
c5315,podem,0,3,5350,5289,55,6,98.8598,99.8879,0,0,166,227,0,166,134,0,0,1637156,1637156,0.000,88.059,88.059,5.333,597896,1039260
c5315,podem,0,4,5350,5289,55,6,98.8598,99.8879,0,0,164,225,0,164,139,0,0,1626500,1626500,0.000,83.482,83.482,5.445,597896,1028604
c5315,podem,0,5,5350,5291,55,4,98.8972,99.9252,0,0,179,239,0,179,138,0,0,1733860,1733860,0.000,87.521,87.521,5.347,438824,1295036
c5315,fixed-64,64,1,5350,5290,55,5,98.8785,99.9065,64,62,124,184,0,186,143,64,180777,1129664,1310440,4.676,69.268,73.944,5.389,511320,799121
c5315,fixed-64,64,2,5350,5289,55,6,98.8598,99.8879,64,60,139,200,0,199,147,64,180029,1302179,1482208,4.738,81.253,85.990,5.456,597896,884312
c5315,fixed-64,64,3,5350,5289,55,6,98.8598,99.8879,64,63,123,184,0,186,141,64,181390,1165506,1346896,4.679,75.094,79.773,5.602,597896,749001
c5315,fixed-64,64,4,5350,5289,55,6,98.8598,99.8879,64,61,116,177,0,177,138,64,183268,1179636,1362904,4.730,83.661,88.390,5.360,597896,765009
c5315,fixed-64,64,5,5350,5289,55,6,98.8598,99.8879,64,58,134,195,0,192,145,64,177304,1220430,1397734,4.406,70.375,74.780,5.193,597896,799839
c5315,fixed-96,96,1,5350,5290,55,5,98.8785,99.9065,128,100,95,155,0,195,140,128,195130,1012697,1207827,4.842,68.131,72.974,5.506,525400,682427
c5315,fixed-96,96,2,5350,5291,55,4,98.8972,99.9252,128,108,92,152,0,200,145,128,193982,955553,1149535,5.670,65.253,70.923,5.798,438824,710711
c5315,fixed-96,96,3,5350,5289,55,6,98.8598,99.8879,128,100,103,164,0,203,137,128,194011,1070092,1264103,5.203,73.467,78.670,5.216,597896,666207
c5315,fixed-96,96,4,5350,5289,55,6,98.8598,99.8879,128,101,101,162,0,202,144,128,194393,1112898,1307291,4.890,74.902,79.792,5.486,597896,709396
c5315,fixed-96,96,5,5350,5289,55,6,98.8598,99.8879,128,104,90,151,0,194,132,128,193625,1004984,1198609,5.963,65.131,71.095,5.115,597896,600714
c5315,fixed-128,128,1,5350,5290,55,5,98.8785,99.9065,128,100,95,155,0,195,140,128,195130,1012697,1207827,4.940,62.518,67.458,5.306,525400,682427
c5315,fixed-128,128,2,5350,5291,55,4,98.8972,99.9252,128,108,92,152,0,200,145,128,193982,955553,1149535,4.972,58.811,63.783,5.260,438824,710711
c5315,fixed-128,128,3,5350,5289,55,6,98.8598,99.8879,128,100,103,164,0,203,137,128,194011,1070092,1264103,4.793,66.041,70.834,5.044,597896,666207
c5315,fixed-128,128,4,5350,5289,55,6,98.8598,99.8879,128,101,101,162,0,202,144,128,194393,1112898,1307291,4.702,69.136,73.838,5.179,597896,709396
c5315,fixed-128,128,5,5350,5289,55,6,98.8598,99.8879,128,104,90,151,0,194,132,128,193625,1004984,1198609,4.753,62.635,67.389,5.230,597896,600714
c5315,fixed-192,192,1,5350,5289,55,6,98.8598,99.8879,192,128,74,135,0,202,141,192,202029,1003442,1205471,4.988,67.560,72.548,5.031,597896,607575
c5315,fixed-192,192,2,5350,5290,55,5,98.8785,99.9065,192,135,70,130,0,205,142,192,199764,904080,1103844,4.752,63.796,68.547,5.271,511320,592524
c5315,fixed-192,192,3,5350,5290,55,5,98.8785,99.9065,192,129,80,140,0,209,144,192,200677,956898,1157576,5.100,63.749,68.850,5.111,511320,646256
c5315,fixed-192,192,4,5350,5289,55,6,98.8598,99.8879,192,130,76,137,0,206,146,192,201541,1018396,1219937,5.091,67.953,73.043,5.293,597896,622042
c5315,fixed-192,192,5,5350,5290,55,5,98.8785,99.9065,192,129,77,138,0,206,140,192,200932,955164,1156096,4.884,62.202,67.086,5.101,511320,644776
c5315,fixed-256,256,1,5350,5289,55,6,98.8598,99.8879,256,139,57,118,0,196,140,256,207196,936899,1144095,4.964,66.404,71.368,5.128,597896,546199
c5315,fixed-256,256,2,5350,5290,55,5,98.8785,99.9065,256,152,58,118,0,210,143,256,204437,846046,1050483,5.002,59.014,64.017,5.060,511320,539164
c5315,fixed-256,256,3,5350,5290,55,5,98.8785,99.9065,256,149,58,118,0,207,144,256,204983,852342,1057325,4.969,100.591,105.560,4.921,511320,546006
c5315,fixed-256,256,4,5350,5289,55,6,98.8598,99.8879,256,147,62,123,0,209,143,256,205509,952740,1158249,4.877,121.465,126.342,5.076,597896,560354
c5315,fixed-256,256,5,5350,5289,55,6,98.8598,99.8879,256,150,60,121,0,210,136,256,205973,884472,1090445,6.946,59.130,66.076,6.545,597896,492550
c5315,fixed-384,384,1,5350,5291,55,4,98.8972,99.9252,384,159,47,106,0,206,138,384,215231,734468,949700,5.910,49.349,55.258,5.125,438824,510875
c5315,fixed-384,384,2,5350,5290,55,5,98.8785,99.9065,384,176,38,98,0,214,147,384,211583,765976,977559,5.043,54.875,59.918,5.119,511320,466240
c5315,fixed-384,384,3,5350,5290,55,5,98.8785,99.9065,384,175,40,100,0,215,150,384,212110,736212,948322,5.422,51.956,57.377,5.092,511320,437002
c5315,fixed-384,384,4,5350,5289,55,6,98.8598,99.8879,384,162,42,103,0,204,153,384,212589,814913,1027502,5.013,57.528,62.541,5.121,597896,429606
c5315,fixed-384,384,5,5350,5289,55,6,98.8598,99.8879,384,171,39,100,0,210,141,384,213271,785549,998820,14.306,62.479,76.785,5.099,597896,400925
c5315,fixed-512,512,1,5350,5291,55,4,98.8972,99.9252,512,170,37,96,0,207,141,512,221908,687737,909645,5.145,47.566,52.712,5.172,438824,470820
c5315,fixed-512,512,2,5350,5290,55,5,98.8785,99.9065,512,188,24,84,0,212,138,512,217820,670143,887963,5.076,51.992,57.069,5.482,511320,376644
c5315,fixed-512,512,3,5350,5291,55,4,98.8972,99.9252,512,184,32,91,0,216,146,512,218155,616327,834482,5.387,45.111,50.498,8.206,438824,395658
c5315,fixed-512,512,4,5350,5290,55,5,98.8785,99.9065,512,172,38,98,0,210,146,512,218743,738341,957084,5.457,59.752,65.209,5.463,525400,431684
c5315,fixed-512,512,5,5350,5290,55,5,98.8785,99.9065,512,179,31,91,0,210,137,512,218990,681595,900585,5.375,54.538,59.913,5.316,525400,375185
c5315,fixed-768,768,1,5350,5290,55,5,98.8785,99.9065,768,187,21,81,0,208,137,768,233009,656642,889650,5.537,51.487,57.024,5.372,525400,364250
c5315,fixed-768,768,2,5350,5290,55,5,98.8785,99.9065,768,203,14,74,0,217,141,768,229179,581702,810881,5.964,47.713,53.677,5.294,511320,299562
c5315,fixed-768,768,3,5350,5291,55,4,98.8972,99.9252,768,198,18,77,0,216,154,768,229406,549527,778933,5.577,43.795,49.373,5.513,438824,340109
c5315,fixed-768,768,4,5350,5290,55,5,98.8785,99.9065,768,185,22,82,0,207,146,768,229722,636785,866507,5.485,49.095,54.579,5.342,525400,341106
c5315,fixed-768,768,5,5350,5290,55,5,98.8785,99.9065,768,195,14,74,0,209,138,768,229765,582474,812240,5.445,45.898,51.343,5.382,525400,286839
c5315,fixed-1024,1024,1,5350,5290,55,5,98.8785,99.9065,1024,191,16,76,0,207,148,1024,243332,633119,876451,5.719,50.484,56.204,5.468,525400,351051
c5315,fixed-1024,1024,2,5350,5290,55,5,98.8785,99.9065,1024,208,8,68,0,216,137,1024,239397,554209,793606,5.571,44.907,50.479,5.391,511320,282286
c5315,fixed-1024,1024,3,5350,5291,55,4,98.8972,99.9252,1024,205,12,71,0,217,155,1024,239947,517837,757784,5.561,42.202,47.763,5.432,438824,318960
c5315,fixed-1024,1024,4,5350,5290,55,5,98.8785,99.9065,1024,192,17,77,0,209,145,1024,240329,614638,854967,5.586,48.370,53.957,5.336,525400,329566
c5315,fixed-1024,1024,5,5350,5291,55,4,98.8972,99.9252,1024,199,11,70,0,210,137,1024,240020,481477,721497,5.550,38.024,43.573,5.359,438824,282673
c5315,fixed-1536,1536,1,5350,5290,55,5,98.8785,99.9065,1536,201,7,67,0,208,138,1536,263475,575442,838917,5.802,92.267,98.069,13.512,525400,313517
c5315,fixed-1536,1536,2,5350,5291,55,4,98.8972,99.9252,1536,213,3,62,0,216,137,1536,259469,451413,710882,5.885,42.915,48.800,5.404,438824,272058
c5315,fixed-1536,1536,3,5350,5291,55,4,98.8972,99.9252,1536,209,8,67,0,217,149,1536,259752,479084,738836,5.928,40.361,46.289,5.446,438824,300011
c5315,fixed-1536,1536,4,5350,5291,55,4,98.8972,99.9252,1536,202,6,65,0,208,148,1536,260433,461610,722043,5.773,37.405,43.179,5.375,438824,283219
c5315,fixed-1536,1536,5,5350,5291,55,4,98.8972,99.9252,1536,205,6,65,0,211,137,1536,260125,463472,723597,5.740,44.457,50.196,5.465,438824,284772
c5315,fixed-2048,2048,1,5350,5291,55,4,98.8972,99.9252,2048,207,2,61,0,209,138,2048,283136,449447,732583,5.923,36.853,42.776,5.499,438824,293759
c5315,fixed-2048,2048,2,5350,5291,55,4,98.8972,99.9252,2048,215,1,60,0,216,137,2048,279215,442186,721400,5.889,37.425,43.314,5.479,438824,282576
c5315,fixed-2048,2048,3,5350,5291,55,4,98.8972,99.9252,2048,214,3,62,0,217,149,2048,279321,450832,730154,5.846,36.711,42.557,5.406,438824,291329
c5315,fixed-2048,2048,4,5350,5291,55,4,98.8972,99.9252,2048,206,2,61,0,208,143,2048,280049,445529,725578,5.986,37.538,43.524,5.676,438824,286754
c5315,fixed-2048,2048,5,5350,5291,55,4,98.8972,99.9252,2048,208,3,62,0,211,140,2048,279760,450552,730312,6.012,37.210,43.222,5.413,438824,291488
c5315,fixed-3072,3072,1,5350,5291,55,4,98.8972,99.9252,3072,209,0,59,0,209,139,3072,322127,438824,760951,6.220,45.881,52.102,5.470,438824,322127
c5315,fixed-3072,3072,2,5350,5291,55,4,98.8972,99.9252,3072,215,1,60,0,216,138,3072,318149,442186,760334,6.185,71.164,77.349,6.050,438824,321510
c5315,fixed-3072,3072,3,5350,5291,55,4,98.8972,99.9252,3072,215,2,61,0,217,149,3072,318320,445535,763855,6.253,38.821,45.074,5.659,438824,325030
c5315,fixed-3072,3072,4,5350,5291,55,4,98.8972,99.9252,3072,207,1,60,0,208,143,3072,319006,442177,761183,6.970,39.995,46.965,5.627,438824,322358
c5315,fixed-3072,3072,5,5350,5291,55,4,98.8972,99.9252,3072,210,1,60,0,211,140,3072,318742,442182,760924,6.380,43.894,50.274,5.671,438824,322099
c5315,fixed-4096,4096,1,5350,5291,55,4,98.8972,99.9252,4096,209,0,59,0,209,139,4096,361044,438824,799868,6.723,39.756,46.479,5.431,438824,361044
c5315,fixed-4096,4096,2,5350,5291,55,4,98.8972,99.9252,4096,216,0,59,0,216,138,4096,357075,438824,795899,6.303,39.779,46.081,5.545,438824,357075
c5315,fixed-4096,4096,3,5350,5291,55,4,98.8972,99.9252,4096,215,2,61,0,217,149,4096,357287,445538,802825,6.393,37.587,43.981,5.546,438824,364000
c5315,fixed-4096,4096,4,5350,5291,55,4,98.8972,99.9252,4096,208,0,59,0,208,143,4096,357921,438824,796745,6.729,51.053,57.782,5.504,438824,357921
c5315,fixed-4096,4096,5,5350,5291,55,4,98.8972,99.9252,4096,210,1,60,0,211,140,4096,357686,442180,799866,6.313,36.757,43.070,5.411,438824,361042
c5315,fixed-6144,6144,1,5350,5291,55,4,98.8972,99.9252,6144,209,0,59,0,209,139,6144,438882,438824,877706,7.469,42.473,49.942,5.381,438824,438882
c5315,fixed-6144,6144,2,5350,5291,55,4,98.8972,99.9252,6144,216,0,59,0,216,138,6144,434907,438824,873731,6.809,37.019,43.829,5.358,438824,434907
c5315,fixed-6144,6144,3,5350,5291,55,4,98.8972,99.9252,6144,217,0,59,0,217,150,6144,435185,438824,874009,6.915,49.402,56.317,5.487,438824,435185
c5315,fixed-6144,6144,4,5350,5291,55,4,98.8972,99.9252,6144,208,0,59,0,208,143,6144,435747,438824,874571,6.905,36.821,43.726,5.479,438824,435747
c5315,fixed-6144,6144,5,5350,5291,55,4,98.8972,99.9252,6144,211,0,59,0,211,140,6144,435537,438824,874361,10.384,37.916,48.300,5.544,438824,435537
c5315,fixed-8192,8192,1,5350,5291,55,4,98.8972,99.9252,8192,209,0,59,0,209,139,8192,516703,438824,955527,7.604,36.753,44.356,5.398,438824,516703
c5315,fixed-8192,8192,2,5350,5291,55,4,98.8972,99.9252,8192,216,0,59,0,216,138,8192,512740,438824,951564,7.353,41.477,48.831,5.760,438824,512740
c5315,fixed-8192,8192,3,5350,5291,55,4,98.8972,99.9252,8192,217,0,59,0,217,150,8192,513015,438824,951839,8.143,40.006,48.149,5.896,438824,513015
c5315,fixed-8192,8192,4,5350,5291,55,4,98.8972,99.9252,8192,208,0,59,0,208,143,8192,513560,438824,952384,9.070,40.880,49.951,5.945,438824,513560
c5315,fixed-8192,8192,5,5350,5291,55,4,98.8972,99.9252,8192,211,0,59,0,211,140,8192,513351,438824,952175,8.450,39.630,48.079,6.262,438824,513351
c5315,fixed-12288,12288,1,5350,5291,55,4,98.8972,99.9252,12288,209,0,59,0,209,139,12288,672365,438824,1111189,9.183,41.142,50.325,6.050,438824,672365
c5315,fixed-12288,12288,2,5350,5291,55,4,98.8972,99.9252,12288,216,0,59,0,216,138,12288,668410,438824,1107234,8.869,41.185,50.054,5.416,438824,668410
c5315,fixed-12288,12288,3,5350,5291,55,4,98.8972,99.9252,12288,217,0,59,0,217,150,12288,668675,438824,1107499,8.231,39.460,47.691,5.526,438824,668675
c5315,fixed-12288,12288,4,5350,5291,55,4,98.8972,99.9252,12288,208,0,59,0,208,143,12288,669220,438824,1108044,8.136,37.492,45.628,5.777,438824,669220
c5315,fixed-12288,12288,5,5350,5291,55,4,98.8972,99.9252,12288,211,0,59,0,211,140,12288,669006,438824,1107830,8.542,38.493,47.036,5.751,438824,669006
c5315,fixed-16384,16384,1,5350,5291,55,4,98.8972,99.9252,16384,209,0,59,0,209,139,16384,828016,438824,1266840,9.601,40.550,50.151,5.440,438824,828016
c5315,fixed-16384,16384,2,5350,5291,55,4,98.8972,99.9252,16384,216,0,59,0,216,138,16384,824056,438824,1262880,9.122,41.607,50.729,5.404,438824,824056
c5315,fixed-16384,16384,3,5350,5291,55,4,98.8972,99.9252,16384,217,0,59,0,217,150,16384,824317,438824,1263141,9.174,38.033,47.208,5.295,438824,824317
c5315,fixed-16384,16384,4,5350,5291,55,4,98.8972,99.9252,16384,208,0,59,0,208,143,16384,824882,438824,1263706,8.586,34.142,42.728,5.105,438824,824882
c5315,fixed-16384,16384,5,5350,5291,55,4,98.8972,99.9252,16384,211,0,59,0,211,140,16384,824668,438824,1263492,8.466,33.867,42.333,6.046,438824,824668
c5315,fixed-24576,24576,1,5350,5291,55,4,98.8972,99.9252,24576,209,0,59,0,209,139,24576,1139320,438824,1578144,11.621,34.580,46.201,5.155,438824,1139320
c5315,fixed-24576,24576,2,5350,5291,55,4,98.8972,99.9252,24576,216,0,59,0,216,138,24576,1135355,438824,1574179,10.379,34.516,44.895,5.060,438824,1135355
c5315,fixed-24576,24576,3,5350,5291,55,4,98.8972,99.9252,24576,217,0,59,0,217,150,24576,1135632,438824,1574456,12.400,34.489,46.889,5.194,438824,1135632
c5315,fixed-24576,24576,4,5350,5291,55,4,98.8972,99.9252,24576,208,0,59,0,208,143,24576,1136170,438824,1574994,11.380,38.512,49.892,6.271,438824,1136170
c5315,fixed-24576,24576,5,5350,5291,55,4,98.8972,99.9252,24576,211,0,59,0,211,140,24576,1135995,438824,1574819,11.137,36.573,47.711,5.178,438824,1135995
c5315,fixed-32768,32768,1,5350,5291,55,4,98.8972,99.9252,32768,209,0,59,0,209,139,32768,1450659,438824,1889483,13.287,35.540,48.827,5.326,438824,1450659
c5315,fixed-32768,32768,2,5350,5291,55,4,98.8972,99.9252,32768,216,0,59,0,216,138,32768,1446684,438824,1885508,12.148,35.610,47.758,5.080,438824,1446684
c5315,fixed-32768,32768,3,5350,5291,55,4,98.8972,99.9252,32768,217,0,59,0,217,150,32768,1446949,438824,1885773,11.865,37.635,49.500,5.147,438824,1446949
c5315,fixed-32768,32768,4,5350,5291,55,4,98.8972,99.9252,32768,208,0,59,0,208,143,32768,1447475,438824,1886299,11.913,34.150,46.063,5.196,438824,1447475
c5315,fixed-32768,32768,5,5350,5291,55,4,98.8972,99.9252,32768,211,0,59,0,211,140,32768,1447314,438824,1886138,11.556,34.016,45.572,5.036,438824,1447314
c5315,plateau,2176,1,5350,5291,55,4,98.8972,99.9252,2176,207,2,61,0,209,139,2176,288008,449453,737461,5.580,33.767,39.347,4.988,438824,298637
c5315,plateau,1920,2,5350,5291,55,4,98.8972,99.9252,1920,214,2,61,0,216,136,1920,274275,446032,720307,5.426,34.418,39.844,5.260,438824,281483
c5315,plateau,2240,3,5350,5291,55,4,98.8972,99.9252,2240,215,2,61,0,217,150,2240,286656,445539,732195,5.775,35.588,41.363,5.296,438824,293370
c5315,plateau,2240,4,5350,5291,55,4,98.8972,99.9252,2240,207,1,60,0,208,142,2240,287356,442174,729530,6.217,37.501,43.718,5.327,438824,290706
c5315,plateau,2496,5,5350,5291,55,4,98.8972,99.9252,2496,210,1,60,0,211,140,2496,296833,442182,739016,5.861,35.973,41.834,5.287,438824,300191
c5315,stage1,2368,1,5350,5291,55,4,98.8972,99.9252,2368,207,2,61,0,209,135,2368,295314,449453,744767,6.303,36.624,42.927,5.237,438824,305943
c5315,stage1,2240,2,5350,5291,55,4,98.8972,99.9252,2240,215,1,60,0,216,138,2240,286510,442188,728698,6.248,38.812,45.059,5.870,438824,289874
c5315,stage1,2240,3,5350,5291,55,4,98.8972,99.9252,2240,215,2,61,0,217,150,2240,286656,445539,732195,6.075,37.173,43.248,5.575,438824,293370
c5315,stage1,2304,4,5350,5291,55,4,98.8972,99.9252,2304,207,1,60,0,208,143,2304,289789,442171,731960,6.049,44.275,50.323,5.551,438824,293136
c5315,stage1,2688,5,5350,5291,55,4,98.8972,99.9252,2688,210,1,60,0,211,139,2688,304135,442184,746318,6.127,38.611,44.737,7.157,438824,307494
c5315,adaptive,2368,1,5350,5291,55,4,98.8972,99.9252,2368,207,2,61,48,209,138,2368,295314,449406,744720,6.153,38.395,44.549,5.428,438824,305896
c5315,adaptive,3392,2,5350,5291,55,4,98.8972,99.9252,3392,215,1,60,31,216,137,3392,329139,442158,771296,6.534,38.237,44.771,5.425,438824,332472
c5315,adaptive,3392,3,5350,5291,55,4,98.8972,99.9252,3392,215,2,61,16,217,150,3392,329929,445520,775449,6.410,37.978,44.389,5.494,438824,336624
c5315,adaptive,3456,4,5350,5291,55,4,98.8972,99.9252,3456,207,1,60,46,208,143,3456,331889,442128,774017,7.325,37.378,44.703,5.475,438824,335192
c5315,adaptive,3840,5,5350,5291,55,4,98.8972,99.9252,3840,210,1,60,19,211,140,3840,347094,442168,789262,7.402,37.020,44.422,5.627,438824,350437
c6288,podem,0,1,7744,7710,32,2,99.5610,99.9742,0,0,35,70,0,35,33,0,0,1531751,1531751,0.000,74.626,74.626,44.876,421244,1110508
c6288,podem,0,2,7744,7710,32,2,99.5610,99.9742,0,0,38,72,0,38,34,0,0,1420127,1420127,0.000,69.680,69.680,38.956,421244,998884
c6288,podem,0,3,7744,7710,32,2,99.5610,99.9742,0,0,34,69,0,34,31,0,0,1462754,1462754,0.000,75.570,75.570,33.784,421244,1041511
c6288,podem,0,4,7744,7710,32,2,99.5610,99.9742,0,0,38,72,0,38,36,0,0,1422590,1422590,0.000,65.332,65.332,35.975,421244,1001346
c6288,podem,0,5,7744,7710,32,2,99.5610,99.9742,0,0,40,74,0,40,37,0,0,1402647,1402647,0.000,61.495,61.495,35.096,421244,981403
c6288,fixed-64,64,1,7744,7710,32,2,99.5610,99.9742,64,49,4,38,0,53,36,64,1553025,458329,2011354,40.653,39.475,80.128,33.871,421244,1590110
c6288,fixed-64,64,2,7744,7710,32,2,99.5610,99.9742,64,41,3,37,0,44,41,64,1631977,448648,2080625,33.919,39.814,73.733,35.473,421244,1659381
c6288,fixed-64,64,3,7744,7710,32,2,99.5610,99.9742,64,45,3,37,0,48,37,64,1593715,436227,2029942,32.713,38.388,71.101,35.052,421244,1608698
c6288,fixed-64,64,4,7744,7710,32,2,99.5610,99.9742,64,40,5,39,0,45,39,64,1600876,454960,2055836,34.022,38.998,73.019,35.700,421244,1634592
c6288,fixed-64,64,5,7744,7710,32,2,99.5610,99.9742,64,52,4,39,0,56,40,64,1630084,561686,2191770,36.278,47.074,83.352,34.024,421244,1770526
c6288,fixed-96,96,1,7744,7710,32,2,99.5610,99.9742,128,51,1,35,0,52,36,128,1557278,433674,1990952,32.462,37.207,69.669,29.406,421244,1569709
c6288,fixed-96,96,2,7744,7710,32,2,99.5610,99.9742,128,44,0,34,0,44,41,128,1636898,421244,2058142,32.835,42.241,75.076,31.666,421244,1636898
c6288,fixed-96,96,3,7744,7710,32,2,99.5610,99.9742,128,48,0,34,0,48,36,128,1596792,421244,2018036,32.579,35.097,67.676,29.253,421244,1596792
c6288,fixed-96,96,4,7744,7710,32,2,99.5610,99.9742,128,45,0,34,0,45,42,128,1604732,421244,2025976,34.520,34.874,69.394,30.472,421244,1604732
c6288,fixed-96,96,5,7744,7710,32,2,99.5610,99.9742,128,55,1,35,0,56,37,128,1633125,425932,2059056,31.871,34.501,66.372,36.326,421244,1637813
c6288,fixed-128,128,1,7744,7710,32,2,99.5610,99.9742,128,51,1,35,0,52,36,128,1557278,433674,1990952,33.748,46.825,80.573,33.971,421244,1569709
c6288,fixed-128,128,2,7744,7710,32,2,99.5610,99.9742,128,44,0,34,0,44,41,128,1636898,421244,2058142,32.937,38.172,71.108,33.170,421244,1636898
c6288,fixed-128,128,3,7744,7710,32,2,99.5610,99.9742,128,48,0,34,0,48,36,128,1596792,421244,2018036,31.050,38.547,69.597,31.787,421244,1596792
c6288,fixed-128,128,4,7744,7710,32,2,99.5610,99.9742,128,45,0,34,0,45,42,128,1604732,421244,2025976,36.433,41.336,77.768,35.129,421244,1604732
c6288,fixed-128,128,5,7744,7710,32,2,99.5610,99.9742,128,55,1,35,0,56,37,128,1633125,425932,2059056,37.317,41.487,78.804,38.213,421244,1637813
c6288,fixed-192,192,1,7744,7710,32,2,99.5610,99.9742,192,52,0,34,0,52,35,192,1560289,421244,1981532,34.100,46.668,80.768,40.897,421244,1560289
c6288,fixed-192,192,2,7744,7710,32,2,99.5610,99.9742,192,44,0,34,0,44,41,192,1639347,421244,2060590,36.937,39.624,76.561,35.232,421244,1639347
c6288,fixed-192,192,3,7744,7710,32,2,99.5610,99.9742,192,48,0,34,0,48,36,192,1599241,421244,2020484,34.598,38.730,73.328,36.633,421244,1599241
c6288,fixed-192,192,4,7744,7710,32,2,99.5610,99.9742,192,45,0,34,0,45,42,192,1607181,421244,2028424,35.244,41.910,77.154,34.435,421244,1607181
c6288,fixed-192,192,5,7744,7710,32,2,99.5610,99.9742,192,56,0,34,0,56,40,192,1635670,421244,2056914,34.977,41.798,76.775,34.709,421244,1635670
c6288,fixed-256,256,1,7744,7710,32,2,99.5610,99.9742,256,52,0,34,0,52,35,256,1562738,421244,1983982,33.424,38.754,72.177,32.885,421244,1562738
c6288,fixed-256,256,2,7744,7710,32,2,99.5610,99.9742,256,44,0,34,0,44,41,256,1641796,421244,2063040,36.014,37.721,73.735,35.459,421244,1641796
c6288,fixed-256,256,3,7744,7710,32,2,99.5610,99.9742,256,48,0,34,0,48,36,256,1601690,421244,2022934,33.708,38.973,72.682,34.214,421244,1601690
c6288,fixed-256,256,4,7744,7710,32,2,99.5610,99.9742,256,45,0,34,0,45,42,256,1609630,421244,2030874,36.562,43.509,80.071,35.242,421244,1609630
c6288,fixed-256,256,5,7744,7710,32,2,99.5610,99.9742,256,56,0,34,0,56,40,256,1638119,421244,2059362,38.707,40.912,79.619,36.551,421244,1638119
c6288,fixed-384,384,1,7744,7710,32,2,99.5610,99.9742,384,52,0,34,0,52,35,384,1567636,421244,1988880,34.146,43.378,77.524,34.331,421244,1567636
c6288,fixed-384,384,2,7744,7710,32,2,99.5610,99.9742,384,44,0,34,0,44,41,384,1646694,421244,2067938,35.771,38.551,74.323,36.565,421244,1646694
c6288,fixed-384,384,3,7744,7710,32,2,99.5610,99.9742,384,48,0,34,0,48,36,384,1606588,421244,2027832,37.290,43.463,80.754,34.208,421244,1606588
c6288,fixed-384,384,4,7744,7710,32,2,99.5610,99.9742,384,45,0,34,0,45,42,384,1614528,421244,2035772,34.416,38.845,73.261,34.536,421244,1614528
c6288,fixed-384,384,5,7744,7710,32,2,99.5610,99.9742,384,56,0,34,0,56,40,384,1643017,421244,2064260,34.917,38.440,73.357,36.775,421244,1643017
c6288,fixed-512,512,1,7744,7710,32,2,99.5610,99.9742,512,52,0,34,0,52,35,512,1572534,421244,1993778,34.155,39.137,73.292,34.268,421244,1572534
c6288,fixed-512,512,2,7744,7710,32,2,99.5610,99.9742,512,44,0,34,0,44,41,512,1651592,421244,2072836,36.336,39.448,75.784,36.011,421244,1651592
c6288,fixed-512,512,3,7744,7710,32,2,99.5610,99.9742,512,48,0,34,0,48,36,512,1611486,421244,2032730,34.684,38.693,73.377,33.044,421244,1611486
c6288,fixed-512,512,4,7744,7710,32,2,99.5610,99.9742,512,45,0,34,0,45,42,512,1619426,421244,2040670,34.166,38.717,72.883,33.762,421244,1619426
c6288,fixed-512,512,5,7744,7710,32,2,99.5610,99.9742,512,56,0,34,0,56,40,512,1647915,421244,2069158,34.439,38.256,72.695,35.074,421244,1647915
c6288,fixed-768,768,1,7744,7710,32,2,99.5610,99.9742,768,52,0,34,0,52,35,768,1582330,421244,2003574,33.998,41.451,75.449,34.577,421244,1582330
c6288,fixed-768,768,2,7744,7710,32,2,99.5610,99.9742,768,44,0,34,0,44,41,768,1661388,421244,2082632,48.137,57.622,105.760,45.491,421244,1661388
c6288,fixed-768,768,3,7744,7710,32,2,99.5610,99.9742,768,48,0,34,0,48,36,768,1621282,421244,2042526,45.228,49.407,94.635,45.070,421244,1621282
c6288,fixed-768,768,4,7744,7710,32,2,99.5610,99.9742,768,45,0,34,0,45,42,768,1629222,421244,2050466,43.405,41.091,84.496,34.313,421244,1629222
c6288,fixed-768,768,5,7744,7710,32,2,99.5610,99.9742,768,56,0,34,0,56,40,768,1657711,421244,2078954,35.068,39.155,74.222,34.001,421244,1657711
c6288,fixed-1024,1024,1,7744,7710,32,2,99.5610,99.9742,1024,52,0,34,0,52,35,1024,1592126,421244,2013370,33.095,40.720,73.816,30.849,421244,1592126
c6288,fixed-1024,1024,2,7744,7710,32,2,99.5610,99.9742,1024,44,0,34,0,44,41,1024,1671184,421244,2092428,34.811,37.278,72.090,32.592,421244,1671184
c6288,fixed-1024,1024,3,7744,7710,32,2,99.5610,99.9742,1024,48,0,34,0,48,36,1024,1631078,421244,2052322,30.897,36.787,67.685,30.108,421244,1631078
c6288,fixed-1024,1024,4,7744,7710,32,2,99.5610,99.9742,1024,45,0,34,0,45,42,1024,1639018,421244,2060262,32.707,36.739,69.446,30.302,421244,1639018
c6288,fixed-1024,1024,5,7744,7710,32,2,99.5610,99.9742,1024,56,0,34,0,56,40,1024,1667507,421244,2088750,32.434,36.962,69.396,31.871,421244,1667507
c6288,fixed-1536,1536,1,7744,7710,32,2,99.5610,99.9742,1536,52,0,34,0,52,35,1536,1611718,421244,2032962,31.545,40.947,72.492,29.480,421244,1611718
c6288,fixed-1536,1536,2,7744,7710,32,2,99.5610,99.9742,1536,44,0,34,0,44,41,1536,1690776,421244,2112020,35.654,36.068,71.722,33.013,421244,1690776
c6288,fixed-1536,1536,3,7744,7710,32,2,99.5610,99.9742,1536,48,0,34,0,48,36,1536,1650670,421244,2071914,31.111,45.386,76.497,43.165,421244,1650670
c6288,fixed-1536,1536,4,7744,7710,32,2,99.5610,99.9742,1536,45,0,34,0,45,42,1536,1658610,421244,2079854,44.226,47.523,91.749,43.373,421244,1658610
c6288,fixed-1536,1536,5,7744,7710,32,2,99.5610,99.9742,1536,56,0,34,0,56,40,1536,1687099,421244,2108342,34.048,39.499,73.547,36.402,421244,1687099
c6288,fixed-2048,2048,1,7744,7710,32,2,99.5610,99.9742,2048,52,0,34,0,52,35,2048,1631310,421244,2052554,33.100,38.326,71.426,32.705,421244,1631310
c6288,fixed-2048,2048,2,7744,7710,32,2,99.5610,99.9742,2048,44,0,34,0,44,41,2048,1710368,421244,2131612,39.000,57.014,96.014,36.562,421244,1710368
c6288,fixed-2048,2048,3,7744,7710,32,2,99.5610,99.9742,2048,48,0,34,0,48,36,2048,1670262,421244,2091506,33.933,37.884,71.816,33.314,421244,1670262
c6288,fixed-2048,2048,4,7744,7710,32,2,99.5610,99.9742,2048,45,0,34,0,45,42,2048,1678202,421244,2099446,32.874,37.873,70.747,32.711,421244,1678202
c6288,fixed-2048,2048,5,7744,7710,32,2,99.5610,99.9742,2048,56,0,34,0,56,40,2048,1706691,421244,2127934,33.268,41.818,75.086,33.715,421244,1706691
c6288,fixed-3072,3072,1,7744,7710,32,2,99.5610,99.9742,3072,52,0,34,0,52,35,3072,1670494,421244,2091738,33.972,38.335,72.308,32.039,421244,1670494
c6288,fixed-3072,3072,2,7744,7710,32,2,99.5610,99.9742,3072,44,0,34,0,44,41,3072,1749552,421244,2170796,36.363,37.268,73.630,33.463,421244,1749552
c6288,fixed-3072,3072,3,7744,7710,32,2,99.5610,99.9742,3072,48,0,34,0,48,36,3072,1709446,421244,2130690,34.055,37.947,72.003,31.788,421244,1709446
c6288,fixed-3072,3072,4,7744,7710,32,2,99.5610,99.9742,3072,45,0,34,0,45,42,3072,1717386,421244,2138630,34.450,38.456,72.906,32.240,421244,1717386
c6288,fixed-3072,3072,5,7744,7710,32,2,99.5610,99.9742,3072,56,0,34,0,56,40,3072,1745875,421244,2167118,36.150,38.957,75.107,35.290,421244,1745875
c6288,fixed-4096,4096,1,7744,7710,32,2,99.5610,99.9742,4096,52,0,34,0,52,35,4096,1709678,421244,2130922,33.131,38.056,71.187,34.530,421244,1709678
c6288,fixed-4096,4096,2,7744,7710,32,2,99.5610,99.9742,4096,44,0,34,0,44,41,4096,1788736,421244,2209980,35.809,38.667,74.476,35.480,421244,1788736
c6288,fixed-4096,4096,3,7744,7710,32,2,99.5610,99.9742,4096,48,0,34,0,48,36,4096,1748630,421244,2169874,37.870,37.865,75.735,32.735,421244,1748630
c6288,fixed-4096,4096,4,7744,7710,32,2,99.5610,99.9742,4096,45,0,34,0,45,42,4096,1756570,421244,2177814,33.766,39.689,73.455,39.414,421244,1756570
c6288,fixed-4096,4096,5,7744,7710,32,2,99.5610,99.9742,4096,56,0,34,0,56,40,4096,1785059,421244,2206302,34.609,40.987,75.596,33.599,421244,1785059
c6288,fixed-6144,6144,1,7744,7710,32,2,99.5610,99.9742,6144,52,0,34,0,52,35,6144,1788046,421244,2209290,33.526,38.041,71.568,32.414,421244,1788046
c6288,fixed-6144,6144,2,7744,7710,32,2,99.5610,99.9742,6144,44,0,34,0,44,41,6144,1867104,421244,2288348,34.677,38.778,73.454,34.997,421244,1867104
c6288,fixed-6144,6144,3,7744,7710,32,2,99.5610,99.9742,6144,48,0,34,0,48,36,6144,1826998,421244,2248242,33.488,40.554,74.041,34.738,421244,1826998
c6288,fixed-6144,6144,4,7744,7710,32,2,99.5610,99.9742,6144,45,0,34,0,45,42,6144,1834938,421244,2256182,38.132,37.251,75.383,34.022,421244,1834938
c6288,fixed-6144,6144,5,7744,7710,32,2,99.5610,99.9742,6144,56,0,34,0,56,40,6144,1863427,421244,2284670,37.504,37.986,75.490,33.824,421244,1863427
c6288,fixed-8192,8192,1,7744,7710,32,2,99.5610,99.9742,8192,52,0,34,0,52,35,8192,1866414,421244,2287658,34.284,37.726,72.010,32.095,421244,1866414
c6288,fixed-8192,8192,2,7744,7710,32,2,99.5610,99.9742,8192,44,0,34,0,44,41,8192,1945472,421244,2366716,36.572,39.627,76.199,35.369,421244,1945472
c6288,fixed-8192,8192,3,7744,7710,32,2,99.5610,99.9742,8192,48,0,34,0,48,36,8192,1905366,421244,2326610,35.166,38.151,73.318,56.952,421244,1905366
c6288,fixed-8192,8192,4,7744,7710,32,2,99.5610,99.9742,8192,45,0,34,0,45,42,8192,1913306,421244,2334550,46.270,39.497,85.766,32.883,421244,1913306
c6288,fixed-8192,8192,5,7744,7710,32,2,99.5610,99.9742,8192,56,0,34,0,56,40,8192,1941795,421244,2363038,43.927,40.021,83.948,35.670,421244,1941795
c6288,fixed-12288,12288,1,7744,7710,32,2,99.5610,99.9742,12288,52,0,34,0,52,35,12288,2023150,421244,2444394,39.180,45.323,84.503,33.914,421244,2023150
c6288,fixed-12288,12288,2,7744,7710,32,2,99.5610,99.9742,12288,44,0,34,0,44,41,12288,2102208,421244,2523452,37.789,40.088,77.877,35.159,421244,2102208
c6288,fixed-12288,12288,3,7744,7710,32,2,99.5610,99.9742,12288,48,0,34,0,48,36,12288,2062102,421244,2483346,34.110,39.093,73.204,33.992,421244,2062102
c6288,fixed-12288,12288,4,7744,7710,32,2,99.5610,99.9742,12288,45,0,34,0,45,42,12288,2070042,421244,2491286,36.491,39.374,75.865,36.520,421244,2070042
c6288,fixed-12288,12288,5,7744,7710,32,2,99.5610,99.9742,12288,56,0,34,0,56,40,12288,2098531,421244,2519774,36.031,38.042,74.073,34.435,421244,2098531
c6288,fixed-16384,16384,1,7744,7710,32,2,99.5610,99.9742,16384,52,0,34,0,52,35,16384,2179886,421244,2601130,35.335,37.273,72.608,32.185,421244,2179886
c6288,fixed-16384,16384,2,7744,7710,32,2,99.5610,99.9742,16384,44,0,34,0,44,41,16384,2258944,421244,2680188,36.179,42.485,78.664,37.286,421244,2258944
c6288,fixed-16384,16384,3,7744,7710,32,2,99.5610,99.9742,16384,48,0,34,0,48,36,16384,2218838,421244,2640082,35.305,38.696,74.000,34.702,421244,2218838
c6288,fixed-16384,16384,4,7744,7710,32,2,99.5610,99.9742,16384,45,0,34,0,45,42,16384,2226778,421244,2648022,34.714,39.492,74.206,33.452,421244,2226778
c6288,fixed-16384,16384,5,7744,7710,32,2,99.5610,99.9742,16384,56,0,34,0,56,40,16384,2255267,421244,2676510,35.941,37.620,73.561,35.078,421244,2255267
c6288,fixed-24576,24576,1,7744,7710,32,2,99.5610,99.9742,24576,52,0,34,0,52,35,24576,2493358,421244,2914602,36.287,39.074,75.360,34.380,421244,2493358
c6288,fixed-24576,24576,2,7744,7710,32,2,99.5610,99.9742,24576,44,0,34,0,44,41,24576,2572416,421244,2993660,45.991,38.516,84.507,35.632,421244,2572416
c6288,fixed-24576,24576,3,7744,7710,32,2,99.5610,99.9742,24576,48,0,34,0,48,36,24576,2532310,421244,2953554,36.059,37.839,73.898,32.044,421244,2532310
c6288,fixed-24576,24576,4,7744,7710,32,2,99.5610,99.9742,24576,45,0,34,0,45,42,24576,2540250,421244,2961494,35.564,37.553,73.117,33.718,421244,2540250
c6288,fixed-24576,24576,5,7744,7710,32,2,99.5610,99.9742,24576,56,0,34,0,56,40,24576,2568739,421244,2989982,37.666,37.082,74.749,35.575,421244,2568739
c6288,fixed-32768,32768,1,7744,7710,32,2,99.5610,99.9742,32768,52,0,34,0,52,35,32768,2806830,421244,3228074,35.507,38.895,74.402,35.165,421244,2806830
c6288,fixed-32768,32768,2,7744,7710,32,2,99.5610,99.9742,32768,44,0,34,0,44,41,32768,2885888,421244,3307132,39.020,38.006,77.025,35.595,421244,2885888
c6288,fixed-32768,32768,3,7744,7710,32,2,99.5610,99.9742,32768,48,0,34,0,48,36,32768,2845782,421244,3267026,36.033,37.304,73.337,33.177,421244,2845782
c6288,fixed-32768,32768,4,7744,7710,32,2,99.5610,99.9742,32768,45,0,34,0,45,42,32768,2853722,421244,3274966,38.989,37.090,76.079,31.367,421244,2853722
c6288,fixed-32768,32768,5,7744,7710,32,2,99.5610,99.9742,32768,56,0,34,0,56,40,32768,2882211,421244,3303454,34.504,34.802,69.306,32.926,421244,2882211
c6288,plateau,576,1,7744,7710,32,2,99.5610,99.9742,576,52,0,34,0,52,35,576,1574983,421244,1996226,30.113,37.303,67.416,29.501,421244,1574983
c6288,plateau,512,2,7744,7710,32,2,99.5610,99.9742,512,44,0,34,0,44,41,512,1651592,421244,2072836,31.882,33.459,65.342,31.494,421244,1651592
c6288,plateau,512,3,7744,7710,32,2,99.5610,99.9742,512,48,0,34,0,48,36,512,1611486,421244,2032730,29.788,34.300,64.088,30.574,421244,1611486
c6288,plateau,512,4,7744,7710,32,2,99.5610,99.9742,512,45,0,34,0,45,42,512,1619426,421244,2040670,31.105,37.329,68.433,32.158,421244,1619426
c6288,plateau,576,5,7744,7710,32,2,99.5610,99.9742,576,56,0,34,0,56,40,576,1650364,421244,2071608,33.589,36.595,70.184,34.090,421244,1650364
c6288,stage1,512,1,7744,7710,32,2,99.5610,99.9742,512,52,0,34,0,52,35,512,1572534,421244,1993778,32.535,37.883,70.418,31.262,421244,1572534
c6288,stage1,448,2,7744,7710,32,2,99.5610,99.9742,448,44,0,34,0,44,41,448,1649143,421244,2070386,31.913,35.094,67.008,31.868,421244,1649143
c6288,stage1,512,3,7744,7710,32,2,99.5610,99.9742,512,48,0,34,0,48,36,512,1611486,421244,2032730,31.991,37.626,69.617,38.030,421244,1611486
c6288,stage1,512,4,7744,7710,32,2,99.5610,99.9742,512,45,0,34,0,45,42,512,1619426,421244,2040670,39.697,39.480,79.178,32.397,421244,1619426
c6288,stage1,896,5,7744,7710,32,2,99.5610,99.9742,896,56,0,34,0,56,40,896,1662609,421244,2083852,35.473,38.556,74.029,33.593,421244,1662609
c6288,adaptive,512,1,7744,7710,32,2,99.5610,99.9742,512,52,0,34,34,52,35,512,1572534,421244,1993778,31.568,37.318,68.886,32.237,421244,1572534
c6288,adaptive,448,2,7744,7710,32,2,99.5610,99.9742,448,44,0,34,34,44,41,448,1649143,421244,2070386,34.512,38.283,72.796,34.135,421244,1649143
c6288,adaptive,512,3,7744,7710,32,2,99.5610,99.9742,512,48,0,34,34,48,36,512,1611486,421244,2032730,34.593,38.481,73.074,33.596,421244,1611486
c6288,adaptive,512,4,7744,7710,32,2,99.5610,99.9742,512,45,0,34,34,45,42,512,1619426,421244,2040670,33.938,37.416,71.354,37.039,421244,1619426
c6288,adaptive,896,5,7744,7710,32,2,99.5610,99.9742,896,56,0,34,34,56,40,896,1662609,421244,2083852,38.529,41.337,79.866,36.515,421244,1662609
c7552,podem,0,1,7550,7419,52,79,98.2649,98.9536,0,0,309,443,0,309,240,0,0,8044260,8044260,0.000,585.449,585.449,10.075,5173124,2871136
c7552,podem,0,2,7550,7417,52,81,98.2384,98.9272,0,0,303,438,0,303,231,0,0,8181365,8181365,0.000,518.717,518.717,10.257,5383340,2798025
c7552,podem,0,3,7550,7418,52,80,98.2517,98.9404,0,0,308,442,0,308,239,0,0,8173299,8173299,0.000,497.649,497.649,9.923,5276671,2896628
c7552,podem,0,4,7550,7417,52,81,98.2384,98.9272,0,0,311,448,0,311,234,0,0,8476373,8476373,0.000,543.605,543.605,11.031,5383340,3093033
c7552,podem,0,5,7550,7416,52,82,98.2252,98.9139,0,0,303,440,0,303,225,0,0,8509485,8509485,0.000,554.041,554.041,10.721,5516342,2993142
c7552,fixed-64,64,1,7550,7416,52,82,98.2252,98.9139,64,64,244,381,0,308,238,64,293975,7622672,7916646,8.282,532.586,540.868,9.909,5497544,2419102
c7552,fixed-64,64,2,7550,7416,52,82,98.2252,98.9139,64,62,257,393,0,319,244,64,288993,7654900,7943893,8.021,501.939,509.959,10.730,5520088,2423804
c7552,fixed-64,64,3,7550,7417,52,81,98.2384,98.9272,64,61,242,379,0,303,228,64,293896,7639652,7933548,7.757,627.531,635.289,22.017,5383340,2550209
c7552,fixed-64,64,4,7550,7417,52,81,98.2384,98.9272,64,63,241,379,0,304,231,64,287666,7686904,7974570,15.487,1159.727,1175.214,26.334,5381549,2593020
c7552,fixed-64,64,5,7550,7417,52,81,98.2384,98.9272,64,64,232,367,0,296,225,64,290755,7431380,7722134,23.659,894.182,917.841,9.947,5383340,2338795
c7552,fixed-96,96,1,7550,7418,52,80,98.2517,98.9404,128,114,203,339,0,317,223,128,310655,7226264,7536919,7.993,807.806,815.799,18.143,5311279,2225640
c7552,fixed-96,96,2,7550,7416,52,82,98.2252,98.9139,128,109,221,358,0,330,233,128,304066,7360850,7664916,15.975,766.360,782.335,9.988,5466222,2198695
c7552,fixed-96,96,3,7550,7416,52,82,98.2252,98.9139,128,107,232,368,0,339,233,128,309164,7392956,7702120,8.106,898.689,906.795,18.714,5486886,2215234
c7552,fixed-96,96,4,7550,7416,52,82,98.2252,98.9139,128,112,219,355,0,331,239,128,304580,7310028,7614608,24.893,1053.794,1078.687,25.577,5497544,2117064
c7552,fixed-96,96,5,7550,7416,52,82,98.2252,98.9139,128,116,221,358,0,337,233,128,307405,7524410,7831815,23.602,1000.896,1024.498,14.444,5466222,2365594
c7552,fixed-128,128,1,7550,7418,52,80,98.2517,98.9404,128,114,203,339,0,317,223,128,310655,7226264,7536919,16.249,770.413,786.662,9.977,5311279,2225640
c7552,fixed-128,128,2,7550,7416,52,82,98.2252,98.9139,128,109,221,358,0,330,233,128,304066,7360850,7664916,8.402,500.937,509.339,9.952,5466222,2198695
c7552,fixed-128,128,3,7550,7416,52,82,98.2252,98.9139,128,107,232,368,0,339,233,128,309164,7392956,7702120,8.227,493.260,501.488,9.972,5486886,2215234
c7552,fixed-128,128,4,7550,7416,52,82,98.2252,98.9139,128,112,219,355,0,331,239,128,304580,7310028,7614608,8.007,500.485,508.492,12.065,5497544,2117064
c7552,fixed-128,128,5,7550,7416,52,82,98.2252,98.9139,128,116,221,358,0,337,233,128,307405,7524410,7831815,8.207,540.640,548.847,9.527,5466222,2365594
c7552,fixed-192,192,1,7550,7419,52,79,98.2649,98.9536,192,142,190,325,0,332,233,192,321674,6994559,7316233,7.990,573.567,581.558,23.919,5173124,2143109
c7552,fixed-192,192,2,7550,7416,52,82,98.2252,98.9139,192,143,197,333,0,340,227,192,315701,7171416,7487117,7.721,764.780,772.501,17.135,5522376,1964741
c7552,fixed-192,192,3,7550,7417,52,81,98.2384,98.9272,192,135,202,338,0,337,231,192,319999,7175776,7495775,15.827,965.359,981.186,22.944,5383340,2112436
c7552,fixed-192,192,4,7550,7416,52,82,98.2252,98.9139,192,144,210,347,0,354,235,192,316275,7411224,7727500,16.420,1044.664,1061.083,26.752,5497544,2229956
c7552,fixed-192,192,5,7550,7417,52,81,98.2384,98.9272,192,140,202,338,0,342,236,192,318633,7186120,7504753,12.371,968.066,980.437,23.235,5383340,2121413
c7552,fixed-256,256,1,7550,7418,52,80,98.2517,98.9404,256,161,174,310,0,335,240,256,331680,6925434,7257114,17.670,975.230,992.899,23.068,5311279,1945835
c7552,fixed-256,256,2,7550,7419,52,79,98.2649,98.9536,256,169,175,308,0,344,236,256,326252,6648055,6974307,16.273,689.186,705.459,22.701,5173124,1801183
c7552,fixed-256,256,3,7550,7419,52,79,98.2649,98.9536,256,155,193,327,0,348,234,256,329589,6897080,7226669,16.672,918.228,934.900,17.291,5173124,2053545
c7552,fixed-256,256,4,7550,7415,52,83,98.2119,98.9007,256,164,194,330,0,358,234,256,326723,7126439,7453162,16.268,782.843,799.112,19.133,5601091,1852071
c7552,fixed-256,256,5,7550,7417,52,81,98.2384,98.9272,256,168,179,315,0,347,238,256,329069,7074275,7403344,16.733,1040.301,1057.035,17.929,5383340,2020004
c7552,fixed-384,384,1,7550,7419,52,79,98.2649,98.9536,384,178,165,300,0,343,240,384,349091,6788216,7137307,16.731,850.162,866.893,21.370,5173124,1964183
c7552,fixed-384,384,2,7550,7419,52,79,98.2649,98.9536,384,188,170,303,0,358,247,384,343634,6584700,6928334,16.003,813.613,829.616,17.699,5173124,1755210
c7552,fixed-384,384,3,7550,7419,52,79,98.2649,98.9536,384,183,169,302,0,352,226,384,347601,6597008,6944608,16.397,880.618,897.015,17.423,5173124,1771484
c7552,fixed-384,384,4,7550,7416,52,82,98.2252,98.9139,384,187,172,308,0,359,231,384,345736,6829358,7175094,16.253,868.068,884.320,21.588,5486886,1688207
c7552,fixed-384,384,5,7550,7417,52,81,98.2384,98.9272,384,195,169,305,0,364,240,384,347127,6858035,7205162,16.439,923.421,939.859,18.593,5383340,1821822
c7552,fixed-512,512,1,7550,7419,52,79,98.2649,98.9536,512,188,157,291,0,345,239,512,365717,6564226,6929944,21.755,896.781,918.535,23.021,5173124,1756820
c7552,fixed-512,512,2,7550,7419,52,79,98.2649,98.9536,512,204,155,288,0,359,242,512,360558,6486161,6846719,21.884,948.886,970.770,22.519,5173124,1673595
c7552,fixed-512,512,3,7550,7419,52,79,98.2649,98.9536,512,203,164,298,0,367,239,512,364795,6621329,6986124,21.918,936.972,958.890,18.048,5173124,1813000
c7552,fixed-512,512,4,7550,7416,52,82,98.2252,98.9139,512,201,163,299,0,364,241,512,363585,6755909,7119494,21.616,911.613,933.229,18.180,5497544,1621950
c7552,fixed-512,512,5,7550,7418,52,80,98.2517,98.9404,512,205,159,294,0,364,233,512,363707,6738939,7102646,21.305,998.190,1019.495,22.582,5278970,1823676
c7552,fixed-768,768,1,7550,7418,52,80,98.2517,98.9404,768,205,141,274,0,346,243,768,398658,6397196,6795854,18.074,1019.168,1037.242,22.325,5276671,1519183
c7552,fixed-768,768,2,7550,7419,52,79,98.2649,98.9536,768,220,144,276,0,364,241,768,393860,6310649,6704509,17.829,855.810,873.639,21.969,5173124,1531385
c7552,fixed-768,768,3,7550,7419,52,79,98.2649,98.9536,768,218,150,283,0,368,239,768,397520,6413440,6810960,17.659,967.849,985.508,30.077,5173124,1637836
c7552,fixed-768,768,4,7550,7417,52,81,98.2384,98.9272,768,213,156,291,0,369,251,768,396934,6645355,7042289,25.561,936.165,961.726,21.710,5383340,1658950
c7552,fixed-768,768,5,7550,7418,52,80,98.2517,98.9404,768,212,153,287,0,365,217,768,396211,6570188,6966400,16.977,727.016,743.993,17.222,5278970,1687429
c7552,fixed-1024,1024,1,7550,7419,52,79,98.2649,98.9536,1024,206,137,270,0,343,236,1024,431274,6286706,6717980,17.772,955.999,973.770,22.515,5173124,1544856
c7552,fixed-1024,1024,2,7550,7419,52,79,98.2649,98.9536,1024,226,144,277,0,370,251,1024,425769,6302526,6728295,22.317,857.345,879.662,17.729,5173124,1555171
c7552,fixed-1024,1024,3,7550,7419,52,79,98.2649,98.9536,1024,224,145,278,0,369,234,1024,429551,6381665,6811216,22.080,825.417,847.497,21.810,5173124,1638092
c7552,fixed-1024,1024,4,7550,7419,52,79,98.2649,98.9536,1024,220,146,279,0,366,244,1024,429363,6374314,6803677,17.760,815.658,833.418,21.847,5173124,1630553
c7552,fixed-1024,1024,5,7550,7419,52,79,98.2649,98.9536,1024,224,143,276,0,367,224,1024,428130,6305635,6733765,18.110,889.153,907.263,25.489,5173124,1560641
c7552,fixed-1536,1536,1,7550,7419,52,79,98.2649,98.9536,1536,213,132,264,0,345,236,1536,495503,6207298,6702801,23.937,923.446,947.382,18.976,5173124,1529677
c7552,fixed-1536,1536,2,7550,7419,52,79,98.2649,98.9536,1536,234,135,268,0,369,234,1536,488068,6308324,6796392,27.119,886.363,913.482,18.287,5173124,1623268
c7552,fixed-1536,1536,3,7550,7419,52,79,98.2649,98.9536,1536,237,133,266,0,370,232,1536,489971,6298378,6788350,19.734,842.080,861.814,17.133,5173124,1615226
c7552,fixed-1536,1536,4,7550,7419,52,79,98.2649,98.9536,1536,233,138,271,0,371,245,1536,493524,6332765,6826289,22.910,819.841,842.751,13.223,5173124,1653165
c7552,fixed-1536,1536,5,7550,7419,52,79,98.2649,98.9536,1536,240,127,260,0,367,231,1536,488318,6260883,6749201,22.833,858.204,881.037,18.494,5173124,1576077
c7552,fixed-2048,2048,1,7550,7419,52,79,98.2649,98.9536,2048,219,132,264,0,351,234,2048,553533,6139265,6692798,29.020,814.773,843.793,16.705,5173124,1519674
c7552,fixed-2048,2048,2,7550,7419,52,79,98.2649,98.9536,2048,241,129,261,0,370,243,2048,546473,6210362,6756835,28.117,826.168,854.285,17.289,5173124,1583711
c7552,fixed-2048,2048,3,7550,7419,52,79,98.2649,98.9536,2048,248,126,258,0,374,244,2048,548464,6181241,6729705,23.495,786.776,810.271,21.560,5173124,1556581
c7552,fixed-2048,2048,4,7550,7419,52,79,98.2649,98.9536,2048,242,128,260,0,370,233,2048,555368,6200536,6755904,24.318,823.131,847.449,21.664,5173124,1582780
c7552,fixed-2048,2048,5,7550,7419,52,79,98.2649,98.9536,2048,244,124,256,0,368,239,2048,547161,6154818,6701979,22.831,430.152,452.983,9.606,5173124,1528855
c7552,fixed-3072,3072,1,7550,7419,52,79,98.2649,98.9536,3072,227,126,258,0,353,225,3072,668156,6185328,6853484,13.747,389.975,403.722,9.387,5173124,1680360
c7552,fixed-3072,3072,2,7550,7419,52,79,98.2649,98.9536,3072,253,117,250,0,370,243,3072,658890,6192837,6851727,13.358,384.556,397.914,9.660,5173124,1678603
c7552,fixed-3072,3072,3,7550,7419,52,79,98.2649,98.9536,3072,255,117,249,0,372,238,3072,658077,6128954,6787031,13.943,405.954,419.897,10.104,5173124,1613907
c7552,fixed-3072,3072,4,7550,7419,52,79,98.2649,98.9536,3072,249,120,251,0,369,228,3072,672259,6075523,6747782,14.835,392.207,407.042,10.348,5173124,1574658
c7552,fixed-3072,3072,5,7550,7419,52,79,98.2649,98.9536,3072,249,126,258,0,375,225,3072,661844,6163866,6825710,14.499,405.722,420.221,9.541,5173124,1652586
c7552,fixed-4096,4096,1,7550,7419,52,79,98.2649,98.9536,4096,232,118,250,0,350,224,4096,777673,6063961,6841634,16.229,405.354,421.583,11.436,5173124,1668510
c7552,fixed-4096,4096,2,7550,7419,52,79,98.2649,98.9536,4096,256,115,248,0,371,238,4096,765234,6179981,6945215,15.275,465.009,480.285,10.230,5173124,1772091
c7552,fixed-4096,4096,3,7550,7419,52,79,98.2649,98.9536,4096,262,115,246,0,377,235,4096,766966,6041106,6808072,16.158,427.649,443.808,10.497,5173124,1634948
c7552,fixed-4096,4096,4,7550,7419,52,79,98.2649,98.9536,4096,256,117,250,0,373,228,4096,783643,6164298,6947941,17.434,406.132,423.566,9.388,5173124,1774817
c7552,fixed-4096,4096,5,7550,7419,52,79,98.2649,98.9536,4096,254,119,251,0,373,231,4096,772949,6125612,6898561,15.308,384.674,399.982,9.446,5173124,1725437
c7552,fixed-6144,6144,1,7550,7419,52,79,98.2649,98.9536,6144,234,121,252,0,355,231,6144,995293,6078631,7073924,20.215,393.855,414.070,10.330,5173124,1900800
c7552,fixed-6144,6144,2,7550,7419,52,79,98.2649,98.9536,6144,262,108,241,0,370,241,6144,976991,6141064,7118055,19.125,487.579,506.704,9.900,5173124,1944931
c7552,fixed-6144,6144,3,7550,7419,52,79,98.2649,98.9536,6144,267,105,236,0,372,233,6144,979504,5983611,6963115,19.254,390.752,410.006,10.529,5173124,1789991
c7552,fixed-6144,6144,4,7550,7419,52,79,98.2649,98.9536,6144,261,114,247,0,375,233,6144,989439,6159802,7149241,19.532,437.947,457.479,10.803,5173124,1976117
c7552,fixed-6144,6144,5,7550,7419,52,79,98.2649,98.9536,6144,259,116,248,0,375,231,6144,993646,6108610,7102256,20.359,428.447,448.806,10.209,5173124,1929132
c7552,fixed-8192,8192,1,7550,7419,52,79,98.2649,98.9536,8192,242,111,242,0,353,227,8192,1204686,6007265,7211951,24.632,427.656,452.288,9.956,5173124,2038827
c7552,fixed-8192,8192,2,7550,7419,52,79,98.2649,98.9536,8192,264,105,238,0,369,234,8192,1184710,6124240,7308950,24.081,436.061,460.142,10.662,5173124,2135826
c7552,fixed-8192,8192,3,7550,7419,52,79,98.2649,98.9536,8192,271,104,235,0,375,233,8192,1187084,5977750,7164834,23.078,424.922,448.000,10.851,5173124,1991710
c7552,fixed-8192,8192,4,7550,7419,52,79,98.2649,98.9536,8192,267,110,241,0,377,236,8192,1189081,6011844,7200925,24.125,409.474,433.599,9.172,5173124,2027801
c7552,fixed-8192,8192,5,7550,7419,52,79,98.2649,98.9536,8192,262,116,247,0,378,230,8192,1205536,6045324,7250860,21.145,435.976,457.121,10.385,5173124,2077736
c7552,fixed-12288,12288,1,7550,7419,52,79,98.2649,98.9536,12288,255,96,227,0,351,222,12288,1595850,5843094,7438944,78.891,447.894,526.785,10.710,5173124,2265820
c7552,fixed-12288,12288,2,7550,7419,52,79,98.2649,98.9536,12288,270,100,232,0,370,242,12288,1594570,6012638,7607208,30.066,436.390,466.456,10.478,5173124,2434084
c7552,fixed-12288,12288,3,7550,7419,52,79,98.2649,98.9536,12288,278,97,228,0,375,230,12288,1589589,5927182,7516771,29.589,439.690,469.279,10.703,5173124,2343647
c7552,fixed-12288,12288,4,7550,7419,52,79,98.2649,98.9536,12288,275,102,233,0,377,226,12288,1567290,5964834,7532124,29.850,427.254,457.104,10.335,5173124,2359000
c7552,fixed-12288,12288,5,7550,7419,52,79,98.2649,98.9536,12288,272,103,234,0,375,238,12288,1608512,5901515,7510027,30.640,416.994,447.634,10.331,5173124,2336903
c7552,fixed-16384,16384,1,7550,7419,52,79,98.2649,98.9536,16384,261,91,222,0,352,224,16384,1975573,5815248,7790822,36.522,417.578,454.100,10.610,5173124,2617698
c7552,fixed-16384,16384,2,7550,7419,52,79,98.2649,98.9536,16384,275,95,226,0,370,236,16384,1990991,5922268,7913259,35.787,419.128,454.915,10.515,5173124,2740135
c7552,fixed-16384,16384,3,7550,7419,52,79,98.2649,98.9536,16384,280,94,225,0,374,233,16384,1979987,5910616,7890603,37.833,446.956,484.789,10.250,5173124,2717479
c7552,fixed-16384,16384,4,7550,7419,52,79,98.2649,98.9536,16384,281,95,226,0,376,237,16384,1936428,5921020,7857448,32.739,386.707,419.446,10.084,5173124,2684324
c7552,fixed-16384,16384,5,7550,7419,52,79,98.2649,98.9536,16384,281,94,225,0,375,225,16384,2000334,5852762,7853096,36.450,387.612,424.062,10.086,5173124,2679972
c7552,fixed-24576,24576,1,7550,7419,52,79,98.2649,98.9536,24576,270,89,220,0,359,229,24576,2699232,5802841,8502073,44.537,376.044,420.581,9.562,5173124,3328949
c7552,fixed-24576,24576,2,7550,7419,52,79,98.2649,98.9536,24576,279,90,221,0,369,225,24576,2765771,5817068,8582839,42.481,375.388,417.869,10.351,5173124,3409715
c7552,fixed-24576,24576,3,7550,7419,52,79,98.2649,98.9536,24576,286,86,217,0,372,221,24576,2746519,5864617,8611136,44.595,372.258,416.854,9.323,5173124,3438012
c7552,fixed-24576,24576,4,7550,7419,52,79,98.2649,98.9536,24576,287,93,224,0,380,232,24576,2649542,5832969,8482511,40.191,372.863,413.054,10.222,5173124,3309387
c7552,fixed-24576,24576,5,7550,7419,52,79,98.2649,98.9536,24576,284,90,221,0,374,221,24576,2768066,5829518,8597584,44.497,381.712,426.209,9.296,5173124,3424460
c7552,fixed-32768,32768,1,7550,7419,52,79,98.2649,98.9536,32768,274,85,216,0,359,230,32768,3404797,5780049,9184846,52.319,385.024,437.343,10.607,5173124,4011722
c7552,fixed-32768,32768,2,7550,7419,52,79,98.2649,98.9536,32768,288,75,206,0,363,226,32768,3479725,5724808,9204533,55.113,382.598,437.711,9.706,5173124,4031409
c7552,fixed-32768,32768,3,7550,7419,52,79,98.2649,98.9536,32768,294,77,208,0,371,222,32768,3474997,5750533,9225530,57.019,401.691,458.710,10.012,5173124,4052406
c7552,fixed-32768,32768,4,7550,7419,52,79,98.2649,98.9536,32768,299,79,210,0,378,232,32768,3348735,5695025,9043760,49.975,426.805,476.780,10.922,5173124,3870636
c7552,fixed-32768,32768,5,7550,7419,52,79,98.2649,98.9536,32768,292,85,216,0,377,221,32768,3523298,5808510,9331808,61.656,420.114,481.770,10.795,5173124,4158684
c7552,plateau,1216,1,7550,7419,52,79,98.2649,98.9536,1216,206,141,273,0,347,244,1216,455797,6269200,6724996,11.355,434.061,445.416,10.366,5173124,1551872
c7552,plateau,3520,2,7550,7419,52,79,98.2649,98.9536,3520,254,115,248,0,369,241,3520,705862,6189363,6895225,18.070,447.144,465.214,11.072,5173124,1722101
c7552,plateau,2944,3,7550,7419,52,79,98.2649,98.9536,2944,254,121,253,0,375,239,2944,644725,6151203,6795928,15.365,452.065,467.430,10.637,5173124,1622804
c7552,plateau,3008,4,7550,7419,52,79,98.2649,98.9536,3008,248,124,255,0,372,238,3008,665186,6098023,6763209,15.082,427.285,442.367,11.161,5173124,1590085
c7552,plateau,2816,5,7550,7419,52,79,98.2649,98.9536,2816,248,125,257,0,373,229,2816,633168,6158752,6791920,14.360,420.820,435.180,10.242,5173124,1618796
c7552,stage1,1216,1,7550,7419,52,79,98.2649,98.9536,1216,206,141,273,0,347,244,1216,455797,6269200,6724996,11.595,436.070,447.665,10.914,5173124,1551872
c7552,stage1,3584,2,7550,7419,52,79,98.2649,98.9536,3584,254,116,249,0,370,248,3584,712332,6185654,6897986,16.833,419.987,436.820,10.108,5173124,1724862
c7552,stage1,2880,3,7550,7419,52,79,98.2649,98.9536,2880,254,116,248,0,370,231,2880,637497,6123558,6761056,13.921,409.018,422.940,10.321,5173124,1587932
c7552,stage1,4544,4,7550,7419,52,79,98.2649,98.9536,4544,256,115,248,0,371,230,4544,828541,6152431,6980972,17.425,404.966,422.391,9.986,5173124,1807848
c7552,stage1,3008,5,7550,7419,52,79,98.2649,98.9536,3008,248,123,255,0,371,222,3008,654815,6148721,6803536,13.581,421.887,435.468,10.035,5173124,1630412
c7552,adaptive,1344,1,7550,7419,52,79,98.2649,98.9536,1344,210,135,267,16,345,242,1344,469158,6283202,6752360,12.680,431.103,443.782,10.237,5173124,1579236
c7552,adaptive,3712,2,7550,7419,52,79,98.2649,98.9536,3712,254,114,247,16,368,239,3712,723665,6196212,6919877,16.878,431.853,448.731,10.967,5173124,1746753
c7552,adaptive,3008,3,7550,7419,52,79,98.2649,98.9536,3008,254,118,250,16,372,231,3008,648945,6128726,6777670,15.196,418.681,433.877,9.972,5173124,1604546
c7552,adaptive,4672,4,7550,7419,52,79,98.2649,98.9536,4672,256,108,241,16,364,225,4672,839749,6068872,6908620,16.750,392.122,408.872,9.684,5173124,1735496
c7552,adaptive,3136,5,7550,7419,52,79,98.2649,98.9536,3136,248,130,263,16,378,228,3136,666841,6283578,6950420,14.017,393.186,407.203,9.733,5173124,1777296
