circuit,method,param,seed,faults,detected,redundant,aborted,fc_pct,fe_pct,random_applied,random_kept,podem_vectors,podem_calls,probe_calls,tests,compacted,switch_at,work_random,work_podem,work_total,ms_random,ms_podem,ms_total,ms_compact,work_unresolved,work_core
c17,podem,0,1,22,22,0,0,100.0000,100.0000,0,0,5,5,0,5,5,0,0,2230,2230,0.000,0.018,0.018,0.004,0,2230
c17,podem,0,2,22,22,0,0,100.0000,100.0000,0,0,6,6,0,6,5,0,0,2848,2848,0.000,0.014,0.014,0.003,0,2848
c17,podem,0,3,22,22,0,0,100.0000,100.0000,0,0,7,7,0,7,6,0,0,3110,3110,0.000,0.015,0.015,0.003,0,3110
c17,podem,0,4,22,22,0,0,100.0000,100.0000,0,0,8,8,0,8,6,0,0,3961,3961,0.000,0.016,0.016,0.003,0,3961
c17,podem,0,5,22,22,0,0,100.0000,100.0000,0,0,5,5,0,5,5,0,0,2456,2456,0.000,0.010,0.010,0.003,0,2456
c17,fixed-64,64,1,22,22,0,0,100.0000,100.0000,64,7,0,0,0,7,6,64,62,0,62,0.004,0.000,0.004,0.002,0,62
c17,fixed-64,64,2,22,22,0,0,100.0000,100.0000,64,9,0,0,0,9,6,64,62,0,62,0.002,0.000,0.002,0.002,0,62
c17,fixed-64,64,3,22,22,0,0,100.0000,100.0000,64,8,0,0,0,8,4,64,62,0,62,0.002,0.000,0.002,0.002,0,62
c17,fixed-64,64,4,22,22,0,0,100.0000,100.0000,64,8,0,0,0,8,6,64,62,0,62,0.002,0.000,0.003,0.002,0,62
c17,fixed-64,64,5,22,22,0,0,100.0000,100.0000,64,8,0,0,0,8,7,64,62,0,62,0.002,0.000,0.002,0.002,0,62
c17,fixed-96,96,1,22,22,0,0,100.0000,100.0000,64,7,0,0,0,7,6,64,62,0,62,0.002,0.000,0.002,0.002,0,62
c17,fixed-96,96,2,22,22,0,0,100.0000,100.0000,64,9,0,0,0,9,6,64,62,0,62,0.002,0.000,0.002,0.002,0,62
c17,fixed-96,96,3,22,22,0,0,100.0000,100.0000,64,8,0,0,0,8,4,64,62,0,62,0.002,0.000,0.002,0.002,0,62
c17,fixed-96,96,4,22,22,0,0,100.0000,100.0000,64,8,0,0,0,8,6,64,62,0,62,0.002,0.000,0.002,0.002,0,62
c17,fixed-96,96,5,22,22,0,0,100.0000,100.0000,64,8,0,0,0,8,7,64,62,0,62,0.002,0.000,0.002,0.002,0,62
c17,fixed-128,128,1,22,22,0,0,100.0000,100.0000,64,7,0,0,0,7,6,64,62,0,62,0.002,0.000,0.002,0.001,0,62
c17,fixed-128,128,2,22,22,0,0,100.0000,100.0000,64,9,0,0,0,9,6,64,62,0,62,0.002,0.000,0.002,0.002,0,62
c17,fixed-128,128,3,22,22,0,0,100.0000,100.0000,64,8,0,0,0,8,4,64,62,0,62,0.003,0.000,0.003,0.002,0,62
c17,fixed-128,128,4,22,22,0,0,100.0000,100.0000,64,8,0,0,0,8,6,64,62,0,62,0.002,0.000,0.002,0.002,0,62
c17,fixed-128,128,5,22,22,0,0,100.0000,100.0000,64,8,0,0,0,8,7,64,62,0,62,0.002,0.000,0.002,0.002,0,62
c17,fixed-192,192,1,22,22,0,0,100.0000,100.0000,64,7,0,0,0,7,6,64,62,0,62,0.002,0.000,0.002,0.002,0,62
c17,fixed-192,192,2,22,22,0,0,100.0000,100.0000,64,9,0,0,0,9,6,64,62,0,62,0.002,0.000,0.002,0.002,0,62
c17,fixed-192,192,3,22,22,0,0,100.0000,100.0000,64,8,0,0,0,8,4,64,62,0,62,0.002,0.000,0.002,0.002,0,62
c17,fixed-192,192,4,22,22,0,0,100.0000,100.0000,64,8,0,0,0,8,6,64,62,0,62,0.002,0.000,0.002,0.002,0,62
c17,fixed-192,192,5,22,22,0,0,100.0000,100.0000,64,8,0,0,0,8,7,64,62,0,62,0.002,0.000,0.002,0.001,0,62
c17,fixed-256,256,1,22,22,0,0,100.0000,100.0000,64,7,0,0,0,7,6,64,62,0,62,0.002,0.000,0.002,0.001,0,62
c17,fixed-256,256,2,22,22,0,0,100.0000,100.0000,64,9,0,0,0,9,6,64,62,0,62,0.002,0.000,0.002,0.001,0,62
c17,fixed-256,256,3,22,22,0,0,100.0000,100.0000,64,8,0,0,0,8,4,64,62,0,62,0.002,0.000,0.002,0.001,0,62
c17,fixed-256,256,4,22,22,0,0,100.0000,100.0000,64,8,0,0,0,8,6,64,62,0,62,0.002,0.000,0.002,0.001,0,62
c17,fixed-256,256,5,22,22,0,0,100.0000,100.0000,64,8,0,0,0,8,7,64,62,0,62,0.002,0.000,0.002,0.001,0,62
c17,fixed-384,384,1,22,22,0,0,100.0000,100.0000,64,7,0,0,0,7,6,64,62,0,62,0.002,0.000,0.002,0.002,0,62
c17,fixed-384,384,2,22,22,0,0,100.0000,100.0000,64,9,0,0,0,9,6,64,62,0,62,0.002,0.000,0.002,0.002,0,62
c17,fixed-384,384,3,22,22,0,0,100.0000,100.0000,64,8,0,0,0,8,4,64,62,0,62,0.002,0.000,0.002,0.001,0,62
c17,fixed-384,384,4,22,22,0,0,100.0000,100.0000,64,8,0,0,0,8,6,64,62,0,62,0.002,0.000,0.002,0.001,0,62
c17,fixed-384,384,5,22,22,0,0,100.0000,100.0000,64,8,0,0,0,8,7,64,62,0,62,0.002,0.000,0.002,0.001,0,62
c17,fixed-512,512,1,22,22,0,0,100.0000,100.0000,64,7,0,0,0,7,6,64,62,0,62,0.002,0.000,0.002,0.002,0,62
c17,fixed-512,512,2,22,22,0,0,100.0000,100.0000,64,9,0,0,0,9,6,64,62,0,62,0.002,0.000,0.002,0.001,0,62
c17,fixed-512,512,3,22,22,0,0,100.0000,100.0000,64,8,0,0,0,8,4,64,62,0,62,0.003,0.000,0.003,0.002,0,62
c17,fixed-512,512,4,22,22,0,0,100.0000,100.0000,64,8,0,0,0,8,6,64,62,0,62,0.003,0.000,0.003,0.002,0,62
c17,fixed-512,512,5,22,22,0,0,100.0000,100.0000,64,8,0,0,0,8,7,64,62,0,62,0.002,0.000,0.002,0.002,0,62
c17,fixed-768,768,1,22,22,0,0,100.0000,100.0000,64,7,0,0,0,7,6,64,62,0,62,0.002,0.000,0.002,0.002,0,62
c17,fixed-768,768,2,22,22,0,0,100.0000,100.0000,64,9,0,0,0,9,6,64,62,0,62,0.002,0.000,0.002,0.002,0,62
c17,fixed-768,768,3,22,22,0,0,100.0000,100.0000,64,8,0,0,0,8,4,64,62,0,62,0.002,0.000,0.002,0.002,0,62
c17,fixed-768,768,4,22,22,0,0,100.0000,100.0000,64,8,0,0,0,8,6,64,62,0,62,0.002,0.000,0.002,0.002,0,62
c17,fixed-768,768,5,22,22,0,0,100.0000,100.0000,64,8,0,0,0,8,7,64,62,0,62,0.002,0.000,0.002,0.002,0,62
c17,fixed-1024,1024,1,22,22,0,0,100.0000,100.0000,64,7,0,0,0,7,6,64,62,0,62,0.002,0.000,0.003,0.002,0,62
c17,fixed-1024,1024,2,22,22,0,0,100.0000,100.0000,64,9,0,0,0,9,6,64,62,0,62,0.003,0.000,0.003,0.002,0,62
c17,fixed-1024,1024,3,22,22,0,0,100.0000,100.0000,64,8,0,0,0,8,4,64,62,0,62,0.002,0.000,0.002,0.002,0,62
c17,fixed-1024,1024,4,22,22,0,0,100.0000,100.0000,64,8,0,0,0,8,6,64,62,0,62,0.002,0.000,0.002,0.002,0,62
c17,fixed-1024,1024,5,22,22,0,0,100.0000,100.0000,64,8,0,0,0,8,7,64,62,0,62,0.003,0.000,0.003,0.002,0,62
c17,fixed-1536,1536,1,22,22,0,0,100.0000,100.0000,64,7,0,0,0,7,6,64,62,0,62,0.002,0.000,0.002,0.002,0,62
c17,fixed-1536,1536,2,22,22,0,0,100.0000,100.0000,64,9,0,0,0,9,6,64,62,0,62,0.003,0.000,0.003,0.002,0,62
c17,fixed-1536,1536,3,22,22,0,0,100.0000,100.0000,64,8,0,0,0,8,4,64,62,0,62,0.003,0.000,0.003,0.002,0,62
c17,fixed-1536,1536,4,22,22,0,0,100.0000,100.0000,64,8,0,0,0,8,6,64,62,0,62,0.003,0.000,0.003,0.002,0,62
c17,fixed-1536,1536,5,22,22,0,0,100.0000,100.0000,64,8,0,0,0,8,7,64,62,0,62,0.003,0.000,0.003,0.002,0,62
c17,fixed-2048,2048,1,22,22,0,0,100.0000,100.0000,64,7,0,0,0,7,6,64,62,0,62,0.002,0.000,0.002,0.002,0,62
c17,fixed-2048,2048,2,22,22,0,0,100.0000,100.0000,64,9,0,0,0,9,6,64,62,0,62,0.002,0.000,0.002,0.002,0,62
c17,fixed-2048,2048,3,22,22,0,0,100.0000,100.0000,64,8,0,0,0,8,4,64,62,0,62,0.003,0.000,0.003,0.002,0,62
c17,fixed-2048,2048,4,22,22,0,0,100.0000,100.0000,64,8,0,0,0,8,6,64,62,0,62,0.003,0.000,0.003,0.002,0,62
c17,fixed-2048,2048,5,22,22,0,0,100.0000,100.0000,64,8,0,0,0,8,7,64,62,0,62,0.003,0.000,0.003,0.002,0,62
c17,fixed-3072,3072,1,22,22,0,0,100.0000,100.0000,64,7,0,0,0,7,6,64,62,0,62,0.002,0.000,0.002,0.002,0,62
c17,fixed-3072,3072,2,22,22,0,0,100.0000,100.0000,64,9,0,0,0,9,6,64,62,0,62,0.002,0.000,0.002,0.002,0,62
c17,fixed-3072,3072,3,22,22,0,0,100.0000,100.0000,64,8,0,0,0,8,4,64,62,0,62,0.002,0.000,0.002,0.002,0,62
c17,fixed-3072,3072,4,22,22,0,0,100.0000,100.0000,64,8,0,0,0,8,6,64,62,0,62,0.002,0.000,0.002,0.002,0,62
c17,fixed-3072,3072,5,22,22,0,0,100.0000,100.0000,64,8,0,0,0,8,7,64,62,0,62,0.002,0.000,0.002,0.002,0,62
c17,fixed-4096,4096,1,22,22,0,0,100.0000,100.0000,64,7,0,0,0,7,6,64,62,0,62,0.002,0.000,0.002,0.002,0,62
c17,fixed-4096,4096,2,22,22,0,0,100.0000,100.0000,64,9,0,0,0,9,6,64,62,0,62,0.002,0.000,0.002,0.002,0,62
c17,fixed-4096,4096,3,22,22,0,0,100.0000,100.0000,64,8,0,0,0,8,4,64,62,0,62,0.002,0.000,0.002,0.002,0,62
c17,fixed-4096,4096,4,22,22,0,0,100.0000,100.0000,64,8,0,0,0,8,6,64,62,0,62,0.003,0.000,0.003,0.002,0,62
c17,fixed-4096,4096,5,22,22,0,0,100.0000,100.0000,64,8,0,0,0,8,7,64,62,0,62,0.002,0.000,0.002,0.002,0,62
c17,fixed-6144,6144,1,22,22,0,0,100.0000,100.0000,64,7,0,0,0,7,6,64,62,0,62,0.003,0.000,0.004,0.002,0,62
c17,fixed-6144,6144,2,22,22,0,0,100.0000,100.0000,64,9,0,0,0,9,6,64,62,0,62,0.003,0.000,0.003,0.002,0,62
c17,fixed-6144,6144,3,22,22,0,0,100.0000,100.0000,64,8,0,0,0,8,4,64,62,0,62,0.003,0.000,0.003,0.002,0,62
c17,fixed-6144,6144,4,22,22,0,0,100.0000,100.0000,64,8,0,0,0,8,6,64,62,0,62,0.003,0.000,0.003,0.002,0,62
c17,fixed-6144,6144,5,22,22,0,0,100.0000,100.0000,64,8,0,0,0,8,7,64,62,0,62,0.002,0.000,0.002,0.002,0,62
c17,fixed-8192,8192,1,22,22,0,0,100.0000,100.0000,64,7,0,0,0,7,6,64,62,0,62,0.002,0.000,0.002,0.002,0,62
c17,fixed-8192,8192,2,22,22,0,0,100.0000,100.0000,64,9,0,0,0,9,6,64,62,0,62,0.002,0.000,0.002,0.001,0,62
c17,fixed-8192,8192,3,22,22,0,0,100.0000,100.0000,64,8,0,0,0,8,4,64,62,0,62,0.002,0.000,0.002,0.001,0,62
c17,fixed-8192,8192,4,22,22,0,0,100.0000,100.0000,64,8,0,0,0,8,6,64,62,0,62,0.002,0.000,0.002,0.001,0,62
c17,fixed-8192,8192,5,22,22,0,0,100.0000,100.0000,64,8,0,0,0,8,7,64,62,0,62,0.002,0.000,0.002,0.002,0,62
c17,fixed-12288,12288,1,22,22,0,0,100.0000,100.0000,64,7,0,0,0,7,6,64,62,0,62,0.002,0.000,0.002,0.001,0,62
c17,fixed-12288,12288,2,22,22,0,0,100.0000,100.0000,64,9,0,0,0,9,6,64,62,0,62,0.002,0.000,0.002,0.002,0,62
c17,fixed-12288,12288,3,22,22,0,0,100.0000,100.0000,64,8,0,0,0,8,4,64,62,0,62,0.002,0.000,0.002,0.001,0,62
c17,fixed-12288,12288,4,22,22,0,0,100.0000,100.0000,64,8,0,0,0,8,6,64,62,0,62,0.002,0.000,0.002,0.002,0,62
c17,fixed-12288,12288,5,22,22,0,0,100.0000,100.0000,64,8,0,0,0,8,7,64,62,0,62,0.002,0.000,0.002,0.002,0,62
c17,fixed-16384,16384,1,22,22,0,0,100.0000,100.0000,64,7,0,0,0,7,6,64,62,0,62,0.002,0.000,0.002,0.001,0,62
c17,fixed-16384,16384,2,22,22,0,0,100.0000,100.0000,64,9,0,0,0,9,6,64,62,0,62,0.002,0.000,0.002,0.001,0,62
c17,fixed-16384,16384,3,22,22,0,0,100.0000,100.0000,64,8,0,0,0,8,4,64,62,0,62,0.002,0.000,0.002,0.001,0,62
c17,fixed-16384,16384,4,22,22,0,0,100.0000,100.0000,64,8,0,0,0,8,6,64,62,0,62,0.002,0.000,0.002,0.001,0,62
c17,fixed-16384,16384,5,22,22,0,0,100.0000,100.0000,64,8,0,0,0,8,7,64,62,0,62,0.002,0.000,0.002,0.001,0,62
c17,fixed-24576,24576,1,22,22,0,0,100.0000,100.0000,64,7,0,0,0,7,6,64,62,0,62,0.002,0.000,0.002,0.001,0,62
c17,fixed-24576,24576,2,22,22,0,0,100.0000,100.0000,64,9,0,0,0,9,6,64,62,0,62,0.002,0.000,0.002,0.001,0,62
c17,fixed-24576,24576,3,22,22,0,0,100.0000,100.0000,64,8,0,0,0,8,4,64,62,0,62,0.002,0.000,0.002,0.001,0,62
c17,fixed-24576,24576,4,22,22,0,0,100.0000,100.0000,64,8,0,0,0,8,6,64,62,0,62,0.002,0.000,0.002,0.001,0,62
c17,fixed-24576,24576,5,22,22,0,0,100.0000,100.0000,64,8,0,0,0,8,7,64,62,0,62,0.002,0.000,0.002,0.002,0,62
c17,fixed-32768,32768,1,22,22,0,0,100.0000,100.0000,64,7,0,0,0,7,6,64,62,0,62,0.002,0.000,0.002,0.001,0,62
c17,fixed-32768,32768,2,22,22,0,0,100.0000,100.0000,64,9,0,0,0,9,6,64,62,0,62,0.002,0.000,0.002,0.001,0,62
c17,fixed-32768,32768,3,22,22,0,0,100.0000,100.0000,64,8,0,0,0,8,4,64,62,0,62,0.002,0.000,0.002,0.001,0,62
c17,fixed-32768,32768,4,22,22,0,0,100.0000,100.0000,64,8,0,0,0,8,6,64,62,0,62,0.002,0.000,0.002,0.001,0,62
c17,fixed-32768,32768,5,22,22,0,0,100.0000,100.0000,64,8,0,0,0,8,7,64,62,0,62,0.002,0.000,0.002,0.001,0,62
c17,plateau,64,1,22,22,0,0,100.0000,100.0000,64,7,0,0,0,7,6,64,62,0,62,0.002,0.000,0.002,0.002,0,62
c17,plateau,64,2,22,22,0,0,100.0000,100.0000,64,9,0,0,0,9,6,64,62,0,62,0.002,0.000,0.002,0.001,0,62
c17,plateau,64,3,22,22,0,0,100.0000,100.0000,64,8,0,0,0,8,4,64,62,0,62,0.002,0.000,0.002,0.001,0,62
c17,plateau,64,4,22,22,0,0,100.0000,100.0000,64,8,0,0,0,8,6,64,62,0,62,0.002,0.000,0.002,0.001,0,62
c17,plateau,64,5,22,22,0,0,100.0000,100.0000,64,8,0,0,0,8,7,64,62,0,62,0.002,0.000,0.002,0.002,0,62
c17,stage1,64,1,22,22,0,0,100.0000,100.0000,64,7,0,0,0,7,6,64,62,0,62,0.002,0.000,0.002,0.002,0,62
c17,stage1,64,2,22,22,0,0,100.0000,100.0000,64,9,0,0,0,9,6,64,62,0,62,0.002,0.000,0.002,0.002,0,62
c17,stage1,64,3,22,22,0,0,100.0000,100.0000,64,8,0,0,0,8,4,64,62,0,62,0.002,0.000,0.002,0.002,0,62
c17,stage1,64,4,22,22,0,0,100.0000,100.0000,64,8,0,0,0,8,6,64,62,0,62,0.002,0.000,0.002,0.001,0,62
c17,stage1,64,5,22,22,0,0,100.0000,100.0000,64,8,0,0,0,8,7,64,62,0,62,0.002,0.000,0.002,0.001,0,62
c17,adaptive,64,1,22,22,0,0,100.0000,100.0000,64,7,0,0,0,7,6,64,62,0,62,0.002,0.000,0.002,0.001,0,62
c17,adaptive,64,2,22,22,0,0,100.0000,100.0000,64,9,0,0,0,9,6,64,62,0,62,0.002,0.000,0.002,0.001,0,62
c17,adaptive,64,3,22,22,0,0,100.0000,100.0000,64,8,0,0,0,8,4,64,62,0,62,0.002,0.000,0.002,0.001,0,62
c17,adaptive,64,4,22,22,0,0,100.0000,100.0000,64,8,0,0,0,8,6,64,62,0,62,0.002,0.000,0.002,0.001,0,62
c17,adaptive,64,5,22,22,0,0,100.0000,100.0000,64,8,0,0,0,8,7,64,62,0,62,0.002,0.000,0.002,0.001,0,62
c432,podem,0,1,524,518,0,6,98.8550,98.8550,0,0,68,75,0,68,57,0,0,19587776,19587776,0.000,19.757,19.757,0.467,9295680,10292096
c432,podem,0,2,524,520,0,4,99.2366,99.2366,0,0,61,66,0,61,51,0,0,16050592,16050592,0.000,16.437,16.437,0.514,5307104,10743488
c432,podem,0,3,524,519,0,5,99.0458,99.0458,0,0,67,72,0,67,56,0,0,14667331,14667331,0.000,16.518,16.518,0.509,7311664,7355667
c432,podem,0,4,524,520,0,4,99.2366,99.2366,0,0,72,76,0,72,62,0,0,11819278,11819278,0.000,13.675,13.675,0.501,5307104,6512174
c432,podem,0,5,524,519,0,5,99.0458,99.0458,0,0,68,74,0,68,56,0,0,19338049,19338049,0.000,21.187,21.187,0.507,7275264,12062785
c432,fixed-64,64,1,524,519,0,5,99.0458,99.0458,64,44,30,36,0,74,54,64,19806,14775775,14795581,0.417,16.190,16.607,0.536,7275264,7520317
c432,fixed-64,64,2,524,519,0,5,99.0458,99.0458,64,49,25,31,0,74,55,64,22001,12736354,12758355,0.445,14.589,15.033,0.502,7311664,5446691
c432,fixed-64,64,3,524,520,0,4,99.2366,99.2366,64,42,27,31,0,69,58,64,20641,7582003,7602644,0.465,9.256,9.721,0.509,5307104,2295540
c432,fixed-64,64,4,524,520,0,4,99.2366,99.2366,64,43,27,32,0,70,53,64,20958,10433018,10453976,0.493,12.115,12.608,0.535,5307104,5146872
c432,fixed-64,64,5,524,519,0,5,99.0458,99.0458,64,44,28,34,0,72,57,64,19608,13475668,13495276,0.405,14.696,15.101,0.487,7311664,6183612
c432,fixed-96,96,1,524,520,0,4,99.2366,99.2366,128,63,15,19,0,78,57,128,21614,6370244,6391858,0.482,7.876,8.358,0.509,5307104,1084754
c432,fixed-96,96,2,524,520,0,4,99.2366,99.2366,128,63,15,19,0,78,57,128,22899,7666999,7689898,0.493,9.018,9.511,0.507,5307104,2382794
c432,fixed-96,96,3,524,520,0,4,99.2366,99.2366,128,58,14,18,0,72,54,128,21790,6215558,6237348,0.522,7.598,8.120,0.530,5307104,930244
c432,fixed-96,96,4,524,520,0,4,99.2366,99.2366,128,55,15,19,0,70,50,128,21821,7676087,7697908,0.474,8.839,9.313,0.515,5307104,2390804
c432,fixed-96,96,5,524,519,0,5,99.0458,99.0458,128,61,13,18,0,74,53,128,21400,8683459,8704859,0.447,9.847,10.295,0.520,7311664,1393195
c432,fixed-128,128,1,524,520,0,4,99.2366,99.2366,128,63,15,19,0,78,57,128,21614,6370244,6391858,0.459,7.609,8.067,0.563,5307104,1084754
c432,fixed-128,128,2,524,520,0,4,99.2366,99.2366,128,63,15,19,0,78,57,128,22899,7666999,7689898,0.511,9.012,9.523,0.545,5307104,2382794
c432,fixed-128,128,3,524,520,0,4,99.2366,99.2366,128,58,14,18,0,72,54,128,21790,6215558,6237348,0.486,7.602,8.088,0.534,5307104,930244
c432,fixed-128,128,4,524,520,0,4,99.2366,99.2366,128,55,15,19,0,70,50,128,21821,7676087,7697908,0.478,8.688,9.166,0.545,5307104,2390804
c432,fixed-128,128,5,524,519,0,5,99.0458,99.0458,128,61,13,18,0,74,53,128,21400,8683459,8704859,0.457,9.853,10.310,0.518,7311664,1393195
c432,fixed-192,192,1,524,520,0,4,99.2366,99.2366,192,73,9,13,0,82,56,192,22157,5590636,5612793,0.504,7.029,7.533,0.583,5307104,305689
c432,fixed-192,192,2,524,520,0,4,99.2366,99.2366,192,71,8,12,0,79,57,192,23275,7110035,7133310,0.514,8.205,8.719,0.516,5307104,1826206
c432,fixed-192,192,3,524,520,0,4,99.2366,99.2366,192,62,9,13,0,71,53,192,22744,5721718,5744462,0.525,7.131,7.656,0.507,5307104,437358
c432,fixed-192,192,4,524,520,0,4,99.2366,99.2366,192,61,12,16,0,73,52,192,22262,7652062,7674324,0.490,9.206,9.696,0.553,5307104,2367220
c432,fixed-192,192,5,524,520,0,4,99.2366,99.2366,192,68,11,15,0,79,59,192,22084,6219514,6241598,0.462,7.666,8.128,0.502,5307104,934494
c432,fixed-256,256,1,524,520,0,4,99.2366,99.2366,256,78,7,11,0,85,58,256,22602,5434992,5457594,0.486,6.848,7.334,0.516,5307104,150490
c432,fixed-256,256,2,524,520,0,4,99.2366,99.2366,256,76,3,7,0,79,54,256,23599,7018239,7041838,0.523,8.148,8.671,0.564,5307104,1734734
c432,fixed-256,256,3,524,520,0,4,99.2366,99.2366,256,65,7,11,0,72,52,256,22991,5700562,5723553,0.494,6.855,7.349,0.526,5307104,416449
c432,fixed-256,256,4,524,520,0,4,99.2366,99.2366,256,64,8,12,0,72,52,256,22654,7460933,7483587,0.519,8.891,9.410,0.520,5307104,2176483
c432,fixed-256,256,5,524,520,0,4,99.2366,99.2366,256,73,8,12,0,81,58,256,22445,6023944,6046389,0.468,7.171,7.638,0.534,5307104,739285
c432,fixed-384,384,1,524,520,0,4,99.2366,99.2366,384,84,4,8,0,88,59,384,23792,5361264,5385056,0.493,6.643,7.136,0.517,5307104,77952
c432,fixed-384,384,2,524,520,0,4,99.2366,99.2366,384,76,3,7,0,79,54,384,23969,7022100,7046069,0.518,10.609,11.128,0.558,5307104,1738965
c432,fixed-384,384,3,524,520,0,4,99.2366,99.2366,384,69,3,7,0,72,53,384,23418,5353218,5376636,0.532,6.788,7.320,0.613,5307104,69532
c432,fixed-384,384,4,524,520,0,4,99.2366,99.2366,384,70,6,10,0,76,56,384,23449,5742049,5765498,0.510,6.879,7.389,0.559,5307104,458394
c432,fixed-384,384,5,524,520,0,4,99.2366,99.2366,384,76,5,9,0,81,60,384,22948,5552338,5575286,0.511,7.109,7.620,0.512,5307104,268182
c432,fixed-512,512,1,524,520,0,4,99.2366,99.2366,512,87,3,7,0,90,60,512,24509,5343637,5368146,0.553,6.533,7.086,0.578,5307104,61042
c432,fixed-512,512,2,524,520,0,4,99.2366,99.2366,512,78,2,6,0,80,56,512,24386,7003719,7028105,0.515,8.373,8.888,0.513,5307104,1721001
c432,fixed-512,512,3,524,520,0,4,99.2366,99.2366,512,69,3,7,0,72,53,512,23781,5353238,5377019,0.513,6.425,6.938,0.529,5307104,69915
c432,fixed-512,512,4,524,520,0,4,99.2366,99.2366,512,73,3,7,0,76,58,512,24068,5373874,5397942,0.509,6.459,6.968,0.522,5307104,90838
c432,fixed-512,512,5,524,520,0,4,99.2366,99.2366,512,80,1,5,0,81,60,512,23548,5314936,5338484,0.540,6.768,7.309,0.510,5307104,31380
c432,fixed-768,768,1,524,520,0,4,99.2366,99.2366,768,90,1,5,0,91,61,768,25361,5321429,5346790,0.548,6.549,7.097,0.556,5307104,39686
c432,fixed-768,768,2,524,520,0,4,99.2366,99.2366,768,80,1,5,0,81,54,768,25166,5321429,5346595,0.515,11.508,12.023,0.558,5307104,39491
c432,fixed-768,768,3,524,520,0,4,99.2366,99.2366,768,72,0,4,0,72,55,768,24607,5307104,5331711,0.520,6.591,7.112,0.518,5307104,24607
c432,fixed-768,768,4,524,520,0,4,99.2366,99.2366,768,74,2,6,0,76,57,768,24859,5329284,5354143,0.534,6.788,7.321,0.528,5307104,47039
c432,fixed-768,768,5,524,520,0,4,99.2366,99.2366,768,81,0,4,0,81,60,768,24245,5307104,5331349,0.510,6.421,6.932,0.542,5307104,24245
c432,fixed-1024,1024,1,524,520,0,4,99.2366,99.2366,1024,90,1,5,0,91,61,1024,26053,5321430,5347483,0.594,6.657,7.252,0.562,5307104,40379
c432,fixed-1024,1024,2,524,520,0,4,99.2366,99.2366,1024,81,0,4,0,81,53,1024,25870,5307104,5332974,0.540,6.607,7.147,0.538,5307104,25870
c432,fixed-1024,1024,3,524,520,0,4,99.2366,99.2366,1024,72,0,4,0,72,55,1024,25277,5307104,5332381,0.560,6.664,7.224,0.533,5307104,25277
c432,fixed-1024,1024,4,524,520,0,4,99.2366,99.2366,1024,76,2,6,0,78,59,1024,25636,5329404,5355040,0.540,6.973,7.513,0.623,5307104,47936
c432,fixed-1024,1024,5,524,520,0,4,99.2366,99.2366,1024,81,0,4,0,81,60,1024,24920,5307104,5332024,0.572,6.868,7.439,0.530,5307104,24920
c432,fixed-1536,1536,1,524,520,0,4,99.2366,99.2366,1536,91,0,4,0,91,61,1536,27447,5307104,5334551,0.613,6.711,7.324,0.538,5307104,27447
c432,fixed-1536,1536,2,524,520,0,4,99.2366,99.2366,1536,81,0,4,0,81,53,1536,27226,5307104,5334330,0.568,6.568,7.136,0.578,5307104,27226
c432,fixed-1536,1536,3,524,520,0,4,99.2366,99.2366,1536,72,0,4,0,72,55,1536,26624,5307104,5333728,0.593,6.514,7.107,0.539,5307104,26624
c432,fixed-1536,1536,4,524,520,0,4,99.2366,99.2366,1536,77,1,5,0,78,59,1536,27061,5314918,5341979,0.514,6.551,7.065,0.499,5307104,34875
c432,fixed-1536,1536,5,524,520,0,4,99.2366,99.2366,1536,81,0,4,0,81,60,1536,26263,5307104,5333367,0.530,6.511,7.041,0.541,5307104,26263
c432,fixed-2048,2048,1,524,520,0,4,99.2366,99.2366,2048,91,0,4,0,91,61,2048,28792,5307104,5335896,0.577,6.534,7.111,0.536,5307104,28792
c432,fixed-2048,2048,2,524,520,0,4,99.2366,99.2366,2048,81,0,4,0,81,53,2048,28569,5307104,5335673,0.514,6.390,6.905,0.514,5307104,28569
c432,fixed-2048,2048,3,524,520,0,4,99.2366,99.2366,2048,72,0,4,0,72,55,2048,27972,5307104,5335076,0.548,6.725,7.273,0.544,5307104,27972
c432,fixed-2048,2048,4,524,520,0,4,99.2366,99.2366,2048,78,0,4,0,78,59,2048,28419,5307104,5335523,0.538,6.843,7.381,0.597,5307104,28419
c432,fixed-2048,2048,5,524,520,0,4,99.2366,99.2366,2048,81,0,4,0,81,60,2048,27605,5307104,5334709,0.543,6.877,7.420,0.539,5307104,27605
c432,fixed-3072,3072,1,524,520,0,4,99.2366,99.2366,3072,91,0,4,0,91,61,3072,31486,5307104,5338590,0.591,6.628,7.219,0.538,5307104,31486
c432,fixed-3072,3072,2,524,520,0,4,99.2366,99.2366,3072,81,0,4,0,81,53,3072,31261,5307104,5338365,0.529,6.495,7.024,0.508,5307104,31261
c432,fixed-3072,3072,3,524,520,0,4,99.2366,99.2366,3072,72,0,4,0,72,55,3072,30670,5307104,5337774,0.587,6.552,7.138,0.577,5307104,30670
c432,fixed-3072,3072,4,524,520,0,4,99.2366,99.2366,3072,78,0,4,0,78,59,3072,31106,5307104,5338210,0.569,7.225,7.794,0.535,5307104,31106
c432,fixed-3072,3072,5,524,520,0,4,99.2366,99.2366,3072,81,0,4,0,81,60,3072,30301,5307104,5337405,0.558,6.510,7.069,0.559,5307104,30301
c432,fixed-4096,4096,1,524,520,0,4,99.2366,99.2366,4096,91,0,4,0,91,61,4096,34172,5307104,5341276,0.596,6.522,7.118,0.582,5307104,34172
c432,fixed-4096,4096,2,524,520,0,4,99.2366,99.2366,4096,81,0,4,0,81,53,4096,33953,5307104,5341057,0.574,6.604,7.178,0.545,5307104,33953
c432,fixed-4096,4096,3,524,520,0,4,99.2366,99.2366,4096,72,0,4,0,72,55,4096,33362,5307104,5340466,0.579,6.577,7.156,0.514,5307104,33362
c432,fixed-4096,4096,4,524,520,0,4,99.2366,99.2366,4096,78,0,4,0,78,59,4096,33799,5307104,5340903,0.596,6.633,7.229,0.503,5307104,33799
c432,fixed-4096,4096,5,524,520,0,4,99.2366,99.2366,4096,81,0,4,0,81,60,4096,32995,5307104,5340099,0.607,6.582,7.189,0.534,5307104,32995
c432,fixed-6144,6144,1,524,520,0,4,99.2366,99.2366,6144,91,0,4,0,91,61,6144,39551,5307104,5346655,0.611,6.660,7.271,0.532,5307104,39551
c432,fixed-6144,6144,2,524,520,0,4,99.2366,99.2366,6144,81,0,4,0,81,53,6144,39345,5307104,5346449,0.566,6.546,7.112,0.512,5307104,39345
c432,fixed-6144,6144,3,524,520,0,4,99.2366,99.2366,6144,72,0,4,0,72,55,6144,38756,5307104,5345860,0.603,6.640,7.243,0.518,5307104,38756
c432,fixed-6144,6144,4,524,520,0,4,99.2366,99.2366,6144,78,0,4,0,78,59,6144,39187,5307104,5346291,0.708,6.504,7.212,0.521,5307104,39187
c432,fixed-6144,6144,5,524,520,0,4,99.2366,99.2366,6144,81,0,4,0,81,60,6144,38376,5307104,5345480,0.745,6.810,7.555,0.530,5307104,38376
c432,fixed-8192,8192,1,524,520,0,4,99.2366,99.2366,8192,91,0,4,0,91,61,8192,44943,5307104,5352047,0.674,6.555,7.229,0.559,5307104,44943
c432,fixed-8192,8192,2,524,520,0,4,99.2366,99.2366,8192,81,0,4,0,81,53,8192,44735,5307104,5351839,0.631,6.530,7.161,0.543,5307104,44735
c432,fixed-8192,8192,3,524,520,0,4,99.2366,99.2366,8192,72,0,4,0,72,55,8192,44143,5307104,5351247,0.618,6.560,7.178,0.531,5307104,44143
c432,fixed-8192,8192,4,524,520,0,4,99.2366,99.2366,8192,78,0,4,0,78,59,8192,44579,5307104,5351683,0.606,6.524,7.129,0.546,5307104,44579
c432,fixed-8192,8192,5,524,520,0,4,99.2366,99.2366,8192,81,0,4,0,81,60,8192,43751,5307104,5350855,0.621,6.720,7.341,0.509,5307104,43751
c432,fixed-12288,12288,1,524,520,0,4,99.2366,99.2366,12288,91,0,4,0,91,61,12288,55721,5307104,5362825,0.692,6.715,7.407,0.512,5307104,55721
c432,fixed-12288,12288,2,524,520,0,4,99.2366,99.2366,12288,81,0,4,0,81,53,12288,55506,5307104,5362610,0.669,6.811,7.479,0.510,5307104,55506
c432,fixed-12288,12288,3,524,520,0,4,99.2366,99.2366,12288,72,0,4,0,72,55,12288,54917,5307104,5362021,0.672,6.548,7.220,0.538,5307104,54917
c432,fixed-12288,12288,4,524,520,0,4,99.2366,99.2366,12288,78,0,4,0,78,59,12288,55347,5307104,5362451,0.684,6.443,7.128,0.530,5307104,55347
c432,fixed-12288,12288,5,524,520,0,4,99.2366,99.2366,12288,81,0,4,0,81,60,12288,54518,5307104,5361622,0.669,6.662,7.331,0.554,5307104,54518
c432,fixed-16384,16384,1,524,520,0,4,99.2366,99.2366,16384,91,0,4,0,91,61,16384,66495,5307104,5373599,0.751,6.567,7.318,0.507,5307104,66495
c432,fixed-16384,16384,2,524,520,0,4,99.2366,99.2366,16384,81,0,4,0,81,53,16384,66263,5307104,5373367,0.721,6.453,7.174,0.564,5307104,66263
c432,fixed-16384,16384,3,524,520,0,4,99.2366,99.2366,16384,72,0,4,0,72,55,16384,65682,5307104,5372786,0.744,6.651,7.395,0.540,5307104,65682
c432,fixed-16384,16384,4,524,520,0,4,99.2366,99.2366,16384,78,0,4,0,78,59,16384,66118,5307104,5373222,0.741,6.421,7.162,0.564,5307104,66118
c432,fixed-16384,16384,5,524,520,0,4,99.2366,99.2366,16384,81,0,4,0,81,60,16384,65297,5307104,5372401,0.721,6.543,7.263,0.672,5307104,65297
c432,fixed-24576,24576,1,524,520,0,4,99.2366,99.2366,24576,91,0,4,0,91,61,24576,88024,5307104,5395128,0.870,6.460,7.330,0.567,5307104,88024
c432,fixed-24576,24576,2,524,520,0,4,99.2366,99.2366,24576,81,0,4,0,81,53,24576,87801,5307104,5394905,0.837,6.575,7.412,0.570,5307104,87801
c432,fixed-24576,24576,3,524,520,0,4,99.2366,99.2366,24576,72,0,4,0,72,55,24576,87233,5307104,5394337,0.832,6.605,7.437,0.592,5307104,87233
c432,fixed-24576,24576,4,524,520,0,4,99.2366,99.2366,24576,78,0,4,0,78,59,24576,87650,5307104,5394754,0.845,6.709,7.554,0.530,5307104,87650
c432,fixed-24576,24576,5,524,520,0,4,99.2366,99.2366,24576,81,0,4,0,81,60,24576,86847,5307104,5393951,0.852,6.458,7.310,0.566,5307104,86847
c432,fixed-32768,32768,1,524,520,0,4,99.2366,99.2366,32768,91,0,4,0,91,61,32768,109582,5307104,5416686,1.010,6.454,7.464,0.616,5307104,109582
c432,fixed-32768,32768,2,524,520,0,4,99.2366,99.2366,32768,81,0,4,0,81,53,32768,109358,5307104,5416462,0.988,6.509,7.497,0.579,5307104,109358
c432,fixed-32768,32768,3,524,520,0,4,99.2366,99.2366,32768,72,0,4,0,72,55,32768,108753,5307104,5415857,0.973,6.522,7.494,0.555,5307104,108753
c432,fixed-32768,32768,4,524,520,0,4,99.2366,99.2366,32768,78,0,4,0,78,59,32768,109190,5307104,5416294,0.946,6.672,7.617,0.507,5307104,109190
c432,fixed-32768,32768,5,524,520,0,4,99.2366,99.2366,32768,81,0,4,0,81,60,32768,108399,5307104,5415503,0.917,6.897,7.814,0.537,5307104,108399
c432,plateau,1152,1,524,520,0,4,99.2366,99.2366,1152,90,1,5,0,91,61,1152,26395,5321431,5347826,0.533,6.411,6.945,0.503,5307104,40722
c432,plateau,1152,2,524,520,0,4,99.2366,99.2366,1152,81,0,4,0,81,53,1152,26208,5307104,5333312,0.524,6.961,7.485,0.519,5307104,26208
c432,plateau,1152,3,524,520,0,4,99.2366,99.2366,1152,72,0,4,0,72,55,1152,25615,5307104,5332719,0.527,6.383,6.910,0.588,5307104,25615
c432,plateau,896,4,524,520,0,4,99.2366,99.2366,896,74,2,6,0,76,57,896,25224,5329287,5354511,0.502,6.431,6.933,0.496,5307104,47407
c432,plateau,960,5,524,520,0,4,99.2366,99.2366,960,81,0,4,0,81,60,960,24749,5307104,5331853,0.546,6.485,7.031,0.542,5307104,24749
c432,stage1,1472,1,524,520,0,4,99.2366,99.2366,1472,90,1,5,0,91,61,1472,27252,5321426,5348678,0.583,6.418,7.000,0.547,5307104,41574
c432,stage1,1088,2,524,520,0,4,99.2366,99.2366,1088,81,0,4,0,81,53,1088,26038,5307104,5333142,0.555,6.519,7.074,0.510,5307104,26038
c432,stage1,1472,3,524,520,0,4,99.2366,99.2366,1472,72,0,4,0,72,55,1472,26455,5307104,5333559,0.546,6.623,7.169,0.554,5307104,26455
c432,stage1,1088,4,524,520,0,4,99.2366,99.2366,1088,76,2,6,0,78,59,1088,25815,5329403,5355218,0.572,6.637,7.209,0.521,5307104,48114
c432,stage1,960,5,524,520,0,4,99.2366,99.2366,960,81,0,4,0,81,60,960,24749,5307104,5331853,0.500,6.542,7.042,0.505,5307104,24749
c432,adaptive,1472,1,524,520,0,4,99.2366,99.2366,1472,90,1,5,5,91,61,1472,27252,5321431,5348683,0.572,6.638,7.210,0.509,5307104,41579
c432,adaptive,1088,2,524,520,0,4,99.2366,99.2366,1088,81,0,4,4,81,53,1088,26038,5307104,5333142,0.538,6.465,7.003,0.538,5307104,26038
c432,adaptive,1472,3,524,520,0,4,99.2366,99.2366,1472,72,0,4,4,72,55,1472,26455,5307104,5333559,0.563,6.459,7.022,0.541,5307104,26455
c432,adaptive,1088,4,524,520,0,4,99.2366,99.2366,1088,76,1,5,5,77,58,1088,25815,5321593,5347408,0.553,6.427,6.979,0.552,5307104,40304
c432,adaptive,960,5,524,520,0,4,99.2366,99.2366,960,81,0,4,4,81,60,960,24749,5307104,5331853,0.522,6.634,7.156,0.558,5307104,24749
c499,podem,0,1,758,750,0,8,98.9446,98.9446,0,0,81,89,0,81,68,0,0,28346363,28346363,0.000,18.418,18.418,0.446,24930992,3415371
c499,podem,0,2,758,750,0,8,98.9446,98.9446,0,0,78,86,0,78,70,0,0,28239509,28239509,0.000,18.238,18.238,0.441,24930992,3308517
c499,podem,0,3,758,750,0,8,98.9446,98.9446,0,0,75,83,0,75,68,0,0,28132615,28132615,0.000,18.102,18.102,0.425,24930992,3201623
c499,podem,0,4,758,750,0,8,98.9446,98.9446,0,0,80,88,0,80,69,0,0,28323499,28323499,0.000,18.549,18.549,0.406,24930992,3392507
c499,podem,0,5,758,750,0,8,98.9446,98.9446,0,0,71,79,0,71,65,0,0,28005315,28005315,0.000,18.075,18.075,0.426,24930992,3074323
c499,fixed-64,64,1,758,750,0,8,98.9446,98.9446,64,38,33,41,0,71,58,64,23196,25453572,25476768,0.367,16.670,17.037,0.439,24930992,545776
c499,fixed-64,64,2,758,750,0,8,98.9446,98.9446,64,43,33,41,0,76,58,64,23856,25473258,25497114,0.396,16.943,17.339,0.448,24930992,566122
c499,fixed-64,64,3,758,750,0,8,98.9446,98.9446,64,30,34,42,0,64,57,64,23262,25497772,25521034,0.376,16.491,16.867,0.436,24930992,590042
c499,fixed-64,64,4,758,750,0,8,98.9446,98.9446,64,30,34,42,0,64,56,64,23658,25449291,25472949,0.415,16.524,16.939,0.507,24930992,541957
c499,fixed-64,64,5,758,750,0,8,98.9446,98.9446,64,34,34,42,0,68,58,64,23298,25466772,25490070,0.378,16.315,16.693,0.430,24930992,559078
c499,fixed-96,96,1,758,750,0,8,98.9446,98.9446,128,46,25,33,0,71,56,128,23659,25265775,25289434,0.393,16.192,16.584,0.455,24930992,358442
c499,fixed-96,96,2,758,750,0,8,98.9446,98.9446,128,51,25,33,0,76,57,128,24359,25309874,25334233,0.408,17.596,18.004,0.534,24930992,403241
c499,fixed-96,96,3,758,750,0,8,98.9446,98.9446,128,44,22,30,0,66,55,128,23793,25254722,25278515,0.421,17.100,17.522,0.568,24930992,347523
c499,fixed-96,96,4,758,750,0,8,98.9446,98.9446,128,43,21,29,0,64,54,128,24110,25239970,25264080,0.381,16.220,16.601,0.476,24930992,333088
c499,fixed-96,96,5,758,750,0,8,98.9446,98.9446,128,49,22,30,0,71,56,128,23821,25238407,25262228,0.410,16.027,16.437,0.451,24930992,331236
c499,fixed-128,128,1,758,750,0,8,98.9446,98.9446,128,46,25,33,0,71,56,128,23659,25265775,25289434,0.372,16.443,16.815,0.446,24930992,358442
c499,fixed-128,128,2,758,750,0,8,98.9446,98.9446,128,51,25,33,0,76,57,128,24359,25309874,25334233,0.416,16.297,16.713,0.469,24930992,403241
c499,fixed-128,128,3,758,750,0,8,98.9446,98.9446,128,44,22,30,0,66,55,128,23793,25254722,25278515,0.414,16.084,16.498,0.484,24930992,347523
c499,fixed-128,128,4,758,750,0,8,98.9446,98.9446,128,43,21,29,0,64,54,128,24110,25239970,25264080,0.400,16.307,16.706,0.471,24930992,333088
c499,fixed-128,128,5,758,750,0,8,98.9446,98.9446,128,49,22,30,0,71,56,128,23821,25238407,25262228,0.382,18.770,19.152,0.454,24930992,331236
c499,fixed-192,192,1,758,750,0,8,98.9446,98.9446,192,53,18,26,0,71,54,192,23995,25161650,25185645,0.403,16.019,16.422,0.459,24930992,254653
c499,fixed-192,192,2,758,750,0,8,98.9446,98.9446,192,59,17,25,0,76,56,192,24757,25182686,25207443,0.415,15.967,16.383,0.490,24930992,276451
c499,fixed-192,192,3,758,750,0,8,98.9446,98.9446,192,48,18,26,0,66,55,192,24131,25180637,25204768,0.427,16.250,16.677,0.467,24930992,273776
c499,fixed-192,192,4,758,750,0,8,98.9446,98.9446,192,50,14,22,0,64,54,192,24480,25099114,25123594,0.393,21.297,21.691,0.485,24930992,192602
c499,fixed-192,192,5,758,750,0,8,98.9446,98.9446,192,56,15,23,0,71,56,192,24198,25137843,25162041,0.390,16.358,16.748,0.547,24930992,231049
c499,fixed-256,256,1,758,750,0,8,98.9446,98.9446,256,56,15,23,0,71,54,256,24313,25103205,25127518,0.412,16.171,16.583,0.462,24930992,196526
c499,fixed-256,256,2,758,750,0,8,98.9446,98.9446,256,64,12,20,0,76,56,256,25070,25070957,25096027,0.430,15.916,16.346,0.496,24930992,165035
c499,fixed-256,256,3,758,750,0,8,98.9446,98.9446,256,49,17,25,0,66,55,256,24486,25150416,25174902,0.429,16.028,16.456,0.470,24930992,243910
c499,fixed-256,256,4,758,750,0,8,98.9446,98.9446,256,55,9,17,0,64,54,256,24780,25037467,25062247,0.396,16.126,16.522,0.493,24930992,131255
c499,fixed-256,256,5,758,750,0,8,98.9446,98.9446,256,64,8,16,0,72,55,256,24557,25024808,25049365,0.411,16.012,16.423,0.471,24930992,118373
c499,fixed-384,384,1,758,750,0,8,98.9446,98.9446,384,65,6,14,0,71,54,384,24857,24999906,25024763,0.403,17.694,18.097,0.753,24930992,93771
c499,fixed-384,384,2,758,750,0,8,98.9446,98.9446,384,69,7,15,0,76,56,384,25673,25013189,25038862,0.543,16.556,17.098,0.436,24930992,107870
c499,fixed-384,384,3,758,750,0,8,98.9446,98.9446,384,57,9,17,0,66,55,384,25092,25033275,25058367,0.373,14.237,14.610,0.451,24930992,127375
c499,fixed-384,384,4,758,750,0,8,98.9446,98.9446,384,59,5,13,0,64,54,384,25348,24989775,25015123,0.354,14.239,14.593,0.471,24930992,84131
c499,fixed-384,384,5,758,750,0,8,98.9446,98.9446,384,68,4,12,0,72,55,384,25125,24978172,25003297,0.373,14.534,14.907,0.446,24930992,72305
c499,fixed-512,512,1,758,750,0,8,98.9446,98.9446,512,68,3,11,0,71,54,512,25440,24964969,24990409,0.381,14.351,14.732,0.431,24930992,59417
c499,fixed-512,512,2,758,750,0,8,98.9446,98.9446,512,71,5,13,0,76,56,512,26203,24989823,25016026,0.402,14.590,14.992,0.463,24930992,85034
c499,fixed-512,512,3,758,750,0,8,98.9446,98.9446,512,61,5,13,0,66,55,512,25660,24987743,25013403,0.450,15.191,15.640,0.436,24930992,82411
c499,fixed-512,512,4,758,750,0,8,98.9446,98.9446,512,62,2,10,0,64,54,512,25915,24953766,24979681,0.458,14.522,14.980,0.425,24930992,48689
c499,fixed-512,512,5,758,750,0,8,98.9446,98.9446,512,69,3,11,0,72,55,512,25674,24966521,24992195,0.382,14.574,14.956,0.455,24930992,61203
c499,fixed-768,768,1,758,750,0,8,98.9446,98.9446,768,69,2,10,0,71,54,768,26537,24954358,24980895,0.372,14.500,14.872,0.437,24930992,49903
c499,fixed-768,768,2,758,750,0,8,98.9446,98.9446,768,75,1,9,0,76,56,768,27303,24942643,24969946,0.401,14.580,14.980,0.461,24930992,38954
c499,fixed-768,768,3,758,750,0,8,98.9446,98.9446,768,65,1,9,0,66,55,768,26792,24941603,24968395,0.395,14.326,14.721,0.435,24930992,37403
c499,fixed-768,768,4,758,750,0,8,98.9446,98.9446,768,63,1,9,0,64,54,768,27028,24943155,24970183,0.381,14.346,14.727,0.433,24930992,39191
c499,fixed-768,768,5,758,750,0,8,98.9446,98.9446,768,71,1,9,0,72,55,768,26788,24942675,24969463,0.405,14.739,15.144,0.451,24930992,38471
c499,fixed-1024,1024,1,758,750,0,8,98.9446,98.9446,1024,69,2,10,0,71,54,1024,27649,24954358,24982007,0.381,14.250,14.630,0.427,24930992,51015
c499,fixed-1024,1024,2,758,750,0,8,98.9446,98.9446,1024,76,0,8,0,76,56,1024,28384,24930992,24959376,0.380,14.001,14.381,0.464,24930992,28384
c499,fixed-1024,1024,3,758,750,0,8,98.9446,98.9446,1024,66,0,8,0,66,55,1024,27885,24930992,24958877,0.394,14.457,14.851,0.456,24930992,27885
c499,fixed-1024,1024,4,758,750,0,8,98.9446,98.9446,1024,63,1,9,0,64,54,1024,28172,24943155,24971327,0.444,14.329,14.773,0.421,24930992,40335
c499,fixed-1024,1024,5,758,750,0,8,98.9446,98.9446,1024,72,0,8,0,72,55,1024,27981,24930992,24958973,0.404,14.539,14.943,0.439,24930992,27981
c499,fixed-1536,1536,1,758,750,0,8,98.9446,98.9446,1536,71,0,8,0,71,54,1536,29779,24930992,24960771,0.376,14.352,14.728,0.428,24930992,29779
c499,fixed-1536,1536,2,758,750,0,8,98.9446,98.9446,1536,76,0,8,0,76,56,1536,30640,24930992,24961632,0.416,14.117,14.534,0.446,24930992,30640
c499,fixed-1536,1536,3,758,750,0,8,98.9446,98.9446,1536,66,0,8,0,66,55,1536,30061,24930992,24961053,0.407,14.525,14.932,0.421,24930992,30061
c499,fixed-1536,1536,4,758,750,0,8,98.9446,98.9446,1536,63,1,9,0,64,54,1536,30484,24943155,24973639,0.422,14.235,14.657,0.436,24930992,42647
c499,fixed-1536,1536,5,758,750,0,8,98.9446,98.9446,1536,72,0,8,0,72,55,1536,30125,24930992,24961117,0.388,14.269,14.656,0.453,24930992,30125
c499,fixed-2048,2048,1,758,750,0,8,98.9446,98.9446,2048,71,0,8,0,71,54,2048,31999,24930992,24962991,0.394,14.060,14.454,0.439,24930992,31999
c499,fixed-2048,2048,2,758,750,0,8,98.9446,98.9446,2048,76,0,8,0,76,56,2048,32876,24930992,24963868,0.415,14.079,14.494,0.443,24930992,32876
c499,fixed-2048,2048,3,758,750,0,8,98.9446,98.9446,2048,66,0,8,0,66,55,2048,32217,24930992,24963209,0.436,14.237,14.674,0.448,24930992,32217
c499,fixed-2048,2048,4,758,750,0,8,98.9446,98.9446,2048,64,0,8,0,64,54,2048,32657,24930992,24963649,0.408,14.215,14.623,0.421,24930992,32657
c499,fixed-2048,2048,5,758,750,0,8,98.9446,98.9446,2048,72,0,8,0,72,55,2048,32477,24930992,24963469,0.407,14.020,14.427,0.440,24930992,32477
c499,fixed-3072,3072,1,758,750,0,8,98.9446,98.9446,3072,71,0,8,0,71,54,3072,36275,24930992,24967267,0.427,13.996,14.423,0.432,24930992,36275
c499,fixed-3072,3072,2,758,750,0,8,98.9446,98.9446,3072,76,0,8,0,76,56,3072,37352,24930992,24968344,0.443,14.136,14.579,0.451,24930992,37352
c499,fixed-3072,3072,3,758,750,0,8,98.9446,98.9446,3072,66,0,8,0,66,55,3072,36529,24930992,24967521,0.442,14.000,14.443,0.435,24930992,36529
c499,fixed-3072,3072,4,758,750,0,8,98.9446,98.9446,3072,64,0,8,0,64,54,3072,37089,24930992,24968081,0.439,14.052,14.492,0.435,24930992,37089
c499,fixed-3072,3072,5,758,750,0,8,98.9446,98.9446,3072,72,0,8,0,72,55,3072,37005,24930992,24967997,0.432,14.407,14.838,0.441,24930992,37005
c499,fixed-4096,4096,1,758,750,0,8,98.9446,98.9446,4096,71,0,8,0,71,54,4096,40787,24930992,24971779,0.490,13.923,14.413,0.418,24930992,40787
c499,fixed-4096,4096,2,758,750,0,8,98.9446,98.9446,4096,76,0,8,0,76,56,4096,41748,24930992,24972740,0.459,14.046,14.505,0.432,24930992,41748
c499,fixed-4096,4096,3,758,750,0,8,98.9446,98.9446,4096,66,0,8,0,66,55,4096,40925,24930992,24971917,0.453,13.872,14.325,0.444,24930992,40925
c499,fixed-4096,4096,4,758,750,0,8,98.9446,98.9446,4096,64,0,8,0,64,54,4096,41481,24930992,24972473,0.456,14.154,14.610,0.478,24930992,41481
c499,fixed-4096,4096,5,758,750,0,8,98.9446,98.9446,4096,72,0,8,0,72,55,4096,41481,24930992,24972473,0.462,14.329,14.791,0.421,24930992,41481
c499,fixed-6144,6144,1,758,750,0,8,98.9446,98.9446,6144,71,0,8,0,71,54,6144,49439,24930992,24980431,0.537,14.215,14.751,0.523,24930992,49439
c499,fixed-6144,6144,2,758,750,0,8,98.9446,98.9446,6144,76,0,8,0,76,56,6144,50564,24930992,24981556,0.593,14.201,14.794,0.453,24930992,50564
c499,fixed-6144,6144,3,758,750,0,8,98.9446,98.9446,6144,66,0,8,0,66,55,6144,49881,24930992,24980873,0.521,14.443,14.964,0.441,24930992,49881
c499,fixed-6144,6144,4,758,750,0,8,98.9446,98.9446,6144,64,0,8,0,64,54,6144,50581,24930992,24981573,0.545,14.362,14.907,0.442,24930992,50581
c499,fixed-6144,6144,5,758,750,0,8,98.9446,98.9446,6144,72,0,8,0,72,55,6144,50361,24930992,24981353,0.525,14.307,14.832,0.565,24930992,50361
c499,fixed-8192,8192,1,758,750,0,8,98.9446,98.9446,8192,71,0,8,0,71,54,8192,58475,24930992,24989467,0.647,14.198,14.846,0.418,24930992,58475
c499,fixed-8192,8192,2,758,750,0,8,98.9446,98.9446,8192,76,0,8,0,76,56,8192,59292,24930992,24990284,0.609,14.316,14.925,0.452,24930992,59292
c499,fixed-8192,8192,3,758,750,0,8,98.9446,98.9446,8192,66,0,8,0,66,55,8192,58789,24930992,24989781,0.572,14.873,15.445,0.447,24930992,58789
c499,fixed-8192,8192,4,758,750,0,8,98.9446,98.9446,8192,64,0,8,0,64,54,8192,59581,24930992,24990573,0.564,14.406,14.970,0.442,24930992,59581
c499,fixed-8192,8192,5,758,750,0,8,98.9446,98.9446,8192,72,0,8,0,72,55,8192,59177,24930992,24990169,0.598,14.638,15.236,0.457,24930992,59177
c499,fixed-12288,12288,1,758,750,0,8,98.9446,98.9446,12288,71,0,8,0,71,54,12288,76407,24930992,25007399,0.683,14.884,15.566,0.451,24930992,76407
c499,fixed-12288,12288,2,758,750,0,8,98.9446,98.9446,12288,76,0,8,0,76,56,12288,77044,24930992,25008036,0.782,15.977,16.760,0.443,24930992,77044
c499,fixed-12288,12288,3,758,750,0,8,98.9446,98.9446,12288,66,0,8,0,66,55,12288,76641,24930992,25007633,0.903,15.170,16.074,0.454,24930992,76641
c499,fixed-12288,12288,4,758,750,0,8,98.9446,98.9446,12288,64,0,8,0,64,54,12288,77653,24930992,25008645,0.821,15.663,16.484,0.457,24930992,77653
c499,fixed-12288,12288,5,758,750,0,8,98.9446,98.9446,12288,72,0,8,0,72,55,12288,77037,24930992,25008029,0.729,14.431,15.160,0.444,24930992,77037
c499,fixed-16384,16384,1,758,750,0,8,98.9446,98.9446,16384,71,0,8,0,71,54,16384,94051,24930992,25025043,0.851,14.943,15.794,0.543,24930992,94051
c499,fixed-16384,16384,2,758,750,0,8,98.9446,98.9446,16384,76,0,8,0,76,56,16384,94980,24930992,25025972,0.854,17.011,17.865,0.499,24930992,94980
c499,fixed-16384,16384,3,758,750,0,8,98.9446,98.9446,16384,66,0,8,0,66,55,16384,94137,24930992,25025129,0.906,15.450,16.356,0.457,24930992,94137
c499,fixed-16384,16384,4,758,750,0,8,98.9446,98.9446,16384,64,0,8,0,64,54,16384,95365,24930992,25026357,0.823,14.769,15.592,0.466,24930992,95365
c499,fixed-16384,16384,5,758,750,0,8,98.9446,98.9446,16384,72,0,8,0,72,55,16384,94933,24930992,25025925,0.821,15.251,16.073,0.451,24930992,94933
c499,fixed-24576,24576,1,758,750,0,8,98.9446,98.9446,24576,71,0,8,0,71,54,24576,129351,24930992,25060343,1.061,14.619,15.680,0.479,24930992,129351
c499,fixed-24576,24576,2,758,750,0,8,98.9446,98.9446,24576,76,0,8,0,76,56,24576,130664,24930992,25061656,1.023,14.372,15.395,0.468,24930992,130664
c499,fixed-24576,24576,3,758,750,0,8,98.9446,98.9446,24576,66,0,8,0,66,55,24576,129689,24930992,25060681,1.029,14.301,15.330,0.452,24930992,129689
c499,fixed-24576,24576,4,758,750,0,8,98.9446,98.9446,24576,64,0,8,0,64,54,24576,131329,24930992,25062321,1.049,14.450,15.499,0.449,24930992,131329
c499,fixed-24576,24576,5,758,750,0,8,98.9446,98.9446,24576,72,0,8,0,72,55,24576,129917,24930992,25060909,1.052,14.655,15.707,0.456,24930992,129917
c499,fixed-32768,32768,1,758,750,0,8,98.9446,98.9446,32768,71,0,8,0,71,54,32768,164739,24930992,25095731,1.259,14.334,15.593,0.434,24930992,164739
c499,fixed-32768,32768,2,758,750,0,8,98.9446,98.9446,32768,76,0,8,0,76,56,32768,166028,24930992,25097020,1.230,14.763,15.993,0.570,24930992,166028
c499,fixed-32768,32768,3,758,750,0,8,98.9446,98.9446,32768,66,0,8,0,66,55,32768,165057,24930992,25096049,1.308,14.834,16.142,0.444,24930992,165057
c499,fixed-32768,32768,4,758,750,0,8,98.9446,98.9446,32768,64,0,8,0,64,54,32768,166669,24930992,25097661,1.601,16.025,17.626,0.472,24930992,166669
c499,fixed-32768,32768,5,758,750,0,8,98.9446,98.9446,32768,72,0,8,0,72,55,32768,165217,24930992,25096209,1.381,16.238,17.618,0.578,24930992,165217
c499,plateau,832,1,758,750,0,8,98.9446,98.9446,832,69,2,10,0,71,54,832,26803,24954358,24981161,0.418,16.255,16.673,0.519,24930992,50169
c499,plateau,1152,2,758,750,0,8,98.9446,98.9446,1152,76,0,8,0,76,56,1152,28916,24930992,24959908,0.479,15.993,16.472,0.496,24930992,28916
c499,plateau,1024,3,758,750,0,8,98.9446,98.9446,1024,66,0,8,0,66,55,1024,27885,24930992,24958877,0.431,16.191,16.621,0.502,24930992,27885
c499,plateau,896,4,758,750,0,8,98.9446,98.9446,896,63,1,9,0,64,54,896,27592,24943155,24970747,0.437,16.149,16.587,0.499,24930992,39755
c499,plateau,1088,5,758,750,0,8,98.9446,98.9446,1088,72,0,8,0,72,55,1088,28247,24930992,24959239,0.467,16.185,16.652,0.553,24930992,28247
c499,stage1,896,1,758,750,0,8,98.9446,98.9446,896,69,2,10,0,71,54,896,27053,24954358,24981411,0.450,15.988,16.438,0.484,24930992,50419
c499,stage1,1280,2,758,750,0,8,98.9446,98.9446,1280,76,0,8,0,76,56,1280,29480,24930992,24960472,0.467,16.217,16.684,0.548,24930992,29480
c499,stage1,1280,3,758,750,0,8,98.9446,98.9446,1280,66,0,8,0,66,55,1280,28997,24930992,24959989,0.448,15.591,16.040,0.472,24930992,28997
c499,stage1,1216,4,758,750,0,8,98.9446,98.9446,1216,63,1,9,0,64,54,1216,28998,24943155,24972153,0.486,16.211,16.697,0.511,24930992,41161
c499,stage1,1280,5,758,750,0,8,98.9446,98.9446,1280,72,0,8,0,72,55,1280,29029,24930992,24960021,0.448,15.931,16.380,0.475,24930992,29029
c499,adaptive,896,1,758,750,0,8,98.9446,98.9446,896,69,2,10,10,71,54,896,27053,24954358,24981411,0.507,16.625,17.132,0.495,24930992,50419
c499,adaptive,1280,2,758,750,0,8,98.9446,98.9446,1280,76,0,8,8,76,56,1280,29480,24930992,24960472,0.500,16.561,17.062,0.691,24930992,29480
c499,adaptive,1280,3,758,750,0,8,98.9446,98.9446,1280,66,0,8,8,66,55,1280,28997,24930992,24959989,0.696,17.318,18.015,0.459,24930992,28997
c499,adaptive,1216,4,758,750,0,8,98.9446,98.9446,1216,63,1,9,9,64,54,1216,28998,24943155,24972153,0.456,15.462,15.918,0.489,24930992,41161
c499,adaptive,1280,5,758,750,0,8,98.9446,98.9446,1280,72,0,8,8,72,55,1280,29029,24930992,24960021,0.422,16.694,17.117,0.454,24930992,29029
c880,podem,0,1,942,942,0,0,100.0000,100.0000,0,0,87,87,0,87,65,0,0,1978132,1978132,0.000,2.423,2.423,0.718,0,1978132
c880,podem,0,2,942,942,0,0,100.0000,100.0000,0,0,74,74,0,74,61,0,0,1865823,1865823,0.000,2.094,2.094,0.759,0,1865823
c880,podem,0,3,942,942,0,0,100.0000,100.0000,0,0,79,79,0,79,64,0,0,2180477,2180477,0.000,2.415,2.415,0.721,0,2180477
c880,podem,0,4,942,942,0,0,100.0000,100.0000,0,0,83,83,0,83,64,0,0,2070540,2070540,0.000,2.423,2.423,0.690,0,2070540
c880,podem,0,5,942,942,0,0,100.0000,100.0000,0,0,79,79,0,79,64,0,0,2027701,2027701,0.000,2.199,2.199,0.673,0,2027701
c880,fixed-64,64,1,942,942,0,0,100.0000,100.0000,64,44,49,49,0,93,72,64,23491,1218271,1241762,0.503,0.994,1.498,0.679,0,1241762
c880,fixed-64,64,2,942,942,0,0,100.0000,100.0000,64,50,48,48,0,98,70,64,22173,1344487,1366660,0.504,1.054,1.558,0.685,0,1366660
c880,fixed-64,64,3,942,942,0,0,100.0000,100.0000,64,46,45,45,0,91,70,64,24121,1123660,1147781,0.513,0.969,1.483,0.793,0,1147781
c880,fixed-64,64,4,942,942,0,0,100.0000,100.0000,64,44,48,48,0,92,73,64,23027,1265010,1288037,0.521,1.052,1.573,0.682,0,1288037
c880,fixed-64,64,5,942,942,0,0,100.0000,100.0000,64,49,48,48,0,97,67,64,22826,1297875,1320701,0.526,1.072,1.599,0.703,0,1320701
c880,fixed-96,96,1,942,942,0,0,100.0000,100.0000,128,64,30,30,0,94,61,128,26176,856955,883131,0.535,0.663,1.198,0.700,0,883131
c880,fixed-96,96,2,942,942,0,0,100.0000,100.0000,128,64,36,36,0,100,69,128,24453,951887,976340,0.529,0.799,1.328,0.692,0,976340
c880,fixed-96,96,3,942,942,0,0,100.0000,100.0000,128,65,30,30,0,95,67,128,26299,782807,809106,0.541,0.604,1.145,0.712,0,809106
c880,fixed-96,96,4,942,942,0,0,100.0000,100.0000,128,62,33,33,0,95,65,128,25054,873756,898810,0.531,0.735,1.266,0.666,0,898810
c880,fixed-96,96,5,942,942,0,0,100.0000,100.0000,128,68,34,34,0,102,67,128,25141,1009311,1034452,0.531,0.749,1.280,0.680,0,1034452
c880,fixed-128,128,1,942,942,0,0,100.0000,100.0000,128,64,30,30,0,94,61,128,26176,856955,883131,0.541,0.700,1.241,0.703,0,883131
c880,fixed-128,128,2,942,942,0,0,100.0000,100.0000,128,64,36,36,0,100,69,128,24453,951887,976340,0.536,0.774,1.311,0.733,0,976340
c880,fixed-128,128,3,942,942,0,0,100.0000,100.0000,128,65,30,30,0,95,67,128,26299,782807,809106,0.548,0.659,1.207,0.682,0,809106
c880,fixed-128,128,4,942,942,0,0,100.0000,100.0000,128,62,33,33,0,95,65,128,25054,873756,898810,0.537,0.725,1.263,0.707,0,898810
c880,fixed-128,128,5,942,942,0,0,100.0000,100.0000,128,68,34,34,0,102,67,128,25141,1009311,1034452,0.526,0.803,1.330,0.692,0,1034452
c880,fixed-192,192,1,942,942,0,0,100.0000,100.0000,192,71,29,29,0,100,63,192,27351,762506,789857,0.569,0.569,1.138,0.686,0,789857
c880,fixed-192,192,2,942,942,0,0,100.0000,100.0000,192,80,30,30,0,110,69,192,26456,764598,791054,0.600,0.594,1.193,0.689,0,791054
c880,fixed-192,192,3,942,942,0,0,100.0000,100.0000,192,73,30,30,0,103,69,192,27314,783527,810841,0.580,0.562,1.142,0.685,0,810841
c880,fixed-192,192,4,942,942,0,0,100.0000,100.0000,192,70,29,29,0,99,68,192,26173,772481,798654,0.575,0.575,1.151,0.744,0,798654
c880,fixed-192,192,5,942,942,0,0,100.0000,100.0000,192,84,26,26,0,110,68,192,27189,756773,783962,0.607,0.535,1.142,0.688,0,783962
c880,fixed-256,256,1,942,942,0,0,100.0000,100.0000,256,79,25,25,0,104,68,256,28148,647049,675197,0.612,0.502,1.114,0.759,0,675197
c880,fixed-256,256,2,942,942,0,0,100.0000,100.0000,256,84,27,27,0,111,65,256,27254,754997,782251,0.561,0.559,1.119,0.685,0,782251
c880,fixed-256,256,3,942,942,0,0,100.0000,100.0000,256,77,27,27,0,104,71,256,28123,635190,663313,0.577,0.511,1.088,0.711,0,663313
c880,fixed-256,256,4,942,942,0,0,100.0000,100.0000,256,74,25,25,0,99,69,256,27101,655724,682825,0.600,0.496,1.095,0.659,0,682825
c880,fixed-256,256,5,942,942,0,0,100.0000,100.0000,256,88,21,21,0,109,68,256,28095,597771,625866,0.607,0.427,1.034,0.684,0,625866
c880,fixed-384,384,1,942,942,0,0,100.0000,100.0000,384,84,17,17,0,101,66,384,29483,424430,453913,0.620,0.348,0.968,0.704,0,453913
c880,fixed-384,384,2,942,942,0,0,100.0000,100.0000,384,90,18,18,0,108,65,384,28751,468105,496856,0.603,0.371,0.974,0.685,0,496856
c880,fixed-384,384,3,942,942,0,0,100.0000,100.0000,384,86,18,18,0,104,67,384,29942,380744,410686,0.700,0.303,1.003,0.743,0,410686
c880,fixed-384,384,4,942,942,0,0,100.0000,100.0000,384,82,19,19,0,101,72,384,28644,491060,519704,0.629,0.352,0.982,0.695,0,519704
c880,fixed-384,384,5,942,942,0,0,100.0000,100.0000,384,95,19,19,0,114,63,384,29870,415539,445409,0.650,0.312,0.962,0.718,0,445409
c880,fixed-512,512,1,942,942,0,0,100.0000,100.0000,512,88,15,15,0,103,66,512,30543,347168,377711,0.716,0.322,1.038,0.735,0,377711
c880,fixed-512,512,2,942,942,0,0,100.0000,100.0000,512,92,16,16,0,108,65,512,29869,425228,455097,0.698,0.358,1.056,0.691,0,455097
c880,fixed-512,512,3,942,942,0,0,100.0000,100.0000,512,88,19,19,0,107,65,512,31009,384087,415096,0.708,0.314,1.022,0.751,0,415096
c880,fixed-512,512,4,942,942,0,0,100.0000,100.0000,512,86,15,15,0,101,61,512,29781,346405,376186,0.753,0.285,1.038,0.712,0,376186
c880,fixed-512,512,5,942,942,0,0,100.0000,100.0000,512,98,18,18,0,116,66,512,30969,379254,410223,0.635,0.361,0.996,0.707,0,410223
c880,fixed-768,768,1,942,942,0,0,100.0000,100.0000,768,94,8,8,0,102,66,768,32713,132880,165593,0.660,0.145,0.805,0.746,0,165593
c880,fixed-768,768,2,942,942,0,0,100.0000,100.0000,768,94,15,15,0,109,67,768,31891,400451,432342,0.687,0.300,0.987,0.737,0,432342
c880,fixed-768,768,3,942,942,0,0,100.0000,100.0000,768,92,14,14,0,106,70,768,33092,271942,305034,0.681,0.222,0.903,0.720,0,305034
c880,fixed-768,768,4,942,942,0,0,100.0000,100.0000,768,89,11,11,0,100,63,768,31643,240190,271833,0.665,0.185,0.850,0.790,0,271833
c880,fixed-768,768,5,942,942,0,0,100.0000,100.0000,768,104,9,9,0,113,63,768,32978,158788,191766,0.723,0.125,0.848,0.766,0,191766
c880,fixed-1024,1024,1,942,942,0,0,100.0000,100.0000,1024,97,7,7,0,104,67,1024,34385,114180,148565,0.698,0.116,0.814,0.739,0,148565
c880,fixed-1024,1024,2,942,942,0,0,100.0000,100.0000,1024,101,9,9,0,110,66,1024,34189,166272,200461,0.712,0.145,0.857,0.751,0,200461
c880,fixed-1024,1024,3,942,942,0,0,100.0000,100.0000,1024,95,11,11,0,106,67,1024,34859,212546,247405,0.705,0.174,0.879,0.709,0,247405
c880,fixed-1024,1024,4,942,942,0,0,100.0000,100.0000,1024,89,9,9,0,98,66,1024,33314,202633,235947,0.641,0.177,0.819,0.686,0,235947
c880,fixed-1024,1024,5,942,942,0,0,100.0000,100.0000,1024,105,9,9,0,114,63,1024,34693,157542,192235,0.716,0.119,0.834,0.711,0,192235
c880,fixed-1536,1536,1,942,942,0,0,100.0000,100.0000,1536,97,7,7,0,104,64,1536,37563,115499,153062,0.701,0.108,0.808,0.685,0,153062
c880,fixed-1536,1536,2,942,942,0,0,100.0000,100.0000,1536,104,7,7,0,111,60,1536,37571,145899,183470,0.764,0.127,0.891,0.771,0,183470
c880,fixed-1536,1536,3,942,942,0,0,100.0000,100.0000,1536,96,11,11,0,107,69,1536,38205,204495,242700,0.729,0.171,0.900,0.719,0,242700
c880,fixed-1536,1536,4,942,942,0,0,100.0000,100.0000,1536,92,9,9,0,101,66,1536,36841,166498,203339,0.668,0.170,0.837,0.677,0,203339
c880,fixed-1536,1536,5,942,942,0,0,100.0000,100.0000,1536,110,7,7,0,117,63,1536,38046,112239,150285,0.750,0.091,0.842,0.718,0,150285
c880,fixed-2048,2048,1,942,942,0,0,100.0000,100.0000,2048,99,5,5,0,104,66,2048,40682,80113,120795,0.735,0.087,0.822,0.704,0,120795
c880,fixed-2048,2048,2,942,942,0,0,100.0000,100.0000,2048,105,7,7,0,112,61,2048,40767,122986,163753,0.761,0.100,0.862,0.750,0,163753
c880,fixed-2048,2048,3,942,942,0,0,100.0000,100.0000,2048,99,9,9,0,108,68,2048,41519,160349,201868,0.810,0.139,0.949,0.717,0,201868
c880,fixed-2048,2048,4,942,942,0,0,100.0000,100.0000,2048,96,6,6,0,102,63,2048,40130,91126,131256,0.693,0.117,0.810,0.689,0,131256
c880,fixed-2048,2048,5,942,942,0,0,100.0000,100.0000,2048,114,5,5,0,119,66,2048,41203,74839,116042,0.759,0.067,0.826,0.722,0,116042
c880,fixed-3072,3072,1,942,942,0,0,100.0000,100.0000,3072,100,5,5,0,105,68,3072,46956,73124,120080,0.736,0.076,0.812,0.677,0,120080
c880,fixed-3072,3072,2,942,942,0,0,100.0000,100.0000,3072,108,4,4,0,112,61,3072,47090,57185,104275,0.793,0.057,0.851,0.762,0,104275
c880,fixed-3072,3072,3,942,942,0,0,100.0000,100.0000,3072,105,3,3,0,108,67,3072,47954,47454,95408,0.765,0.049,0.814,0.707,0,95408
c880,fixed-3072,3072,4,942,942,0,0,100.0000,100.0000,3072,99,4,4,0,103,63,3072,46409,58416,104825,0.736,0.058,0.794,0.714,0,104825
c880,fixed-3072,3072,5,942,942,0,0,100.0000,100.0000,3072,117,3,3,0,120,66,3072,47438,45084,92522,0.797,0.040,0.837,0.673,0,92522
c880,fixed-4096,4096,1,942,942,0,0,100.0000,100.0000,4096,101,3,3,0,104,67,4096,53259,45820,99079,0.739,0.042,0.781,0.704,0,99079
c880,fixed-4096,4096,2,942,942,0,0,100.0000,100.0000,4096,110,4,4,0,114,63,4096,53320,65106,118426,0.807,0.059,0.866,0.713,0,118426
c880,fixed-4096,4096,3,942,942,0,0,100.0000,100.0000,4096,108,1,1,0,109,67,4096,54157,12164,66321,0.845,0.018,0.863,0.702,0,66321
c880,fixed-4096,4096,4,942,942,0,0,100.0000,100.0000,4096,99,4,4,0,103,62,4096,52682,59598,112280,0.754,0.060,0.814,0.704,0,112280
c880,fixed-4096,4096,5,942,942,0,0,100.0000,100.0000,4096,119,2,2,0,121,66,4096,53632,35311,88943,0.781,0.032,0.813,0.708,0,88943
c880,fixed-6144,6144,1,942,942,0,0,100.0000,100.0000,6144,102,1,1,0,103,65,6144,65566,10893,76459,0.809,0.015,0.824,0.710,0,76459
c880,fixed-6144,6144,2,942,942,0,0,100.0000,100.0000,6144,111,3,3,0,114,63,6144,65646,32876,98522,0.809,0.032,0.841,0.723,0,98522
c880,fixed-6144,6144,3,942,942,0,0,100.0000,100.0000,5632,109,0,0,0,109,67,5632,63378,0,63378,0.835,0.000,0.835,0.713,0,63378
c880,fixed-6144,6144,4,942,942,0,0,100.0000,100.0000,6144,101,2,2,0,103,63,6144,65070,23139,88209,0.808,0.028,0.836,0.717,0,88209
c880,fixed-6144,6144,5,942,942,0,0,100.0000,100.0000,6144,120,1,1,0,121,65,6144,66041,12245,78286,0.819,0.016,0.834,0.700,0,78286
c880,fixed-8192,8192,1,942,942,0,0,100.0000,100.0000,8192,102,2,2,0,104,66,8192,77825,21948,99773,0.852,0.025,0.876,0.690,0,99773
c880,fixed-8192,8192,2,942,942,0,0,100.0000,100.0000,8192,113,2,2,0,115,62,8192,77950,23090,101040,0.914,0.027,0.941,0.718,0,101040
c880,fixed-8192,8192,3,942,942,0,0,100.0000,100.0000,5632,109,0,0,0,109,67,5632,63378,0,63378,0.838,0.000,0.838,0.724,0,63378
c880,fixed-8192,8192,4,942,942,0,0,100.0000,100.0000,7168,103,0,0,0,103,66,7168,71254,0,71254,0.818,0.000,0.818,0.687,0,71254
c880,fixed-8192,8192,5,942,942,0,0,100.0000,100.0000,7424,121,0,0,0,121,66,7424,73728,0,73728,0.820,0.000,0.820,0.719,0,73728
c880,fixed-12288,12288,1,942,942,0,0,100.0000,100.0000,12288,103,2,2,0,105,66,12288,102360,21800,124160,0.929,0.025,0.954,0.687,0,124160
c880,fixed-12288,12288,2,942,942,0,0,100.0000,100.0000,12288,116,1,1,0,117,64,12288,102535,10884,113419,0.949,0.014,0.963,0.761,0,113419
c880,fixed-12288,12288,3,942,942,0,0,100.0000,100.0000,5632,109,0,0,0,109,67,5632,63378,0,63378,0.820,0.000,0.820,0.702,0,63378
c880,fixed-12288,12288,4,942,942,0,0,100.0000,100.0000,7168,103,0,0,0,103,66,7168,71254,0,71254,0.823,0.000,0.823,0.706,0,71254
c880,fixed-12288,12288,5,942,942,0,0,100.0000,100.0000,7424,121,0,0,0,121,66,7424,73728,0,73728,0.859,0.000,0.859,0.685,0,73728
c880,fixed-16384,16384,1,942,942,0,0,100.0000,100.0000,16384,104,1,1,0,105,67,16384,126892,10884,137776,1.003,0.016,1.018,0.682,0,137776
c880,fixed-16384,16384,2,942,942,0,0,100.0000,100.0000,16384,116,1,1,0,117,64,16384,127047,10884,137931,1.007,0.015,1.021,0.704,0,137931
c880,fixed-16384,16384,3,942,942,0,0,100.0000,100.0000,5632,109,0,0,0,109,67,5632,63378,0,63378,0.808,0.000,0.808,0.676,0,63378
c880,fixed-16384,16384,4,942,942,0,0,100.0000,100.0000,7168,103,0,0,0,103,66,7168,71254,0,71254,0.806,0.000,0.807,0.691,0,71254
c880,fixed-16384,16384,5,942,942,0,0,100.0000,100.0000,7424,121,0,0,0,121,66,7424,73728,0,73728,0.979,0.000,0.979,0.855,0,73728
c880,fixed-24576,24576,1,942,942,0,0,100.0000,100.0000,21760,105,0,0,0,105,67,21760,159077,0,159077,1.506,0.000,1.506,0.942,0,159077
c880,fixed-24576,24576,2,942,942,0,0,100.0000,100.0000,18240,117,0,0,0,117,64,18240,138159,0,138159,1.478,0.000,1.478,0.865,0,138159
c880,fixed-24576,24576,3,942,942,0,0,100.0000,100.0000,5632,109,0,0,0,109,67,5632,63378,0,63378,0.776,0.000,0.776,0.688,0,63378
c880,fixed-24576,24576,4,942,942,0,0,100.0000,100.0000,7168,103,0,0,0,103,66,7168,71254,0,71254,0.826,0.000,0.826,0.662,0,71254
c880,fixed-24576,24576,5,942,942,0,0,100.0000,100.0000,7424,121,0,0,0,121,66,7424,73728,0,73728,0.807,0.000,0.807,0.676,0,73728
c880,fixed-32768,32768,1,942,942,0,0,100.0000,100.0000,21760,105,0,0,0,105,67,21760,159077,0,159077,1.088,0.000,1.088,0.724,0,159077
c880,fixed-32768,32768,2,942,942,0,0,100.0000,100.0000,18240,117,0,0,0,117,64,18240,138159,0,138159,1.037,0.000,1.037,0.694,0,138159
c880,fixed-32768,32768,3,942,942,0,0,100.0000,100.0000,5632,109,0,0,0,109,67,5632,63378,0,63378,0.804,0.000,0.804,0.686,0,63378
c880,fixed-32768,32768,4,942,942,0,0,100.0000,100.0000,7168,103,0,0,0,103,66,7168,71254,0,71254,0.851,0.000,0.851,0.674,0,71254
c880,fixed-32768,32768,5,942,942,0,0,100.0000,100.0000,7424,121,0,0,0,121,66,7424,73728,0,73728,0.947,0.000,0.947,0.675,0,73728
c880,plateau,1408,1,942,942,0,0,100.0000,100.0000,1408,97,6,6,0,103,66,1408,36791,103143,139934,0.674,0.099,0.773,0.717,0,139934
c880,plateau,1856,2,942,942,0,0,100.0000,100.0000,1856,105,6,6,0,111,61,1856,39566,94469,134035,0.706,0.084,0.789,0.687,0,134035
c880,plateau,1408,3,942,942,0,0,100.0000,100.0000,1408,96,11,11,0,107,69,1408,37409,201837,239246,0.738,0.163,0.901,0.707,0,239246
c880,plateau,1024,4,942,942,0,0,100.0000,100.0000,1024,89,9,9,0,98,66,1024,33314,202633,235947,0.670,0.195,0.865,0.685,0,235947
c880,plateau,2112,5,942,942,0,0,100.0000,100.0000,2112,114,5,5,0,119,65,2112,41590,76015,117605,0.712,0.069,0.781,0.731,0,117605
c880,stage1,1536,1,942,942,0,0,100.0000,100.0000,1536,97,7,7,0,104,64,1536,37563,115499,153062,0.721,0.102,0.824,0.687,0,153062
c880,stage1,2176,2,942,942,0,0,100.0000,100.0000,2176,105,7,7,0,112,62,2176,41550,124356,165906,0.731,0.124,0.855,0.684,0,165906
c880,stage1,1600,3,942,942,0,0,100.0000,100.0000,1600,96,11,11,0,107,70,1600,38604,203348,241952,0.730,0.164,0.894,0.691,0,241952
c880,stage1,1728,4,942,942,0,0,100.0000,100.0000,1728,93,7,7,0,100,64,1728,38073,127924,165997,0.709,0.102,0.810,0.688,0,165997
c880,stage1,2368,5,942,942,0,0,100.0000,100.0000,2368,114,5,5,0,119,64,2368,43156,76143,119299,0.728,0.069,0.797,0.690,0,119299
c880,adaptive,1536,1,942,942,0,0,100.0000,100.0000,1536,97,5,5,5,102,66,1536,37563,86924,124487,0.694,0.082,0.776,0.663,0,124487
c880,adaptive,2176,2,942,942,0,0,100.0000,100.0000,2176,105,7,7,7,112,63,2176,41550,124425,165975,0.757,0.106,0.863,0.708,0,165975
c880,adaptive,1600,3,942,942,0,0,100.0000,100.0000,1600,96,9,9,9,105,66,1600,38604,156961,195565,0.716,0.138,0.853,0.715,0,195565
c880,adaptive,1728,4,942,942,0,0,100.0000,100.0000,1728,93,9,9,9,102,66,1728,38073,149852,187925,0.677,0.123,0.800,0.730,0,187925
c880,adaptive,2368,5,942,942,0,0,100.0000,100.0000,2368,114,4,4,4,118,65,2368,43156,63908,107064,0.785,0.061,0.845,0.686,0,107064
c1355,podem,0,1,1574,1566,0,8,99.4917,99.4917,0,0,146,154,0,146,122,0,0,63034972,63034972,0.000,33.762,33.762,1.656,47171232,15863740
c1355,podem,0,2,1574,1566,0,8,99.4917,99.4917,0,0,132,140,0,132,114,0,0,60601087,60601087,0.000,33.584,33.584,1.760,47171232,13429855
c1355,podem,0,3,1574,1566,0,8,99.4917,99.4917,0,0,134,142,0,134,114,0,0,61600474,61600474,0.000,33.447,33.447,1.754,47171232,14429242
c1355,podem,0,4,1574,1566,0,8,99.4917,99.4917,0,0,126,135,0,126,112,0,0,62601001,62601001,0.000,35.161,35.161,1.805,47171232,15429769
c1355,podem,0,5,1574,1566,0,8,99.4917,99.4917,0,0,144,152,0,144,116,0,0,62852777,62852777,0.000,34.012,34.012,1.762,47171232,15681545
c1355,fixed-64,64,1,1574,1566,0,8,99.4917,99.4917,64,45,70,80,0,115,92,64,72680,58058245,58130925,1.244,35.974,37.217,1.780,47171232,10959693
c1355,fixed-64,64,2,1574,1566,0,8,99.4917,99.4917,64,45,66,76,0,111,93,64,77163,56203461,56280624,1.293,33.325,34.619,1.867,47171232,9109392
c1355,fixed-64,64,3,1574,1566,0,8,99.4917,99.4917,64,34,67,77,0,101,90,64,74469,56170701,56245170,1.246,33.435,34.681,1.874,47171232,9073938
c1355,fixed-64,64,4,1574,1566,0,8,99.4917,99.4917,64,37,66,76,0,103,93,64,75084,57208799,57283883,1.267,35.127,36.394,1.767,47171232,10112651
c1355,fixed-64,64,5,1574,1566,0,8,99.4917,99.4917,64,40,67,76,0,107,94,64,74817,54866695,54941512,1.226,33.283,34.509,1.908,47171232,7770280
c1355,fixed-96,96,1,1574,1566,0,8,99.4917,99.4917,128,61,56,65,0,117,87,128,75972,54052136,54128108,1.395,34.071,35.466,2.054,47171232,6956876
c1355,fixed-96,96,2,1574,1566,0,8,99.4917,99.4917,128,58,55,64,0,113,88,128,79456,53919341,53998797,1.481,34.450,35.931,2.075,47171232,6827565
c1355,fixed-96,96,3,1574,1566,0,8,99.4917,99.4917,128,52,53,63,0,105,90,128,76740,56344220,56420960,1.413,36.693,38.106,2.008,47171232,9249728
c1355,fixed-96,96,4,1574,1566,0,8,99.4917,99.4917,128,55,50,60,0,105,86,128,76879,56040972,56117851,1.411,36.253,37.664,2.029,47171232,8946619
c1355,fixed-96,96,5,1574,1566,0,8,99.4917,99.4917,128,57,53,62,0,110,91,128,77013,53646297,53723310,1.412,33.718,35.131,2.021,47171232,6552078
c1355,fixed-128,128,1,1574,1566,0,8,99.4917,99.4917,128,61,56,65,0,117,87,128,75972,54052136,54128108,1.412,34.301,35.713,1.908,47171232,6956876
c1355,fixed-128,128,2,1574,1566,0,8,99.4917,99.4917,128,58,55,64,0,113,88,128,79456,53919341,53998797,1.467,33.798,35.265,2.003,47171232,6827565
c1355,fixed-128,128,3,1574,1566,0,8,99.4917,99.4917,128,52,53,63,0,105,90,128,76740,56344220,56420960,1.426,36.761,38.188,2.011,47171232,9249728
c1355,fixed-128,128,4,1574,1566,0,8,99.4917,99.4917,128,55,50,60,0,105,86,128,76879,56040972,56117851,1.394,36.317,37.712,2.035,47171232,8946619
c1355,fixed-128,128,5,1574,1566,0,8,99.4917,99.4917,128,57,53,62,0,110,91,128,77013,53646297,53723310,1.436,33.722,35.158,2.003,47171232,6552078
c1355,fixed-192,192,1,1574,1566,0,8,99.4917,99.4917,192,69,48,56,0,117,87,192,77038,50912392,50989430,1.442,30.514,31.956,2.048,47171232,3818198
c1355,fixed-192,192,2,1574,1566,0,8,99.4917,99.4917,192,68,45,54,0,113,87,192,80391,53564530,53644921,1.498,46.961,48.460,2.106,47171232,6473689
c1355,fixed-192,192,3,1574,1566,0,8,99.4917,99.4917,192,58,47,57,0,105,89,192,77556,56102873,56180429,1.458,45.207,46.665,2.954,47171232,9009197
c1355,fixed-192,192,4,1574,1566,0,8,99.4917,99.4917,192,63,42,52,0,105,86,192,77776,55662060,55739836,1.977,56.178,58.155,2.483,47171232,8568604
c1355,fixed-192,192,5,1574,1566,0,8,99.4917,99.4917,192,64,46,55,0,110,89,192,77905,52397210,52475115,1.921,39.607,41.529,2.050,47171232,5303883
c1355,fixed-256,256,1,1574,1566,0,8,99.4917,99.4917,256,73,44,52,0,117,87,256,77824,50746114,50823938,1.379,29.242,30.621,2.053,47171232,3652706
c1355,fixed-256,256,2,1574,1566,0,8,99.4917,99.4917,256,75,38,47,0,113,87,256,81195,53235507,53316702,1.459,32.006,33.465,2.023,47171232,6145470
c1355,fixed-256,256,3,1574,1566,0,8,99.4917,99.4917,256,60,45,55,0,105,89,256,78369,56000105,56078474,1.346,35.469,36.815,1.979,47171232,8907242
c1355,fixed-256,256,4,1574,1566,0,8,99.4917,99.4917,256,70,35,45,0,105,86,256,78550,55449428,55527978,1.435,35.000,36.435,2.212,47171232,8356746
c1355,fixed-256,256,5,1574,1566,0,8,99.4917,99.4917,256,75,36,45,0,111,88,256,78818,52035853,52114671,1.421,31.463,32.884,2.158,47171232,4943439
c1355,fixed-384,384,1,1574,1566,0,8,99.4917,99.4917,384,83,34,42,0,117,87,384,79293,50459891,50539184,1.409,29.506,30.915,2.343,47171232,3367952
c1355,fixed-384,384,2,1574,1566,0,8,99.4917,99.4917,384,85,28,37,0,113,87,384,82675,52958489,53041164,1.444,34.211,35.655,2.510,47171232,5869932
c1355,fixed-384,384,3,1574,1566,0,8,99.4917,99.4917,384,74,31,41,0,105,87,384,79921,54431598,54511519,1.520,35.447,36.967,2.433,47171232,7340287
c1355,fixed-384,384,4,1574,1566,0,8,99.4917,99.4917,384,77,28,38,0,105,86,384,79966,55074234,55154200,1.534,37.203,38.737,2.324,47171232,7982968
c1355,fixed-384,384,5,1574,1566,0,8,99.4917,99.4917,384,85,26,34,0,111,88,384,80260,49224659,49304919,1.471,29.913,31.384,2.316,47171232,2133687
c1355,fixed-512,512,1,1574,1566,0,8,99.4917,99.4917,512,90,27,35,0,117,87,512,80717,47934658,48015375,1.478,28.371,29.849,2.487,47171232,844143
c1355,fixed-512,512,2,1574,1566,0,8,99.4917,99.4917,512,89,24,33,0,113,87,512,84007,51719490,51803497,1.506,32.697,34.204,2.449,47171232,4632265
c1355,fixed-512,512,3,1574,1566,0,8,99.4917,99.4917,512,82,23,33,0,105,87,512,81327,53190580,53271907,1.548,35.605,37.154,2.308,47171232,6100675
c1355,fixed-512,512,4,1574,1566,0,8,99.4917,99.4917,512,82,23,33,0,105,86,512,81347,54935305,55016652,1.459,37.510,38.970,2.339,47171232,7845420
c1355,fixed-512,512,5,1574,1566,0,8,99.4917,99.4917,512,86,25,33,0,111,88,512,81583,49193914,49275497,1.459,29.924,31.383,2.423,47171232,2104265
c1355,fixed-768,768,1,1574,1566,0,8,99.4917,99.4917,768,102,15,23,0,117,87,768,83408,47595284,47678692,1.551,28.037,29.588,2.562,47171232,507460
c1355,fixed-768,768,2,1574,1566,0,8,99.4917,99.4917,768,98,15,24,0,113,87,768,86682,51282791,51369473,1.550,32.448,33.998,2.808,47171232,4198241
c1355,fixed-768,768,3,1574,1566,0,8,99.4917,99.4917,768,95,10,18,0,105,87,768,84031,47657945,47741976,1.615,27.532,29.147,2.514,47171232,570744
c1355,fixed-768,768,4,1574,1566,0,8,99.4917,99.4917,768,86,19,29,0,105,86,768,83977,54820365,54904342,1.461,37.920,39.382,2.379,47171232,7733110
c1355,fixed-768,768,5,1574,1566,0,8,99.4917,99.4917,768,96,15,23,0,111,88,768,84267,48715341,48799608,1.543,30.720,32.263,2.401,47171232,1628376
c1355,fixed-1024,1024,1,1574,1566,0,8,99.4917,99.4917,1024,104,13,21,0,117,87,1024,85995,47536939,47622934,1.521,30.409,31.929,2.401,47171232,451702
c1355,fixed-1024,1024,2,1574,1566,0,8,99.4917,99.4917,1024,107,6,15,0,113,87,1024,89271,49816334,49905605,1.616,29.823,31.439,2.422,47171232,2734373
c1355,fixed-1024,1024,3,1574,1566,0,8,99.4917,99.4917,1024,97,8,16,0,105,87,1024,86570,47601334,47687904,1.523,28.152,29.675,2.425,47171232,516672
c1355,fixed-1024,1024,4,1574,1566,0,8,99.4917,99.4917,1024,93,12,22,0,105,86,1024,86632,54629708,54716340,1.481,36.352,37.834,2.464,47171232,7545108
c1355,fixed-1024,1024,5,1574,1566,0,8,99.4917,99.4917,1024,103,8,16,0,111,88,1024,86954,48516912,48603866,1.570,27.968,29.537,2.407,47171232,1432634
c1355,fixed-1536,1536,1,1574,1566,0,8,99.4917,99.4917,1536,116,1,9,0,117,87,1536,91055,47197316,47288371,1.543,27.944,29.487,2.670,47171232,117139
c1355,fixed-1536,1536,2,1574,1566,0,8,99.4917,99.4917,1536,110,3,11,0,113,87,1536,94372,47258002,47352374,1.832,29.812,31.644,2.426,47171232,181142
c1355,fixed-1536,1536,3,1574,1566,0,8,99.4917,99.4917,1536,102,3,11,0,105,87,1536,91604,47255145,47346749,1.597,26.649,28.246,2.355,47171232,175517
c1355,fixed-1536,1536,4,1574,1566,0,8,99.4917,99.4917,1536,102,3,11,0,105,86,1536,91858,48371262,48463120,1.746,28.881,30.627,2.388,47171232,1291888
c1355,fixed-1536,1536,5,1574,1566,0,8,99.4917,99.4917,1536,111,0,8,0,111,88,1536,91942,47171232,47263174,1.573,28.714,30.287,2.374,47171232,91942
c1355,fixed-2048,2048,1,1574,1566,0,8,99.4917,99.4917,2048,117,0,8,0,117,87,2048,96039,47171232,47267271,1.560,26.467,28.026,2.390,47171232,96039
c1355,fixed-2048,2048,2,1574,1566,0,8,99.4917,99.4917,2048,111,2,10,0,113,87,2048,99406,47228874,47328280,1.629,27.259,28.888,2.335,47171232,157048
c1355,fixed-2048,2048,3,1574,1566,0,8,99.4917,99.4917,2048,104,1,9,0,105,87,2048,96541,47200417,47296958,1.592,26.466,28.058,2.356,47171232,125726
c1355,fixed-2048,2048,4,1574,1566,0,8,99.4917,99.4917,2048,103,2,10,0,105,86,2048,96817,47223302,47320119,1.573,26.749,28.322,2.339,47171232,148887
c1355,fixed-2048,2048,5,1574,1566,0,8,99.4917,99.4917,2048,111,0,8,0,111,88,2048,97046,47171232,47268278,1.580,29.213,30.793,2.499,47171232,97046
c1355,fixed-3072,3072,1,1574,1566,0,8,99.4917,99.4917,3072,117,0,8,0,117,87,3072,105819,47171232,47277051,1.674,26.316,27.990,2.446,47171232,105819
c1355,fixed-3072,3072,2,1574,1566,0,8,99.4917,99.4917,3072,113,0,8,0,113,87,3072,109418,47171232,47280650,1.650,26.763,28.413,2.408,47171232,109418
c1355,fixed-3072,3072,3,1574,1566,0,8,99.4917,99.4917,3072,105,0,8,0,105,87,3072,106366,47171232,47277598,1.710,26.967,28.678,2.556,47171232,106366
c1355,fixed-3072,3072,4,1574,1566,0,8,99.4917,99.4917,3072,104,1,9,0,105,86,3072,106809,47197249,47304058,1.729,26.928,28.657,2.474,47171232,132826
c1355,fixed-3072,3072,5,1574,1566,0,8,99.4917,99.4917,3072,111,0,8,0,111,88,3072,107078,47171232,47278310,1.642,27.037,28.679,2.400,47171232,107078
c1355,fixed-4096,4096,1,1574,1566,0,8,99.4917,99.4917,4096,117,0,8,0,117,87,4096,115835,47171232,47287067,1.634,26.385,28.018,2.417,47171232,115835
c1355,fixed-4096,4096,2,1574,1566,0,8,99.4917,99.4917,4096,113,0,8,0,113,87,4096,119318,47171232,47290550,1.723,27.211,28.933,2.404,47171232,119318
c1355,fixed-4096,4096,3,1574,1566,0,8,99.4917,99.4917,4096,105,0,8,0,105,87,4096,116266,47171232,47287498,1.712,26.597,28.309,3.288,47171232,116266
c1355,fixed-4096,4096,4,1574,1566,0,8,99.4917,99.4917,4096,105,0,8,0,105,86,4096,116713,47171232,47287945,1.898,26.508,28.406,2.436,47171232,116713
c1355,fixed-4096,4096,5,1574,1566,0,8,99.4917,99.4917,4096,111,0,8,0,111,88,4096,117058,47171232,47288290,1.712,27.436,29.148,2.450,47171232,117058
c1355,fixed-6144,6144,1,1574,1566,0,8,99.4917,99.4917,6144,117,0,8,0,117,87,6144,135495,47171232,47306727,1.723,26.728,28.451,2.619,47171232,135495
c1355,fixed-6144,6144,2,1574,1566,0,8,99.4917,99.4917,6144,113,0,8,0,113,87,6144,139142,47171232,47310374,1.859,26.290,28.150,2.363,47171232,139142
c1355,fixed-6144,6144,3,1574,1566,0,8,99.4917,99.4917,6144,105,0,8,0,105,87,6144,136230,47171232,47307462,1.851,27.688,29.539,2.694,47171232,136230
c1355,fixed-6144,6144,4,1574,1566,0,8,99.4917,99.4917,6144,105,0,8,0,105,86,6144,136821,47171232,47308053,1.818,26.795,28.612,2.462,47171232,136821
c1355,fixed-6144,6144,5,1574,1566,0,8,99.4917,99.4917,6144,111,0,8,0,111,88,6144,136946,47171232,47308178,1.792,26.131,27.923,2.377,47171232,136946
c1355,fixed-8192,8192,1,1574,1566,0,8,99.4917,99.4917,8192,117,0,8,0,117,87,8192,155539,47171232,47326771,1.829,26.260,28.088,2.374,47171232,155539
c1355,fixed-8192,8192,2,1574,1566,0,8,99.4917,99.4917,8192,113,0,8,0,113,87,8192,158878,47171232,47330110,1.997,26.050,28.047,2.373,47171232,158878
c1355,fixed-8192,8192,3,1574,1566,0,8,99.4917,99.4917,8192,105,0,8,0,105,87,8192,156146,47171232,47327378,1.816,26.132,27.948,2.378,47171232,156146
c1355,fixed-8192,8192,4,1574,1566,0,8,99.4917,99.4917,8192,105,0,8,0,105,86,8192,156829,47171232,47328061,1.853,26.608,28.461,2.548,47171232,156829
c1355,fixed-8192,8192,5,1574,1566,0,8,99.4917,99.4917,8192,111,0,8,0,111,88,8192,156770,47171232,47328002,1.957,27.235,29.193,2.358,47171232,156770
c1355,fixed-12288,12288,1,1574,1566,0,8,99.4917,99.4917,12288,117,0,8,0,117,87,12288,195487,47171232,47366719,2.069,27.298,29.367,2.379,47171232,195487
c1355,fixed-12288,12288,2,1574,1566,0,8,99.4917,99.4917,12288,113,0,8,0,113,87,12288,198646,47171232,47369878,2.143,28.866,31.009,2.552,47171232,198646
c1355,fixed-12288,12288,3,1574,1566,0,8,99.4917,99.4917,12288,105,0,8,0,105,87,12288,196014,47171232,47367246,2.262,27.342,29.604,2.383,47171232,196014
c1355,fixed-12288,12288,4,1574,1566,0,8,99.4917,99.4917,12288,105,0,8,0,105,86,12288,196917,47171232,47368149,2.051,27.628,29.678,2.587,47171232,196917
c1355,fixed-12288,12288,5,1574,1566,0,8,99.4917,99.4917,12288,111,0,8,0,111,88,12288,196646,47171232,47367878,2.059,26.773,28.832,2.427,47171232,196646
c1355,fixed-16384,16384,1,1574,1566,0,8,99.4917,99.4917,16384,117,0,8,0,117,87,16384,235147,47171232,47406379,2.293,27.132,29.425,2.494,47171232,235147
c1355,fixed-16384,16384,2,1574,1566,0,8,99.4917,99.4917,16384,113,0,8,0,113,87,16384,238598,47171232,47409830,2.464,27.288,29.752,2.362,47171232,238598
c1355,fixed-16384,16384,3,1574,1566,0,8,99.4917,99.4917,16384,105,0,8,0,105,87,16384,235526,47171232,47406758,2.272,26.723,28.995,2.514,47171232,235526
c1355,fixed-16384,16384,4,1574,1566,0,8,99.4917,99.4917,16384,105,0,8,0,105,86,16384,236645,47171232,47407877,2.281,28.278,30.559,2.374,47171232,236645
c1355,fixed-16384,16384,5,1574,1566,0,8,99.4917,99.4917,16384,111,0,8,0,111,88,16384,236558,47171232,47407790,2.219,26.968,29.187,2.383,47171232,236558
c1355,fixed-24576,24576,1,1574,1566,0,8,99.4917,99.4917,24576,117,0,8,0,117,87,24576,314479,47171232,47485711,2.615,30.992,33.607,4.148,47171232,314479
c1355,fixed-24576,24576,2,1574,1566,0,8,99.4917,99.4917,24576,113,0,8,0,113,87,24576,318314,47171232,47489546,5.127,58.087,63.214,4.609,47171232,318314
c1355,fixed-24576,24576,3,1574,1566,0,8,99.4917,99.4917,24576,105,0,8,0,105,87,24576,315110,47171232,47486342,5.581,60.143,65.724,4.637,47171232,315110
c1355,fixed-24576,24576,4,1574,1566,0,8,99.4917,99.4917,24576,105,0,8,0,105,86,24576,316641,47171232,47487873,6.237,60.180,66.417,4.583,47171232,316641
c1355,fixed-24576,24576,5,1574,1566,0,8,99.4917,99.4917,24576,111,0,8,0,111,88,24576,315574,47171232,47486806,5.575,64.171,69.746,5.542,47171232,315574
c1355,fixed-32768,32768,1,1574,1566,0,8,99.4917,99.4917,32768,117,0,8,0,117,87,32768,393899,47171232,47565131,7.301,74.595,81.896,7.175,47171232,393899
c1355,fixed-32768,32768,2,1574,1566,0,8,99.4917,99.4917,32768,113,0,8,0,113,87,32768,397710,47171232,47568942,9.313,69.082,78.395,6.144,47171232,397710
c1355,fixed-32768,32768,3,1574,1566,0,8,99.4917,99.4917,32768,105,0,8,0,105,87,32768,394510,47171232,47565742,7.307,68.483,75.790,4.557,47171232,394510
c1355,fixed-32768,32768,4,1574,1566,0,8,99.4917,99.4917,32768,105,0,8,0,105,86,32768,396013,47171232,47567245,7.738,91.449,99.187,6.235,47171232,396013
c1355,fixed-32768,32768,5,1574,1566,0,8,99.4917,99.4917,32768,111,0,8,0,111,88,32768,394906,47171232,47566138,12.451,87.916,100.367,3.197,47171232,394906
c1355,plateau,2048,1,1574,1566,0,8,99.4917,99.4917,2048,117,0,8,0,117,87,2048,96039,47171232,47267271,2.396,40.341,42.737,3.350,47171232,96039
c1355,plateau,2112,2,1574,1566,0,8,99.4917,99.4917,2112,111,2,10,0,113,87,2112,100004,47228874,47328878,2.103,37.847,39.950,3.373,47171232,157646
c1355,plateau,2624,3,1574,1566,0,8,99.4917,99.4917,2624,105,0,8,0,105,87,2624,102100,47171232,47273332,2.168,29.027,31.196,2.374,47171232,102100
c1355,plateau,1984,4,1574,1566,0,8,99.4917,99.4917,1984,103,2,10,0,105,86,1984,96172,47223302,47319474,1.596,26.757,28.354,3.165,47171232,148242
c1355,plateau,1920,5,1574,1566,0,8,99.4917,99.4917,1920,111,0,8,0,111,88,1920,95794,47171232,47267026,1.661,26.754,28.415,2.538,47171232,95794
c1355,stage1,2304,1,1574,1566,0,8,99.4917,99.4917,2304,117,0,8,0,117,87,2304,98463,47171232,47269695,1.907,26.682,28.589,2.621,47171232,98463
c1355,stage1,2944,2,1574,1566,0,8,99.4917,99.4917,2944,113,0,8,0,113,87,2944,108198,47171232,47279430,1.750,26.673,28.423,2.371,47171232,108198
c1355,stage1,2368,3,1574,1566,0,8,99.4917,99.4917,2368,105,0,8,0,105,87,2368,99616,47171232,47270848,1.652,26.830,28.481,2.413,47171232,99616
c1355,stage1,2112,4,1574,1566,0,8,99.4917,99.4917,2112,103,2,10,0,105,86,2112,97430,47223302,47320732,1.649,28.159,29.808,2.758,47171232,149500
c1355,stage1,1984,5,1574,1566,0,8,99.4917,99.4917,1984,111,0,8,0,111,88,1984,96420,47171232,47267652,1.736,27.066,28.802,2.429,47171232,96420
c1355,adaptive,2304,1,1574,1566,0,8,99.4917,99.4917,2304,117,0,8,8,117,87,2304,98463,47171232,47269695,1.689,26.646,28.336,2.451,47171232,98463
c1355,adaptive,2944,2,1574,1566,0,8,99.4917,99.4917,2944,113,0,8,8,113,87,2944,108198,47171232,47279430,1.738,26.502,28.241,2.376,47171232,108198
c1355,adaptive,2368,3,1574,1566,0,8,99.4917,99.4917,2368,105,0,8,8,105,87,2368,99616,47171232,47270848,1.625,26.612,28.237,2.337,47171232,99616
c1355,adaptive,2112,4,1574,1566,0,8,99.4917,99.4917,2112,103,2,10,10,105,86,2112,97430,47223254,47320684,1.604,27.258,28.862,2.388,47171232,149452
c1355,adaptive,1984,5,1574,1566,0,8,99.4917,99.4917,1984,111,0,8,8,111,88,1984,96420,47171232,47267652,1.694,27.076,28.770,2.353,47171232,96420
c1908,podem,0,1,1879,1870,6,3,99.5210,99.8403,0,0,152,161,0,152,132,0,0,19769988,19769988,0.000,25.558,25.558,2.261,10756784,9013204
c1908,podem,0,2,1879,1870,6,3,99.5210,99.8403,0,0,158,167,0,158,132,0,0,19938337,19938337,0.000,23.705,23.705,2.199,10756784,9181553
c1908,podem,0,3,1879,1870,6,3,99.5210,99.8403,0,0,160,169,0,160,133,0,0,20168745,20168745,0.000,23.840,23.840,2.262,10756784,9411961
c1908,podem,0,4,1879,1870,6,3,99.5210,99.8403,0,0,160,169,0,160,138,0,0,20077514,20077514,0.000,23.935,23.935,2.303,10756784,9320730
c1908,podem,0,5,1879,1870,6,3,99.5210,99.8403,0,0,157,166,0,157,137,0,0,19773841,19773841,0.000,23.047,23.047,2.134,10756784,9017057
c1908,fixed-64,64,1,1879,1870,6,3,99.5210,99.8403,64,33,130,139,0,163,133,64,101286,17143691,17244977,1.955,18.656,20.611,2.050,10756784,6488193
c1908,fixed-64,64,2,1879,1870,6,3,99.5210,99.8403,64,39,132,141,0,171,136,64,103167,17214576,17317743,1.897,19.070,20.967,2.066,10756784,6560959
c1908,fixed-64,64,3,1879,1870,6,3,99.5210,99.8403,64,31,136,145,0,167,133,64,90952,18150422,18241374,1.700,20.364,22.064,2.028,10756784,7484590
c1908,fixed-64,64,4,1879,1870,6,3,99.5210,99.8403,64,36,135,144,0,171,137,64,101580,17566466,17668046,1.913,19.434,21.347,2.052,10756784,6911262
c1908,fixed-64,64,5,1879,1870,6,3,99.5210,99.8403,64,36,135,144,0,171,138,64,100420,17454697,17555117,1.804,18.345,20.149,1.850,10756784,6798333
c1908,fixed-96,96,1,1879,1870,6,3,99.5210,99.8403,128,48,121,130,0,169,136,128,112964,16242623,16355587,1.849,17.054,18.903,1.950,10756784,5598803
c1908,fixed-96,96,2,1879,1870,6,3,99.5210,99.8403,128,57,112,121,0,169,128,128,110489,15676589,15787078,1.903,16.502,18.405,2.032,10756784,5030294
c1908,fixed-96,96,3,1879,1870,6,3,99.5210,99.8403,128,47,123,132,0,170,136,128,107277,17269858,17377135,1.777,18.023,19.800,2.010,10756784,6620351
c1908,fixed-96,96,4,1879,1870,6,3,99.5210,99.8403,128,50,120,129,0,170,134,128,111911,16816041,16927952,1.896,18.490,20.387,2.099,10756784,6171168
c1908,fixed-96,96,5,1879,1870,6,3,99.5210,99.8403,128,48,124,133,0,172,131,128,106086,17144110,17250196,2.066,19.217,21.283,2.009,10756784,6493412
c1908,fixed-128,128,1,1879,1870,6,3,99.5210,99.8403,128,48,121,130,0,169,136,128,112964,16242623,16355587,1.949,16.953,18.902,1.935,10756784,5598803
c1908,fixed-128,128,2,1879,1870,6,3,99.5210,99.8403,128,57,112,121,0,169,128,128,110489,15676589,15787078,1.973,16.094,18.067,2.065,10756784,5030294
c1908,fixed-128,128,3,1879,1870,6,3,99.5210,99.8403,128,47,123,132,0,170,136,128,107277,17269858,17377135,1.777,17.638,19.416,2.063,10756784,6620351
c1908,fixed-128,128,4,1879,1870,6,3,99.5210,99.8403,128,50,120,129,0,170,134,128,111911,16816041,16927952,1.844,17.556,19.400,2.018,10756784,6171168
c1908,fixed-128,128,5,1879,1870,6,3,99.5210,99.8403,128,48,124,133,0,172,131,128,106086,17144110,17250196,1.821,17.873,19.694,1.944,10756784,6493412
c1908,fixed-192,192,1,1879,1870,6,3,99.5210,99.8403,192,62,113,122,0,175,134,192,118557,15633628,15752185,1.968,15.917,17.886,1.978,10756784,4995401
c1908,fixed-192,192,2,1879,1870,6,3,99.5210,99.8403,192,69,100,109,0,169,131,192,114301,15552949,15667250,2.004,15.514,17.518,2.107,10756784,4910466
c1908,fixed-192,192,3,1879,1870,6,3,99.5210,99.8403,192,62,117,126,0,179,140,192,116037,16981832,17097869,1.900,17.765,19.665,2.000,10756784,6341085
c1908,fixed-192,192,4,1879,1870,6,3,99.5210,99.8403,192,68,104,113,0,172,132,192,115772,16075427,16191199,1.949,17.578,19.526,2.067,10756784,5434415
c1908,fixed-192,192,5,1879,1870,6,3,99.5210,99.8403,192,57,121,130,0,178,132,192,109978,16993718,17103696,1.917,18.785,20.702,1.956,10756784,6346912
c1908,fixed-256,256,1,1879,1870,6,3,99.5210,99.8403,256,75,100,109,0,175,132,256,121953,14827666,14949619,2.215,15.594,17.810,2.065,10756784,4192835
c1908,fixed-256,256,2,1879,1870,6,3,99.5210,99.8403,256,83,87,96,0,170,131,256,117285,14774661,14891946,2.108,15.648,17.757,2.024,10756784,4135162
c1908,fixed-256,256,3,1879,1870,6,3,99.5210,99.8403,256,77,102,111,0,179,136,256,120545,15834015,15954560,2.032,17.357,19.388,2.311,10756784,5197776
c1908,fixed-256,256,4,1879,1870,6,3,99.5210,99.8403,256,78,99,108,0,177,136,256,118205,15918656,16036861,2.055,17.344,19.399,2.051,10756784,5280077
c1908,fixed-256,256,5,1879,1870,6,3,99.5210,99.8403,256,71,110,119,0,181,134,256,113795,16602775,16716570,1.931,17.585,19.516,2.080,10756784,5959786
c1908,fixed-384,384,1,1879,1870,6,3,99.5210,99.8403,384,93,87,96,0,180,133,384,126017,14179365,14305382,2.123,15.079,17.202,2.038,10756784,3548598
c1908,fixed-384,384,2,1879,1870,6,3,99.5210,99.8403,384,100,71,80,0,171,129,384,120830,14245522,14366352,2.081,15.144,17.224,2.108,10756784,3609568
c1908,fixed-384,384,3,1879,1870,6,3,99.5210,99.8403,384,90,85,94,0,175,134,384,124951,14889371,15014322,2.071,15.757,17.828,2.090,10756784,4257538
c1908,fixed-384,384,4,1879,1870,6,3,99.5210,99.8403,384,105,71,80,0,176,129,384,122554,14653673,14776227,2.131,16.180,18.311,1.916,10756784,4019443
c1908,fixed-384,384,5,1879,1870,6,3,99.5210,99.8403,384,89,97,106,0,186,132,384,121103,15860239,15981342,2.078,16.717,18.794,2.082,10756784,5224558
c1908,fixed-512,512,1,1879,1870,6,3,99.5210,99.8403,512,107,74,83,0,181,131,512,129064,13556541,13685605,2.158,14.132,16.290,1.939,10756784,2928821
c1908,fixed-512,512,2,1879,1870,6,3,99.5210,99.8403,512,112,58,67,0,170,127,512,123712,13767248,13890960,2.118,14.841,16.959,2.090,10756784,3134176
c1908,fixed-512,512,3,1879,1870,6,3,99.5210,99.8403,512,108,71,80,0,179,135,512,128566,14278712,14407278,2.120,15.301,17.421,2.080,10756784,3650494
c1908,fixed-512,512,4,1879,1870,6,3,99.5210,99.8403,512,115,62,71,0,177,124,512,125418,14314826,14440244,2.070,15.338,17.409,2.120,10756784,3683460
c1908,fixed-512,512,5,1879,1870,6,3,99.5210,99.8403,512,110,76,85,0,186,132,512,125202,14853763,14978965,2.154,15.925,18.079,2.004,10756784,4222181
c1908,fixed-768,768,1,1879,1870,6,3,99.5210,99.8403,768,129,50,59,0,179,126,768,134369,12418689,12553058,2.200,13.501,15.701,2.288,10756784,1796274
c1908,fixed-768,768,2,1879,1870,6,3,99.5210,99.8403,768,126,44,53,0,170,125,768,128210,13275733,13403943,2.210,14.206,16.416,2.054,10756784,2647159
c1908,fixed-768,768,3,1879,1870,6,3,99.5210,99.8403,768,129,52,61,0,181,131,768,134374,13592627,13727001,2.030,13.577,15.607,2.047,10756784,2970217
c1908,fixed-768,768,4,1879,1870,6,3,99.5210,99.8403,768,129,49,58,0,178,122,768,130260,13767891,13898151,2.050,14.785,16.835,2.604,10756784,3141367
c1908,fixed-768,768,5,1879,1870,6,3,99.5210,99.8403,768,133,58,67,0,191,126,768,130871,13619402,13750273,2.563,14.954,17.517,2.076,10756784,2993489
c1908,fixed-1024,1024,1,1879,1870,6,3,99.5210,99.8403,1024,144,36,45,0,180,128,1024,139102,11929810,12068912,2.216,12.638,14.854,2.426,10756784,1312128
c1908,fixed-1024,1024,2,1879,1870,6,3,99.5210,99.8403,1024,139,31,40,0,170,125,1024,132553,12862842,12995395,2.249,13.988,16.238,2.307,10756784,2238611
c1908,fixed-1024,1024,3,1879,1870,6,3,99.5210,99.8403,1024,139,41,50,0,180,128,1024,139134,12095316,12234450,2.237,12.268,14.505,2.513,10756784,1477666
c1908,fixed-1024,1024,4,1879,1870,6,3,99.5210,99.8403,1024,138,43,52,0,181,125,1024,134623,13562736,13697359,2.182,14.943,17.126,2.506,10756784,2940575
c1908,fixed-1024,1024,5,1879,1870,6,3,99.5210,99.8403,1024,153,40,49,0,193,126,1024,135883,12932504,13068387,2.250,14.171,16.421,2.523,10756784,2311603
c1908,fixed-1536,1536,1,1879,1870,6,3,99.5210,99.8403,1536,163,18,27,0,181,129,1536,147144,11294787,11441931,2.309,12.384,14.693,2.613,10756784,685147
c1908,fixed-1536,1536,2,1879,1870,6,3,99.5210,99.8403,1536,148,21,30,0,169,124,1536,140609,12586585,12727194,2.267,13.867,16.134,2.574,10756784,1970410
c1908,fixed-1536,1536,3,1879,1870,6,3,99.5210,99.8403,1536,158,22,31,0,180,128,1536,147465,11424169,11571634,2.264,12.434,14.698,2.720,10756784,814850
c1908,fixed-1536,1536,4,1879,1870,6,3,99.5210,99.8403,1536,159,25,34,0,184,122,1536,142797,12651587,12794384,2.301,14.558,16.858,2.985,10756784,2037600
c1908,fixed-1536,1536,5,1879,1870,6,3,99.5210,99.8403,1536,172,26,35,0,198,129,1536,144527,11875431,12019958,2.820,14.545,17.366,2.928,10756784,1263174
c1908,fixed-2048,2048,1,1879,1870,6,3,99.5210,99.8403,2048,167,14,23,0,181,129,2048,154767,11177462,11332229,2.640,14.025,16.665,3.069,10756784,575445
c1908,fixed-2048,2048,2,1879,1870,6,3,99.5210,99.8403,2048,156,13,22,0,169,122,2048,148342,11772141,11920483,2.614,14.606,17.220,2.959,10756784,1163699
c1908,fixed-2048,2048,3,1879,1870,6,3,99.5210,99.8403,2048,165,15,24,0,180,126,2048,155325,11191667,11346992,2.597,13.952,16.548,3.009,10756784,590208
c1908,fixed-2048,2048,4,1879,1870,6,3,99.5210,99.8403,2048,168,16,25,0,184,118,2048,150574,11845713,11996287,2.606,14.479,17.085,2.788,10756784,1239503
c1908,fixed-2048,2048,5,1879,1870,6,3,99.5210,99.8403,2048,184,15,24,0,199,128,2048,152340,11544257,11696597,2.769,14.311,17.080,3.385,10756784,939813
c1908,fixed-3072,3072,1,1879,1870,6,3,99.5210,99.8403,3072,175,7,16,0,182,129,3072,169783,10980753,11150536,2.893,13.939,16.832,3.390,10756784,393752
c1908,fixed-3072,3072,2,1879,1870,6,3,99.5210,99.8403,3072,163,6,15,0,169,121,3072,163324,11554942,11718266,2.806,14.664,17.470,3.003,10756784,961482
c1908,fixed-3072,3072,3,1879,1870,6,3,99.5210,99.8403,3072,171,9,18,0,180,125,3072,170259,11013119,11183378,2.668,13.356,16.023,3.027,10756784,426594
c1908,fixed-3072,3072,4,1879,1870,6,3,99.5210,99.8403,3072,178,6,15,0,184,116,3072,165843,10939830,11105673,2.619,13.314,15.933,3.020,10756784,348889
c1908,fixed-3072,3072,5,1879,1870,6,3,99.5210,99.8403,3072,191,8,17,0,199,126,3072,167396,11325699,11493095,3.025,14.380,17.404,3.582,10756784,736311
c1908,fixed-4096,4096,1,1879,1870,6,3,99.5210,99.8403,4096,176,6,15,0,182,129,4096,184722,10953493,11138215,2.933,14.101,17.034,3.152,10756784,381431
c1908,fixed-4096,4096,2,1879,1870,6,3,99.5210,99.8403,4096,164,5,14,0,169,121,4096,178160,10925466,11103626,2.761,13.498,16.259,3.075,10756784,346842
c1908,fixed-4096,4096,3,1879,1870,6,3,99.5210,99.8403,4096,177,3,12,0,180,124,4096,184989,10840294,11025283,2.825,13.281,16.106,3.176,10756784,268499
c1908,fixed-4096,4096,4,1879,1870,6,3,99.5210,99.8403,4096,181,3,12,0,184,116,4096,180623,10854993,11035616,2.752,13.102,15.854,3.079,10756784,278832
c1908,fixed-4096,4096,5,1879,1870,6,3,99.5210,99.8403,4096,196,3,12,0,199,126,4096,182291,10848751,11031042,2.763,13.253,16.016,3.122,10756784,274258
c1908,fixed-6144,6144,1,1879,1870,6,3,99.5210,99.8403,6144,179,3,12,0,182,129,6144,214355,10855912,11070267,2.850,13.112,15.962,3.079,10756784,313483
c1908,fixed-6144,6144,2,1879,1870,6,3,99.5210,99.8403,6144,168,1,10,0,169,121,6144,207505,10787448,10994953,2.803,13.113,15.916,3.081,10756784,238169
c1908,fixed-6144,6144,3,1879,1870,6,3,99.5210,99.8403,6144,179,1,10,0,180,124,6144,214305,10783660,10997965,2.897,13.047,15.943,3.166,10756784,241181
c1908,fixed-6144,6144,4,1879,1870,6,3,99.5210,99.8403,6144,184,0,9,0,184,117,6144,209991,10756784,10966775,2.816,13.101,15.917,3.142,10756784,209991
c1908,fixed-6144,6144,5,1879,1870,6,3,99.5210,99.8403,6144,198,1,10,0,199,125,6144,211603,10787448,10999051,2.881,13.467,16.347,3.149,10756784,242267
c1908,fixed-8192,8192,1,1879,1870,6,3,99.5210,99.8403,8192,182,0,9,0,182,129,8192,243717,10756784,11000501,3.069,13.088,16.157,3.077,10756784,243717
c1908,fixed-8192,8192,2,1879,1870,6,3,99.5210,99.8403,8192,168,1,10,0,169,121,8192,236768,10787448,11024216,2.919,13.318,16.238,3.127,10756784,267432
c1908,fixed-8192,8192,3,1879,1870,6,3,99.5210,99.8403,8192,180,0,9,0,180,124,8192,243521,10756784,11000305,3.077,13.245,16.322,3.235,10756784,243521
c1908,fixed-8192,8192,4,1879,1870,6,3,99.5210,99.8403,8192,184,0,9,0,184,117,8192,239237,10756784,10996021,2.985,13.053,16.038,3.098,10756784,239237
c1908,fixed-8192,8192,5,1879,1870,6,3,99.5210,99.8403,8192,198,1,10,0,199,125,8192,240869,10787448,11028317,3.155,13.265,16.420,3.131,10756784,271533
c1908,fixed-12288,12288,1,1879,1870,6,3,99.5210,99.8403,12288,182,0,9,0,182,129,12288,302086,10756784,11058870,3.227,13.309,16.537,3.277,10756784,302086
c1908,fixed-12288,12288,2,1879,1870,6,3,99.5210,99.8403,12288,169,0,9,0,169,121,12288,295262,10756784,11052046,3.231,13.451,16.681,3.135,10756784,295262
c1908,fixed-12288,12288,3,1879,1870,6,3,99.5210,99.8403,12288,180,0,9,0,180,124,12288,301932,10756784,11058716,3.312,13.087,16.399,3.254,10756784,301932
c1908,fixed-12288,12288,4,1879,1870,6,3,99.5210,99.8403,12288,184,0,9,0,184,117,12288,297666,10756784,11054450,3.218,13.182,16.400,3.232,10756784,297666
c1908,fixed-12288,12288,5,1879,1870,6,3,99.5210,99.8403,12288,198,1,10,0,199,125,12288,299368,10787448,11086816,3.247,13.936,17.183,3.159,10756784,330032
c1908,fixed-16384,16384,1,1879,1870,6,3,99.5210,99.8403,16384,182,0,9,0,182,129,16384,360512,10756784,11117296,3.465,13.648,17.114,3.353,10756784,360512
c1908,fixed-16384,16384,2,1879,1870,6,3,99.5210,99.8403,16384,169,0,9,0,169,121,16384,353679,10756784,11110463,3.454,13.674,17.128,3.149,10756784,353679
c1908,fixed-16384,16384,3,1879,1870,6,3,99.5210,99.8403,16384,180,0,9,0,180,124,16384,360382,10756784,11117166,3.657,13.247,16.904,3.199,10756784,360382
c1908,fixed-16384,16384,4,1879,1870,6,3,99.5210,99.8403,16384,184,0,9,0,184,117,16384,356104,10756784,11112888,3.601,13.577,17.178,3.121,10756784,356104
c1908,fixed-16384,16384,5,1879,1870,6,3,99.5210,99.8403,16384,198,1,10,0,199,125,16384,357915,10787448,11145363,3.561,13.687,17.248,3.124,10756784,388579
c1908,fixed-24576,24576,1,1879,1870,6,3,99.5210,99.8403,24576,182,0,9,0,182,129,24576,477397,10756784,11234181,3.908,13.850,17.758,3.182,10756784,477397
c1908,fixed-24576,24576,2,1879,1870,6,3,99.5210,99.8403,24576,169,0,9,0,169,121,24576,470525,10756784,11227309,3.946,13.536,17.482,3.143,10756784,470525
c1908,fixed-24576,24576,3,1879,1870,6,3,99.5210,99.8403,24576,180,0,9,0,180,124,24576,477237,10756784,11234021,3.866,13.264,17.130,3.241,10756784,477237
c1908,fixed-24576,24576,4,1879,1870,6,3,99.5210,99.8403,24576,184,0,9,0,184,117,24576,473013,10756784,11229797,3.832,13.383,17.215,3.089,10756784,473013
c1908,fixed-24576,24576,5,1879,1870,6,3,99.5210,99.8403,24576,199,0,9,0,199,125,24576,474897,10756784,11231681,4.971,13.782,18.753,3.143,10756784,474897
c1908,fixed-32768,32768,1,1879,1870,6,3,99.5210,99.8403,32768,182,0,9,0,182,129,32768,594234,10756784,11351018,4.326,13.908,18.234,3.232,10756784,594234
c1908,fixed-32768,32768,2,1879,1870,6,3,99.5210,99.8403,32768,169,0,9,0,169,121,32768,587371,10756784,11344155,4.582,13.341,17.923,3.153,10756784,587371
c1908,fixed-32768,32768,3,1879,1870,6,3,99.5210,99.8403,32768,180,0,9,0,180,124,32768,594137,10756784,11350921,4.747,13.467,18.214,3.198,10756784,594137
c1908,fixed-32768,32768,4,1879,1870,6,3,99.5210,99.8403,32768,184,0,9,0,184,117,32768,589868,10756784,11346652,4.321,17.214,21.535,4.071,10756784,589868
c1908,fixed-32768,32768,5,1879,1870,6,3,99.5210,99.8403,32768,199,0,9,0,199,125,32768,591788,10756784,11348572,5.945,18.035,23.981,4.115,10756784,591788
c1908,plateau,2560,1,1879,1870,6,3,99.5210,99.8403,2560,172,9,18,0,181,129,2560,162294,11035209,11197503,3.569,13.733,17.302,3.108,10756784,440719
c1908,plateau,2880,2,1879,1870,6,3,99.5210,99.8403,2880,163,6,15,0,169,121,2880,160533,11554941,11715474,2.700,15.510,18.210,3.112,10756784,958690
c1908,plateau,3008,3,1879,1870,6,3,99.5210,99.8403,3008,171,9,18,0,180,125,3008,169341,11013119,11182460,2.770,13.671,16.441,3.136,10756784,425676
c1908,plateau,3648,4,1879,1870,6,3,99.5210,99.8403,3648,180,4,13,0,184,116,3648,174162,10882163,11056325,2.716,13.368,16.084,3.062,10756784,299541
c1908,plateau,3264,5,1879,1870,6,3,99.5210,99.8403,3264,191,8,17,0,199,126,3264,170198,11325699,11495897,2.819,14.072,16.891,3.155,10756784,739113
c1908,stage1,2560,1,1879,1870,6,3,99.5210,99.8403,2560,172,9,18,0,181,129,2560,162294,11035209,11197503,3.054,14.146,17.200,3.065,10756784,440719
c1908,stage1,2944,2,1879,1870,6,3,99.5210,99.8403,2944,163,6,15,0,169,121,2944,161462,11554941,11716403,2.714,14.217,16.931,3.040,10756784,959619
c1908,stage1,3072,3,1879,1870,6,3,99.5210,99.8403,3072,171,9,18,0,180,125,3072,170259,11013119,11183378,2.720,13.382,16.102,3.044,10756784,426594
c1908,stage1,3648,4,1879,1870,6,3,99.5210,99.8403,3648,180,4,13,0,184,116,3648,174162,10882163,11056325,2.735,13.154,15.889,3.002,10756784,299541
c1908,stage1,3968,5,1879,1870,6,3,99.5210,99.8403,3968,195,4,13,0,199,126,3968,180431,11195963,11376394,2.816,13.782,16.598,3.183,10756784,619610
c1908,adaptive,2624,1,1879,1870,6,3,99.5210,99.8403,2624,172,9,18,16,181,129,2624,163190,11040394,11203584,2.673,13.651,16.324,3.065,10756784,446800
c1908,adaptive,2944,2,1879,1870,6,3,99.5210,99.8403,2944,163,6,15,15,169,121,2944,161462,11554930,11716392,3.003,14.544,17.547,2.820,10756784,959608
c1908,adaptive,3136,3,1879,1870,6,3,99.5210,99.8403,3136,171,9,18,16,180,126,3136,171147,11012410,11183557,2.532,12.242,14.773,2.842,10756784,426773
c1908,adaptive,3648,4,1879,1870,6,3,99.5210,99.8403,3648,180,4,13,13,184,116,3648,174162,10878635,11052797,2.626,12.167,14.793,2.677,10756784,296013
c1908,adaptive,3968,5,1879,1870,6,3,99.5210,99.8403,3968,195,4,13,13,199,126,3968,180431,10876503,11056934,2.507,11.934,14.440,2.801,10756784,300150
c2670,podem,0,1,2747,2630,64,53,95.7408,98.0706,0,0,138,255,0,138,116,0,0,234466719,234466719,0.000,212.444,212.444,2.082,223361856,11104863
c2670,podem,0,2,2747,2630,64,53,95.7408,98.0706,0,0,146,263,0,146,117,0,0,236150438,236150438,0.000,217.303,217.303,2.536,223361856,12788582
c2670,podem,0,3,2747,2630,64,53,95.7408,98.0706,0,0,143,260,0,143,111,0,0,235478526,235478526,0.000,240.167,240.167,2.346,223361856,12116670
c2670,podem,0,4,2747,2630,64,53,95.7408,98.0706,0,0,134,251,0,134,109,0,0,234375414,234375414,0.000,258.547,258.547,2.333,223361856,11013558
c2670,podem,0,5,2747,2630,64,53,95.7408,98.0706,0,0,133,250,0,133,115,0,0,235220593,235220593,0.000,240.912,240.912,2.237,223361856,11858737
c2670,fixed-64,64,1,2747,2630,64,53,95.7408,98.0706,64,54,111,228,0,165,112,64,78538,231323550,231402088,1.905,232.160,234.065,2.339,223361856,8040232
c2670,fixed-64,64,2,2747,2630,64,53,95.7408,98.0706,64,49,113,230,0,162,116,64,80485,232944674,233025159,1.884,230.009,231.893,2.356,223361856,9663303
c2670,fixed-64,64,3,2747,2630,64,53,95.7408,98.0706,64,58,108,225,0,166,115,64,82810,232838729,232921539,2.001,230.264,232.265,2.353,223361856,9559683
c2670,fixed-64,64,4,2747,2630,64,53,95.7408,98.0706,64,53,121,238,0,174,118,64,83013,236069646,236152659,1.993,234.268,236.261,2.329,223361856,12790803
c2670,fixed-64,64,5,2747,2630,64,53,95.7408,98.0706,64,61,108,225,0,169,112,64,83535,233095915,233179450,2.038,229.386,231.424,2.448,223361856,9817594
c2670,fixed-96,96,1,2747,2630,64,53,95.7408,98.0706,128,77,102,219,0,179,119,128,86221,232367500,232453721,2.108,237.744,239.852,2.353,223361856,9091865
c2670,fixed-96,96,2,2747,2630,64,53,95.7408,98.0706,128,68,109,226,0,177,106,128,89227,232088065,232177292,2.090,234.957,237.047,2.452,223361856,8815436
c2670,fixed-96,96,3,2747,2630,64,53,95.7408,98.0706,128,76,90,207,0,166,113,128,89601,230519987,230609588,2.329,224.637,226.966,2.218,223361856,7247732
c2670,fixed-96,96,4,2747,2630,64,53,95.7408,98.0706,128,80,97,214,0,177,110,128,91146,230180166,230271312,2.089,223.490,225.579,2.305,223361856,6909456
c2670,fixed-96,96,5,2747,2630,64,53,95.7408,98.0706,128,81,97,214,0,178,118,128,90551,230154948,230245499,2.035,213.468,215.503,2.333,223361856,6883643
c2670,fixed-128,128,1,2747,2630,64,53,95.7408,98.0706,128,77,102,219,0,179,119,128,86221,232367500,232453721,2.105,233.327,235.432,2.425,223361856,9091865
c2670,fixed-128,128,2,2747,2630,64,53,95.7408,98.0706,128,68,109,226,0,177,106,128,89227,232088065,232177292,2.221,230.422,232.643,2.390,223361856,8815436
c2670,fixed-128,128,3,2747,2630,64,53,95.7408,98.0706,128,76,90,207,0,166,113,128,89601,230519987,230609588,2.125,224.306,226.431,2.184,223361856,7247732
c2670,fixed-128,128,4,2747,2630,64,53,95.7408,98.0706,128,80,97,214,0,177,110,128,91146,230180166,230271312,2.104,230.622,232.726,2.311,223361856,6909456
c2670,fixed-128,128,5,2747,2630,64,53,95.7408,98.0706,128,81,97,214,0,178,118,128,90551,230154948,230245499,2.146,221.053,223.199,2.415,223361856,6883643
c2670,fixed-192,192,1,2747,2630,64,53,95.7408,98.0706,192,83,98,215,0,181,110,192,91627,230552633,230644260,2.204,230.466,232.669,2.517,223361856,7282404
c2670,fixed-192,192,2,2747,2630,64,53,95.7408,98.0706,192,83,97,214,0,180,114,192,95142,231252297,231347439,2.248,233.174,235.423,2.332,223361856,7985583
c2670,fixed-192,192,3,2747,2630,64,53,95.7408,98.0706,192,83,84,201,0,167,110,192,94885,229981336,230076221,2.292,221.779,224.071,2.221,223361856,6714365
c2670,fixed-192,192,4,2747,2630,64,53,95.7408,98.0706,192,93,92,209,0,185,117,192,97145,230092715,230189860,2.265,224.485,226.751,2.366,223361856,6828004
c2670,fixed-192,192,5,2747,2630,64,53,95.7408,98.0706,192,90,89,206,0,179,112,192,95921,229248789,229344710,2.295,224.289,226.583,2.496,223361856,5982854
c2670,fixed-256,256,1,2747,2630,64,53,95.7408,98.0706,256,89,89,206,0,178,111,256,97094,230413815,230510909,2.319,265.381,267.700,2.203,223361856,7149053
c2670,fixed-256,256,2,2747,2630,64,53,95.7408,98.0706,256,88,93,210,0,181,111,256,100803,231321458,231422261,2.245,217.186,219.430,2.410,223361856,8060405
c2670,fixed-256,256,3,2747,2630,64,53,95.7408,98.0706,256,87,82,199,0,169,110,256,99908,229150382,229250290,2.451,244.518,246.969,2.335,223361856,5888434
c2670,fixed-256,256,4,2747,2630,64,53,95.7408,98.0706,256,97,86,203,0,183,121,256,101705,228896752,228998457,2.307,230.844,233.152,2.259,223361856,5636601
c2670,fixed-256,256,5,2747,2630,64,53,95.7408,98.0706,256,94,91,208,0,185,111,256,100712,229440676,229541388,2.547,219.325,221.872,2.169,223361856,6179532
c2670,fixed-384,384,1,2747,2630,64,53,95.7408,98.0706,384,96,84,201,0,180,113,384,106927,229153098,229260025,2.553,214.549,217.102,2.764,223361856,5898169
c2670,fixed-384,384,2,2747,2630,64,53,95.7408,98.0706,384,94,90,207,0,184,110,384,110660,230265726,230376386,3.448,211.029,214.478,2.167,223361856,7014530
c2670,fixed-384,384,3,2747,2630,64,53,95.7408,98.0706,384,93,87,204,0,180,119,384,109495,228499658,228609153,2.331,203.005,205.336,2.126,223361856,5247297
c2670,fixed-384,384,4,2747,2630,64,53,95.7408,98.0706,384,101,83,200,0,184,112,384,110864,228146416,228257280,2.296,220.040,222.336,2.105,223361856,4895424
c2670,fixed-384,384,5,2747,2630,64,53,95.7408,98.0706,384,97,87,204,0,184,112,384,110051,228539219,228649270,2.329,216.639,218.968,2.169,223361856,5287414
c2670,fixed-512,512,1,2747,2630,64,53,95.7408,98.0706,512,101,82,199,0,183,118,512,116038,228832698,228948736,2.596,214.356,216.951,2.203,223361856,5586880
c2670,fixed-512,512,2,2747,2630,64,53,95.7408,98.0706,512,100,87,204,0,187,118,512,120176,228471946,228592122,2.711,209.212,211.923,2.248,223361856,5230266
c2670,fixed-512,512,3,2747,2630,64,53,95.7408,98.0706,512,96,78,195,0,174,115,512,118601,227673451,227792052,2.538,204.049,206.586,2.075,223361856,4430196
c2670,fixed-512,512,4,2747,2630,64,53,95.7408,98.0706,512,103,83,200,0,186,118,512,119726,227797475,227917201,2.459,212.890,215.349,2.069,223361856,4555345
c2670,fixed-512,512,5,2747,2630,64,53,95.7408,98.0706,512,101,80,197,0,181,112,512,119471,227329646,227449117,2.511,216.658,219.169,2.174,223361856,4087261
c2670,fixed-768,768,1,2747,2630,64,53,95.7408,98.0706,768,105,76,193,0,181,118,768,133723,228274385,228408108,2.777,210.515,213.292,2.285,223361856,5046252
c2670,fixed-768,768,2,2747,2630,64,53,95.7408,98.0706,768,106,83,200,0,189,114,768,138556,227817300,227955856,2.987,223.745,226.732,2.267,223361856,4594000
c2670,fixed-768,768,3,2747,2630,64,53,95.7408,98.0706,768,100,79,196,0,179,109,768,136490,227255974,227392464,2.988,211.988,214.976,2.298,223361856,4030608
c2670,fixed-768,768,4,2747,2630,64,53,95.7408,98.0706,768,107,81,198,0,188,120,768,137568,227383756,227521324,2.911,226.507,229.418,2.496,223361856,4159468
c2670,fixed-768,768,5,2747,2630,64,53,95.7408,98.0706,768,104,79,196,0,183,107,768,137475,228006562,228144037,3.692,235.848,239.541,2.377,223361856,4782181
c2670,fixed-1024,1024,1,2747,2630,64,53,95.7408,98.0706,1024,105,75,192,0,180,114,1024,151051,228222765,228373816,3.554,238.258,241.812,2.446,223361856,5011960
c2670,fixed-1024,1024,2,2747,2630,64,53,95.7408,98.0706,1024,106,78,195,0,184,117,1024,156335,227554634,227710969,4.120,229.312,233.432,2.324,223361856,4349113
c2670,fixed-1024,1024,3,2747,2630,64,53,95.7408,98.0706,1024,103,77,194,0,180,116,1024,154323,227121789,227276112,3.445,223.985,227.430,2.284,223361856,3914256
c2670,fixed-1024,1024,4,2747,2630,64,53,95.7408,98.0706,1024,109,80,197,0,189,118,1024,155286,227270277,227425563,3.404,224.606,228.010,2.270,223361856,4063707
c2670,fixed-1024,1024,5,2747,2630,64,53,95.7408,98.0706,1024,107,76,193,0,183,112,1024,155303,227233353,227388656,3.484,233.374,236.859,2.368,223361856,4026800
c2670,fixed-1536,1536,1,2747,2630,64,53,95.7408,98.0706,1536,107,75,192,0,182,119,1536,186027,226869441,227055468,4.034,225.796,229.830,2.292,223361856,3693612
c2670,fixed-1536,1536,2,2747,2630,64,53,95.7408,98.0706,1536,111,76,193,0,187,116,1536,191656,226912605,227104261,4.149,224.787,228.936,2.711,223361856,3742405
c2670,fixed-1536,1536,3,2747,2630,64,53,95.7408,98.0706,1536,104,76,193,0,180,123,1536,189133,227072200,227261333,4.132,226.277,230.408,2.349,223361856,3899477
c2670,fixed-1536,1536,4,2747,2630,64,53,95.7408,98.0706,1536,112,75,192,0,187,123,1536,190432,226883747,227074179,4.187,228.809,232.996,2.503,223361856,3712323
c2670,fixed-1536,1536,5,2747,2630,64,53,95.7408,98.0706,1536,108,76,193,0,184,116,1536,190428,227069983,227260411,4.135,226.013,230.148,2.319,223361856,3898555
c2670,fixed-2048,2048,1,2747,2630,64,53,95.7408,98.0706,2048,108,79,196,0,187,121,2048,220612,227054045,227274657,4.686,237.076,241.762,2.387,223361856,3912801
c2670,fixed-2048,2048,2,2747,2630,64,53,95.7408,98.0706,2048,111,73,190,0,184,112,2048,226596,226780254,227006850,4.779,238.189,242.968,2.378,223361856,3644994
c2670,fixed-2048,2048,3,2747,2630,64,53,95.7408,98.0706,2048,105,74,191,0,179,117,2048,224070,226821830,227045900,4.869,228.006,232.875,2.257,223361856,3684044
c2670,fixed-2048,2048,4,2747,2630,64,53,95.7408,98.0706,2048,112,80,197,0,192,119,2048,225340,227110996,227336336,4.649,219.076,223.725,2.373,223361856,3974480
c2670,fixed-2048,2048,5,2747,2630,64,53,95.7408,98.0706,2048,108,77,194,0,185,116,2048,225307,227115219,227340526,4.713,206.766,211.479,2.048,223361856,3978670
c2670,fixed-3072,3072,1,2747,2630,64,53,95.7408,98.0706,3072,109,73,190,0,182,118,3072,290372,226783034,227073406,5.170,205.017,210.188,2.104,223361856,3711550
c2670,fixed-3072,3072,2,2747,2630,64,53,95.7408,98.0706,3072,112,73,190,0,185,117,3072,296453,226776098,227072551,5.551,223.857,229.408,2.296,223361856,3710695
c2670,fixed-3072,3072,3,2747,2630,64,53,95.7408,98.0706,3072,105,75,192,0,180,114,3072,293478,226866929,227160407,5.925,222.821,228.746,2.310,223361856,3798551
c2670,fixed-3072,3072,4,2747,2630,64,53,95.7408,98.0706,3072,115,76,193,0,191,119,3072,295274,226907926,227203200,5.900,217.417,223.316,2.152,223361856,3841344
c2670,fixed-3072,3072,5,2747,2630,64,53,95.7408,98.0706,3072,110,74,191,0,184,119,3072,294307,226817694,227112001,5.664,213.336,219.000,2.359,223361856,3750145
c2670,fixed-4096,4096,1,2747,2630,64,53,95.7408,98.0706,4096,110,75,192,0,185,119,4096,360170,226871184,227231354,7.071,220.188,227.259,2.318,223361856,3869498
c2670,fixed-4096,4096,2,2747,2630,64,53,95.7408,98.0706,4096,114,72,189,0,186,114,4096,366042,226727078,227093120,7.546,228.603,236.149,2.435,223361856,3731264
c2670,fixed-4096,4096,3,2747,2630,64,53,95.7408,98.0706,4096,106,76,193,0,182,122,4096,362916,226911961,227274877,7.459,225.191,232.650,2.327,223361856,3913021
c2670,fixed-4096,4096,4,2747,2630,64,53,95.7408,98.0706,4096,116,74,191,0,190,119,4096,364705,226825677,227190382,7.111,219.038,226.149,2.177,223361856,3828526
c2670,fixed-4096,4096,5,2747,2630,64,53,95.7408,98.0706,4096,110,75,192,0,185,122,4096,362903,226870581,227233484,6.489,211.463,217.953,2.185,223361856,3871628
c2670,fixed-6144,6144,1,2747,2630,64,53,95.7408,98.0706,6144,111,72,189,0,183,117,6144,497844,226710451,227208295,9.225,212.984,222.209,2.174,223361856,3846439
c2670,fixed-6144,6144,2,2747,2630,64,53,95.7408,98.0706,6144,116,76,193,0,192,119,6144,501989,226883763,227385752,9.121,212.927,222.048,2.175,223361856,4023896
c2670,fixed-6144,6144,3,2747,2630,64,53,95.7408,98.0706,6144,107,75,192,0,182,118,6144,502408,226862772,227365180,8.737,211.877,220.614,2.184,223361856,4003324
c2670,fixed-6144,6144,4,2747,2630,64,53,95.7408,98.0706,6144,117,76,193,0,193,122,6144,503889,226908701,227412590,8.987,204.636,213.623,2.265,223361856,4050734
c2670,fixed-6144,6144,5,2747,2630,64,53,95.7408,98.0706,6144,112,74,191,0,186,123,6144,500081,226820901,227320982,8.972,216.024,224.996,2.162,223361856,3959126
c2670,fixed-8192,8192,1,2747,2630,64,53,95.7408,98.0706,8192,111,73,190,0,184,118,8192,634554,226752580,227387134,11.253,208.074,219.328,2.209,223361856,4025278
c2670,fixed-8192,8192,2,2747,2630,64,53,95.7408,98.0706,8192,116,73,190,0,189,120,8192,637418,226748523,227385941,11.357,211.768,223.124,2.246,223361856,4024085
c2670,fixed-8192,8192,3,2747,2630,64,53,95.7408,98.0706,8192,107,77,194,0,184,122,8192,641291,226957451,227598742,11.680,215.505,227.185,2.311,223361856,4236886
c2670,fixed-8192,8192,4,2747,2630,64,53,95.7408,98.0706,8192,118,73,190,0,191,118,8192,642169,226782412,227424581,12.096,211.205,223.301,2.111,223361856,4062725
c2670,fixed-8192,8192,5,2747,2630,64,53,95.7408,98.0706,8192,113,73,190,0,186,116,8192,635248,226781718,227416966,11.460,209.400,220.860,2.117,223361856,4055110
c2670,fixed-12288,12288,1,2747,2630,64,53,95.7408,98.0706,12288,112,73,190,0,185,119,12288,908000,226756327,227664327,15.690,211.667,227.357,2.218,223361856,4302471
c2670,fixed-12288,12288,2,2747,2630,64,53,95.7408,98.0706,12288,117,75,192,0,192,123,12288,910015,226839393,227749408,16.099,208.312,224.411,2.215,223361856,4387552
c2670,fixed-12288,12288,3,2747,2630,64,53,95.7408,98.0706,12288,109,75,192,0,184,120,12288,917497,226867610,227785107,15.969,206.078,222.047,2.171,223361856,4423251
c2670,fixed-12288,12288,4,2747,2630,64,53,95.7408,98.0706,12288,119,74,191,0,193,119,12288,918325,226831596,227749921,15.785,208.458,224.243,2.315,223361856,4388065
c2670,fixed-12288,12288,5,2747,2630,64,53,95.7408,98.0706,12288,115,74,191,0,189,117,12288,903087,226832920,227736007,15.926,212.013,227.939,2.139,223361856,4374151
c2670,fixed-16384,16384,1,2747,2630,64,53,95.7408,98.0706,16384,113,73,190,0,186,119,16384,1180108,226757228,227937336,20.051,225.268,245.319,2.345,223361856,4575480
c2670,fixed-16384,16384,2,2747,2630,64,53,95.7408,98.0706,16384,117,73,190,0,190,120,16384,1181621,226744092,227925713,20.936,212.084,233.021,2.445,223361856,4563857
c2670,fixed-16384,16384,3,2747,2630,64,53,95.7408,98.0706,16384,109,74,191,0,183,123,16384,1192579,226830522,228023101,21.631,227.829,249.460,2.266,223361856,4661245
c2670,fixed-16384,16384,4,2747,2630,64,53,95.7408,98.0706,16384,120,74,191,0,194,116,16384,1193434,226829337,228022771,20.458,223.980,244.438,2.216,223361856,4660915
c2670,fixed-16384,16384,5,2747,2630,64,53,95.7408,98.0706,16384,115,73,190,0,188,113,16384,1171117,226787252,227958369,19.946,217.234,237.180,2.313,223361856,4596513
c2670,fixed-24576,24576,1,2747,2630,64,53,95.7408,98.0706,24576,114,75,192,0,189,118,24576,1718924,226848298,228567222,31.252,227.151,258.403,2.308,223361856,5205366
c2670,fixed-24576,24576,2,2747,2630,64,53,95.7408,98.0706,24576,118,77,194,0,195,121,24576,1719395,226924855,228644250,31.403,241.186,272.589,2.943,223361856,5282394
c2670,fixed-24576,24576,3,2747,2630,64,53,95.7408,98.0706,24576,111,72,189,0,183,120,24576,1737126,226747438,228484564,36.956,245.336,282.292,2.363,223361856,5122708
c2670,fixed-24576,24576,4,2747,2630,64,53,95.7408,98.0706,24576,120,74,191,0,194,119,24576,1741770,226832840,228574610,33.034,232.107,265.141,2.403,223361856,5212754
c2670,fixed-24576,24576,5,2747,2630,64,53,95.7408,98.0706,24576,116,72,189,0,188,119,24576,1704443,226743582,228448025,31.816,241.706,273.522,2.381,223361856,5086169
c2670,fixed-32768,32768,1,2747,2630,64,53,95.7408,98.0706,32768,115,74,191,0,189,124,32768,2255637,226769195,229024832,41.171,227.544,268.715,2.340,223361856,5662976
c2670,fixed-32768,32768,2,2747,2630,64,53,95.7408,98.0706,32768,119,67,184,0,186,118,32768,2177123,226499667,228676790,41.367,230.687,272.054,2.562,223361856,5314934
c2670,fixed-32768,32768,3,2747,2630,64,53,95.7408,98.0706,32768,111,70,187,0,181,119,32768,2280165,226660384,228940549,43.086,226.918,270.004,2.319,223361856,5578693
c2670,fixed-32768,32768,4,2747,2630,64,53,95.7408,98.0706,32768,121,73,190,0,194,123,32768,2288806,226783126,229071932,44.009,221.499,265.508,2.147,223361856,5710076
c2670,fixed-32768,32768,5,2747,2630,64,53,95.7408,98.0706,32768,116,70,187,0,186,116,32768,2236743,226657307,228894050,37.703,225.466,263.169,2.328,223361856,5532194
c2670,plateau,1088,1,2747,2630,64,53,95.7408,98.0706,1088,105,77,194,0,182,116,1088,155406,228323979,228479385,3.667,224.227,227.894,2.222,223361856,5117529
c2670,plateau,1536,2,2747,2630,64,53,95.7408,98.0706,1536,111,76,193,0,187,116,1536,191656,226912605,227104261,3.996,251.518,255.514,2.561,223361856,3742405
c2670,plateau,1280,3,2747,2630,64,53,95.7408,98.0706,1280,103,76,193,0,179,118,1280,171760,227072985,227244745,3.799,281.304,285.103,2.375,223361856,3882889
c2670,plateau,1856,4,2747,2630,64,53,95.7408,98.0706,1856,112,73,190,0,185,117,1856,212290,226783586,226995876,4.544,267.379,271.924,2.311,223361856,3634020
c2670,plateau,1600,5,2747,2630,64,53,95.7408,98.0706,1600,108,76,193,0,184,120,1600,194719,227073374,227268093,4.489,237.269,241.758,2.363,223361856,3906237
c2670,stage1,1280,1,2747,2630,64,53,95.7408,98.0706,1280,105,76,193,0,181,118,1280,168488,228272880,228441368,3.804,241.234,245.038,2.371,223361856,5079512
c2670,stage1,1600,2,2747,2630,64,53,95.7408,98.0706,1600,111,73,190,0,184,117,1600,196008,226780461,226976469,4.323,248.364,252.686,2.356,223361856,3614613
c2670,stage1,1280,3,2747,2630,64,53,95.7408,98.0706,1280,103,76,193,0,179,118,1280,171760,227072985,227244745,4.204,225.708,229.912,2.387,223361856,3882889
c2670,stage1,2176,4,2747,2630,64,53,95.7408,98.0706,2176,112,76,193,0,188,115,2176,234158,226925158,227159316,5.199,225.042,230.241,2.307,223361856,3797460
c2670,stage1,1664,5,2747,2630,64,53,95.7408,98.0706,1664,108,76,193,0,184,110,1664,199016,226911570,227110586,4.335,236.248,240.583,2.213,223361856,3748730
c2670,adaptive,2112,1,2747,2630,64,53,95.7408,98.0706,2112,107,76,193,16,183,122,2112,205731,226778060,226983791,4.184,212.324,216.509,2.230,223361856,3621935
c2670,adaptive,2496,2,2747,2630,64,53,95.7408,98.0706,2496,111,79,196,16,190,116,2496,235610,226933929,227169539,4.676,209.461,214.137,2.345,223361856,3807683
c2670,adaptive,1984,3,2747,2630,64,53,95.7408,98.0706,1984,104,77,194,16,181,115,1984,202569,226897560,227100129,4.546,217.810,222.356,2.136,223361856,3738273
c2670,adaptive,2944,4,2747,2630,64,53,95.7408,98.0706,2944,112,80,197,16,192,122,2944,265131,226849023,227114154,5.141,221.403,226.543,2.344,223361856,3752298
c2670,adaptive,3840,5,2747,2630,64,53,95.7408,98.0706,3840,111,73,190,16,184,113,3840,292696,226600813,226893509,6.510,223.993,230.503,2.163,223361856,3531653
c3540,podem,0,1,3428,3285,84,59,95.8285,98.2789,0,0,216,360,0,216,170,0,0,501571627,501571627,0.000,681.252,681.252,9.814,465320160,36251467
c3540,podem,0,2,3428,3286,84,58,95.8576,98.3081,0,0,210,355,0,210,168,0,0,509598835,509598835,0.000,643.604,643.604,8.632,453493312,56105523
c3540,podem,0,3,3428,3283,84,61,95.7701,98.2205,0,0,204,349,0,204,162,0,0,501304369,501304369,0.000,615.603,615.603,8.557,473051872,28252497
c3540,podem,0,4,3428,3284,84,60,95.7993,98.2497,0,0,217,363,0,217,173,0,0,505336669,505336669,0.000,632.289,632.289,8.453,466372240,38964429
c3540,podem,0,5,3428,3284,84,60,95.7993,98.2497,0,0,203,347,0,203,167,0,0,494832083,494832083,0.000,588.482,588.482,7.934,464880320,29951763
c3540,fixed-64,64,1,3428,3284,84,60,95.7993,98.2497,64,58,164,309,0,222,180,64,310865,498637691,498948556,6.135,569.967,576.102,8.471,469646672,29301884
c3540,fixed-64,64,2,3428,3285,84,59,95.8285,98.2789,64,61,164,314,0,225,179,64,311529,532691571,533003100,6.666,688.939,695.606,9.478,463307472,69695628
c3540,fixed-64,64,3,3428,3278,84,66,95.6243,98.0747,64,61,168,318,0,229,175,64,305317,533093484,533398801,7.364,670.576,677.940,8.639,514768016,18630785
c3540,fixed-64,64,4,3428,3283,84,61,95.7701,98.2205,64,60,154,299,0,214,171,64,330170,493964754,494294924,7.692,588.222,595.913,8.329,476896144,17398780
c3540,fixed-64,64,5,3428,3286,84,58,95.8576,98.3081,64,61,150,292,0,211,166,64,312059,475670367,475982426,6.675,602.309,608.984,9.631,457148608,18833818
c3540,fixed-96,96,1,3428,3284,84,60,95.7993,98.2497,128,99,132,279,0,231,178,128,343594,501441039,501784633,8.390,679.601,687.991,9.407,464006304,37778329
c3540,fixed-96,96,2,3428,3283,84,61,95.7701,98.2205,128,99,131,276,0,230,168,128,342994,491241349,491584343,8.360,679.138,687.498,11.908,476628368,14955975
c3540,fixed-96,96,3,3428,3285,84,59,95.8285,98.2789,128,101,137,282,0,238,171,128,338382,491426569,491764951,10.504,639.565,650.069,8.987,458723936,33041015
c3540,fixed-96,96,4,3428,3285,84,59,95.8285,98.2789,128,95,129,272,0,224,172,128,355154,473869601,474224755,8.170,603.444,611.614,9.011,459332528,14892227
c3540,fixed-96,96,5,3428,3283,84,61,95.7701,98.2205,128,101,130,275,0,231,174,128,338489,496023401,496361890,7.606,670.965,678.571,8.995,480795920,15565970
c3540,fixed-128,128,1,3428,3284,84,60,95.7993,98.2497,128,99,132,279,0,231,178,128,343594,501441039,501784633,8.200,640.715,648.915,8.754,464006304,37778329
c3540,fixed-128,128,2,3428,3283,84,61,95.7701,98.2205,128,99,131,276,0,230,168,128,342994,491241349,491584343,7.899,600.879,608.777,9.625,476628368,14955975
c3540,fixed-128,128,3,3428,3285,84,59,95.8285,98.2789,128,101,137,282,0,238,171,128,338382,491426569,491764951,8.116,638.815,646.931,9.574,458723936,33041015
c3540,fixed-128,128,4,3428,3285,84,59,95.8285,98.2789,128,95,129,272,0,224,172,128,355154,473869601,474224755,8.579,672.559,681.139,9.688,459332528,14892227
c3540,fixed-128,128,5,3428,3283,84,61,95.7701,98.2205,128,101,130,275,0,231,174,128,338489,496023401,496361890,8.169,676.761,684.930,9.237,480795920,15565970
c3540,fixed-192,192,1,3428,3284,84,60,95.7993,98.2497,192,122,119,265,0,241,186,192,356859,492444899,492801758,8.662,647.731,656.393,8.790,466712672,26089086
c3540,fixed-192,192,2,3428,3286,84,58,95.8576,98.3081,192,120,116,260,0,236,173,192,364275,480589607,480953882,8.425,612.504,620.929,10.219,456049616,24904266
c3540,fixed-192,192,3,3428,3279,84,65,95.6534,98.1039,192,128,118,267,0,246,181,192,351034,520171305,520522339,9.713,673.072,682.785,8.825,506649344,13872995
c3540,fixed-192,192,4,3428,3287,84,57,95.8868,98.3372,192,121,109,250,0,230,173,192,369155,458477447,458846602,8.466,610.988,619.454,9.604,447503552,11343050
c3540,fixed-192,192,5,3428,3286,84,58,95.8576,98.3081,192,124,110,252,0,234,172,192,357662,467620156,467977818,8.875,588.926,597.801,8.665,457148608,10829210
c3540,fixed-256,256,1,3428,3287,84,57,95.8868,98.3372,256,141,96,238,0,237,182,256,370378,459352720,459723098,8.393,614.011,622.404,10.029,441638208,18084890
c3540,fixed-256,256,2,3428,3284,84,60,95.7993,98.2497,256,141,85,229,0,226,159,256,376960,476896472,477273432,9.726,649.561,659.288,9.968,467626368,9647064
c3540,fixed-256,256,3,3428,3282,84,62,95.7410,98.1914,256,145,114,261,0,259,185,256,364991,501562083,501927074,9.150,702.883,712.033,9.487,482957984,18969090
c3540,fixed-256,256,4,3428,3287,84,57,95.8868,98.3372,256,135,99,240,0,234,167,256,377337,457402491,457779828,9.088,611.319,620.407,8.720,447503552,10276276
c3540,fixed-256,256,5,3428,3286,84,58,95.8576,98.3081,256,139,93,235,0,232,170,256,370447,465070989,465441436,8.626,576.700,585.326,9.492,457148608,8292828
c3540,fixed-384,384,1,3428,3287,84,57,95.8868,98.3372,384,168,78,219,0,246,177,384,382563,448810688,449193251,9.344,568.433,577.777,8.081,441638208,7555043
c3540,fixed-384,384,2,3428,3286,84,58,95.8576,98.3081,384,164,73,216,0,237,170,384,390340,465288615,465678955,8.630,598.144,606.774,8.982,449809760,15869195
c3540,fixed-384,384,3,3428,3288,84,56,95.9160,98.3664,384,172,87,230,0,259,183,384,379863,472593674,472973537,8.939,595.327,604.266,9.548,439637104,33336433
c3540,fixed-384,384,4,3428,3287,84,57,95.8868,98.3372,384,157,80,221,0,237,175,384,389587,455326725,455716312,9.388,629.644,639.032,9.334,447503552,8212760
c3540,fixed-384,384,5,3428,3287,84,57,95.8868,98.3372,384,156,86,227,0,242,176,384,382290,455391552,455773842,9.738,626.216,635.954,9.388,448024800,7749042
c3540,fixed-512,512,1,3428,3287,84,57,95.8868,98.3372,512,183,57,198,0,240,175,512,390554,446582963,446973517,9.689,603.227,612.916,8.819,441638208,5335309
c3540,fixed-512,512,2,3428,3287,84,57,95.8868,98.3372,512,180,59,200,0,239,167,512,399103,447777800,448176903,9.731,613.859,623.590,9.189,441638208,6538695
c3540,fixed-512,512,3,3428,3285,84,59,95.8285,98.2789,512,189,79,222,0,268,181,512,391464,472823974,473215438,9.689,647.400,657.088,9.553,464711568,8503870
c3540,fixed-512,512,4,3428,3290,84,54,95.9743,98.4247,512,178,68,206,0,246,173,512,399659,427852275,428251934,9.906,532.326,542.232,8.327,422298384,5953550
c3540,fixed-512,512,5,3428,3288,84,56,95.9160,98.3664,512,177,64,204,0,241,175,512,392526,444695329,445087855,8.865,565.133,573.998,8.663,439332000,5755855
c3540,fixed-768,768,1,3428,3289,84,55,95.9452,98.3956,768,205,44,183,0,249,181,768,404716,432856244,433260960,9.020,546.644,555.664,8.396,429809232,3451728
c3540,fixed-768,768,2,3428,3289,84,55,95.9452,98.3956,768,199,43,182,0,242,175,768,411767,433094731,433506498,9.135,585.735,594.870,10.495,429809232,3697266
c3540,fixed-768,768,3,3428,3289,84,55,95.9452,98.3956,768,219,56,195,0,275,181,768,407058,436889491,437296549,10.358,597.862,608.220,9.711,431213328,6083221
c3540,fixed-768,768,4,3428,3290,84,54,95.9743,98.4247,768,199,52,190,0,251,169,768,415859,426197305,426613164,10.486,550.523,561.009,8.464,422298384,4314780
c3540,fixed-768,768,5,3428,3290,84,54,95.9743,98.4247,768,196,50,188,0,246,180,768,405484,425895987,426301471,9.115,523.410,532.526,8.708,422298384,4003087
c3540,fixed-1024,1024,1,3428,3289,84,55,95.9452,98.3956,1024,216,32,171,0,248,175,1024,415489,432157099,432572588,9.387,557.636,567.022,9.126,429809232,2763356
c3540,fixed-1024,1024,2,3428,3289,84,55,95.9452,98.3956,1024,210,33,172,0,243,177,1024,422325,432297028,432719353,10.195,546.072,556.268,8.742,429809232,2910121
c3540,fixed-1024,1024,3,3428,3289,84,55,95.9452,98.3956,1024,238,35,174,0,273,180,1024,419127,435044570,435463697,9.131,545.218,554.349,8.585,431213328,4250369
c3540,fixed-1024,1024,4,3428,3290,84,54,95.9743,98.4247,1024,208,41,179,0,249,173,1024,425867,425083305,425509172,9.362,560.050,569.412,9.149,422298384,3210788
c3540,fixed-1024,1024,5,3428,3290,84,54,95.9743,98.4247,1024,202,44,182,0,246,179,1024,415827,425557075,425972902,10.372,577.007,587.380,9.078,422298384,3674518
c3540,fixed-1536,1536,1,3428,3289,84,55,95.9452,98.3956,1536,236,13,152,0,249,181,1536,434661,430692502,431127163,9.928,613.024,622.952,9.340,429809232,1317931
c3540,fixed-1536,1536,2,3428,3289,84,55,95.9452,98.3956,1536,222,25,164,0,247,178,1536,440915,431704548,432145463,10.482,592.935,603.417,9.275,429809232,2336231
c3540,fixed-1536,1536,3,3428,3290,84,54,95.9743,98.4247,1536,254,22,160,0,276,177,1536,438483,423194252,423632735,10.527,573.995,584.522,9.268,421690560,1942175
c3540,fixed-1536,1536,4,3428,3290,84,54,95.9743,98.4247,1536,226,25,163,0,251,174,1536,445340,424100776,424546116,10.294,539.101,549.395,8.500,422298384,2247732
c3540,fixed-1536,1536,5,3428,3290,84,54,95.9743,98.4247,1536,230,21,159,0,251,179,1536,437432,423748393,424185825,9.380,587.681,597.061,9.321,422298384,1887441
c3540,fixed-2048,2048,1,3428,3289,84,55,95.9452,98.3956,2048,241,12,151,0,253,185,2048,451525,430631519,431083044,10.487,564.504,574.991,8.518,429809232,1273812
c3540,fixed-2048,2048,2,3428,3290,84,54,95.9743,98.4247,2048,234,17,155,0,251,184,2048,458707,423523629,423982336,9.610,557.582,567.192,8.581,422298384,1683952
c3540,fixed-2048,2048,3,3428,3291,84,53,96.0035,98.4539,2048,265,13,150,0,278,179,2048,456079,415037705,415493784,9.903,564.007,573.909,9.361,414179712,1314072
c3540,fixed-2048,2048,4,3428,3290,84,54,95.9743,98.4247,2048,238,17,155,0,255,177,2048,462915,423594137,424057052,10.725,575.784,586.510,9.091,422298384,1758668
c3540,fixed-2048,2048,5,3428,3290,84,54,95.9743,98.4247,2048,239,14,152,0,253,181,2048,455128,423271382,423726510,10.591,573.905,584.496,9.201,422298384,1428126
c3540,fixed-3072,3072,1,3428,3289,84,55,95.9452,98.3956,3072,246,5,144,0,251,181,3072,485320,430150960,430636280,10.517,573.120,583.636,9.448,429809232,827048
c3540,fixed-3072,3072,2,3428,3290,84,54,95.9743,98.4247,3072,240,9,147,0,249,183,3072,492476,423002999,423495475,10.819,531.930,542.749,8.359,422298384,1197091
c3540,fixed-3072,3072,3,3428,3291,84,53,96.0035,98.4539,3072,273,5,142,0,278,178,3072,489579,414552643,415042222,9.717,551.453,561.171,9.541,414179712,862510
c3540,fixed-3072,3072,4,3428,3291,84,53,96.0035,98.4539,3072,250,8,145,0,258,177,3072,496764,414803340,415300104,11.078,599.350,610.429,11.133,414179712,1120392
c3540,fixed-3072,3072,5,3428,3290,84,54,95.9743,98.4247,3072,245,8,146,0,253,176,3072,488408,422858330,423346738,13.122,603.650,616.771,9.567,422298384,1048354
c3540,fixed-4096,4096,1,3428,3290,84,54,95.9743,98.4247,4096,248,4,142,0,252,180,4096,518364,422585511,423103875,11.042,614.990,626.032,10.019,422298384,805491
c3540,fixed-4096,4096,2,3428,3290,84,54,95.9743,98.4247,4096,242,7,145,0,249,183,4096,525452,422888683,423414135,11.195,583.027,594.222,9.300,422298384,1115751
c3540,fixed-4096,4096,3,3428,3291,84,53,96.0035,98.4539,4096,276,3,140,0,279,180,4096,522572,414369884,414892456,11.295,628.935,640.230,9.996,414179712,712744
c3540,fixed-4096,4096,4,3428,3291,84,53,96.0035,98.4539,4096,251,7,144,0,258,179,4096,529961,414661684,415191645,11.506,588.732,600.237,9.119,414179712,1011933
c3540,fixed-4096,4096,5,3428,3290,84,54,95.9743,98.4247,4096,247,6,144,0,253,177,4096,521351,422709705,423231056,11.550,577.029,588.579,9.193,422298384,932672
c3540,fixed-6144,6144,1,3428,3290,84,54,95.9743,98.4247,6144,250,2,140,0,252,182,6144,584065,422457877,423041942,11.213,567.244,578.456,9.223,422298384,743558
c3540,fixed-6144,6144,2,3428,3290,84,54,95.9743,98.4247,6144,245,4,142,0,249,184,6144,591253,422561155,423152408,11.581,571.156,582.737,9.222,422298384,854024
c3540,fixed-6144,6144,3,3428,3291,84,53,96.0035,98.4539,6144,278,1,138,0,279,180,6144,587977,414244454,414832431,11.534,550.048,561.581,8.619,414179712,652719
c3540,fixed-6144,6144,4,3428,3291,84,53,96.0035,98.4539,6144,253,5,142,0,258,178,6144,595687,414510358,415106045,10.865,517.514,528.379,8.264,414179712,926333
c3540,fixed-6144,6144,5,3428,3290,84,54,95.9743,98.4247,6144,252,1,139,0,253,179,6144,586902,422364902,422951804,10.528,495.079,505.606,8.422,422298384,653420
c3540,fixed-8192,8192,1,3428,3290,84,54,95.9743,98.4247,8192,250,2,140,0,252,182,8192,649594,422457956,423107550,10.373,520.143,530.515,8.193,422298384,809166
c3540,fixed-8192,8192,2,3428,3291,84,53,96.0035,98.4539,8192,246,4,141,0,250,185,8192,656715,414442471,415099186,11.531,501.907,513.438,7.820,414179712,919474
c3540,fixed-8192,8192,3,3428,3291,84,53,96.0035,98.4539,8192,278,1,138,0,279,180,8192,653259,414244469,414897728,10.064,526.086,536.150,9.169,414179712,718016
c3540,fixed-8192,8192,4,3428,3291,84,53,96.0035,98.4539,8192,253,5,142,0,258,178,8192,661303,414510390,415171693,13.190,529.456,542.646,8.560,414179712,991981
c3540,fixed-8192,8192,5,3428,3290,84,54,95.9743,98.4247,8192,252,1,139,0,253,179,8192,652161,422364899,423017060,10.628,570.822,581.450,9.338,422298384,718676
c3540,fixed-12288,12288,1,3428,3290,84,54,95.9743,98.4247,12288,251,1,139,0,252,181,12288,780141,422364907,423145048,12.709,572.784,585.493,9.400,422298384,846664
c3540,fixed-12288,12288,2,3428,3291,84,53,96.0035,98.4539,12288,248,2,139,0,250,185,12288,787119,414310125,415097244,13.223,566.880,580.103,9.366,414179712,917532
c3540,fixed-12288,12288,3,3428,3291,84,53,96.0035,98.4539,12288,278,1,138,0,279,180,12288,783521,414244466,415027987,13.036,559.640,572.676,9.157,414179712,848275
c3540,fixed-12288,12288,4,3428,3291,84,53,96.0035,98.4539,12288,255,3,140,0,258,178,12288,792019,414379128,415171147,13.025,536.758,549.783,8.278,414179712,991435
c3540,fixed-12288,12288,5,3428,3290,84,54,95.9743,98.4247,12288,252,1,139,0,253,179,12288,782539,422364912,423147451,11.872,556.211,568.083,9.397,422298384,849067
c3540,fixed-16384,16384,1,3428,3290,84,54,95.9743,98.4247,16384,252,0,138,0,252,182,16384,910757,422298384,423209141,13.510,569.294,582.804,9.237,422298384,910757
c3540,fixed-16384,16384,2,3428,3291,84,53,96.0035,98.4539,16384,250,0,137,0,250,185,16384,917483,414179712,415097195,13.800,567.039,580.839,9.305,414179712,917483
c3540,fixed-16384,16384,3,3428,3291,84,53,96.0035,98.4539,16384,278,1,138,0,279,180,16384,913774,414244475,415158249,13.980,548.059,562.040,8.462,414179712,978537
c3540,fixed-16384,16384,4,3428,3291,84,53,96.0035,98.4539,16384,255,3,140,0,258,178,16384,922597,414379127,415301724,12.898,511.720,524.618,8.690,414179712,1122012
c3540,fixed-16384,16384,5,3428,3290,84,54,95.9743,98.4247,16384,253,0,138,0,253,179,16384,913288,422298384,423211672,12.935,534.525,547.460,8.449,422298384,913288
c3540,fixed-24576,24576,1,3428,3291,84,53,96.0035,98.4539,24576,253,0,137,0,253,183,24576,1170782,414179712,415350494,13.543,494.357,507.900,7.746,414179712,1170782
c3540,fixed-24576,24576,2,3428,3291,84,53,96.0035,98.4539,24576,250,0,137,0,250,185,24576,1177588,414179712,415357300,12.750,498.776,511.527,9.209,414179712,1177588
c3540,fixed-24576,24576,3,3428,3291,84,53,96.0035,98.4539,24576,278,1,138,0,279,180,24576,1173641,414244464,415418105,15.735,553.195,568.930,9.370,414179712,1238393
c3540,fixed-24576,24576,4,3428,3291,84,53,96.0035,98.4539,24576,256,2,139,0,258,178,24576,1183598,414315219,415498817,16.249,561.220,577.469,8.971,414179712,1319105
c3540,fixed-24576,24576,5,3428,3290,84,54,95.9743,98.4247,24576,253,0,138,0,253,179,24576,1173373,422298384,423471757,15.462,542.353,557.815,9.272,422298384,1173373
c3540,fixed-32768,32768,1,3428,3291,84,53,96.0035,98.4539,32768,253,0,137,0,253,183,32768,1431135,414179712,415610847,17.461,579.135,596.596,9.500,414179712,1431135
c3540,fixed-32768,32768,2,3428,3291,84,53,96.0035,98.4539,32768,250,0,137,0,250,185,32768,1437499,414179712,415617211,17.717,560.955,578.672,9.437,414179712,1437499
c3540,fixed-32768,32768,3,3428,3291,84,53,96.0035,98.4539,32768,279,0,137,0,279,180,32768,1434191,414179712,415613903,17.225,562.666,579.891,9.184,414179712,1434191
c3540,fixed-32768,32768,4,3428,3291,84,53,96.0035,98.4539,32768,258,0,137,0,258,178,32768,1444064,414179712,415623776,17.918,563.496,581.414,9.058,414179712,1444064
c3540,fixed-32768,32768,5,3428,3290,84,54,95.9743,98.4247,32768,253,0,138,0,253,179,32768,1433827,422298384,423732211,17.433,589.058,606.491,9.384,422298384,1433827
c3540,plateau,2176,1,3428,3289,84,55,95.9452,98.3956,2176,241,11,150,0,252,185,2176,455673,430575984,431031657,10.423,590.193,600.616,9.319,429809232,1222425
c3540,plateau,3072,2,3428,3290,84,54,95.9743,98.4247,3072,240,9,147,0,249,183,3072,492476,423002999,423495475,10.984,580.799,591.783,9.325,422298384,1197091
c3540,plateau,2816,3,3428,3291,84,53,96.0035,98.4539,2816,271,7,144,0,278,180,2816,481169,414660406,415141575,10.863,563.953,574.816,9.251,414179712,961863
c3540,plateau,3008,4,3428,3291,84,53,96.0035,98.4539,3008,249,9,146,0,258,179,3008,494647,414862701,415357348,10.781,558.182,568.963,9.042,414179712,1177636
c3540,plateau,2688,5,3428,3290,84,54,95.9743,98.4247,2688,245,8,146,0,253,178,2688,476094,422858363,423334457,10.645,567.412,578.058,9.245,422298384,1036073
c3540,stage1,2176,1,3428,3289,84,55,95.9452,98.3956,2176,241,11,150,0,252,185,2176,455673,430575984,431031657,10.325,577.894,588.219,9.229,429809232,1222425
c3540,stage1,3072,2,3428,3290,84,54,95.9743,98.4247,3072,240,9,147,0,249,183,3072,492476,423002999,423495475,10.827,571.856,582.682,9.176,422298384,1197091
c3540,stage1,3776,3,3428,3291,84,53,96.0035,98.4539,3776,275,4,141,0,279,180,3776,512205,414462918,414975123,11.043,553.407,564.451,9.425,414179712,795411
c3540,stage1,3648,4,3428,3291,84,53,96.0035,98.4539,3648,250,8,145,0,258,178,3648,515472,414803291,415318763,10.958,554.574,565.533,9.031,414179712,1139051
c3540,stage1,3072,5,3428,3290,84,54,95.9743,98.4247,3072,245,8,146,0,253,176,3072,488408,422858330,423346738,10.769,570.352,581.121,9.274,422298384,1048354
c3540,adaptive,25216,1,3428,3291,84,53,96.0035,98.4539,25216,251,3,141,16,254,186,25216,1184728,421878045,423062773,15.488,575.788,591.276,9.852,414179712,8883061
c3540,adaptive,32768,2,3428,3291,84,53,96.0035,98.4539,32768,249,1,138,27,250,183,32768,1402552,414272797,415675349,16.895,565.054,581.950,9.956,414179712,1495637
c3540,adaptive,3776,3,3428,3291,84,53,96.0035,98.4539,3776,275,4,141,48,279,178,3776,512205,414462851,414975056,11.264,573.840,585.104,9.572,414179712,795344
c3540,adaptive,32768,4,3428,3291,84,53,96.0035,98.4539,32768,256,2,139,33,258,180,32768,1424737,414339371,415764108,17.644,583.637,601.281,9.169,414179712,1584396
c3540,adaptive,32768,5,3428,3291,84,53,96.0035,98.4539,32768,252,2,139,16,254,178,32768,1427513,414337523,415765036,20.264,623.312,643.575,9.333,414179712,1585324
c5315,podem,0,1,5350,5290,55,5,98.8785,99.9065,0,0,178,238,0,178,144,0,0,51801538,51801538,0.000,79.647,79.647,5.421,32724448,19077090
c5315,podem,0,2,5350,5289,55,6,98.8598,99.8879,0,0,177,238,0,177,139,0,0,56900159,56900159,0.000,86.447,86.447,5.340,38265312,18634847
c5315,podem,0,3,5350,5289,55,6,98.8598,99.8879,0,0,166,227,0,166,134,0,0,57260155,57260155,0.000,84.390,84.390,5.332,38265312,18994843
c5315,podem,0,4,5350,5289,55,6,98.8598,99.8879,0,0,164,225,0,164,139,0,0,56369814,56369814,0.000,83.864,83.864,5.286,38265312,18104502
c5315,podem,0,5,5350,5291,55,4,98.8972,99.9252,0,0,179,239,0,179,138,0,0,56908803,56908803,0.000,104.429,104.429,5.405,28084752,28824051
c5315,fixed-64,64,1,5350,5290,55,5,98.8785,99.9065,64,62,124,184,0,186,143,64,180777,51273222,51453999,4.645,73.256,77.901,5.329,32724448,18729551
c5315,fixed-64,64,2,5350,5289,55,6,98.8598,99.8879,64,60,139,200,0,199,147,64,180029,59324407,59504436,4.548,79.057,83.604,5.402,38265312,21239124
c5315,fixed-64,64,3,5350,5289,55,6,98.8598,99.8879,64,63,123,184,0,186,141,64,181390,53643341,53824731,4.651,70.720,75.371,5.377,38265312,15559419
c5315,fixed-64,64,4,5350,5289,55,6,98.8598,99.8879,64,61,116,177,0,177,138,64,183268,55571017,55754285,4.830,74.821,79.651,5.317,38265312,17488973
c5315,fixed-64,64,5,5350,5289,55,6,98.8598,99.8879,64,58,134,195,0,192,145,64,177304,54654085,54831389,4.495,71.986,76.481,5.437,38265312,16566077
c5315,fixed-96,96,1,5350,5290,55,5,98.8785,99.9065,128,100,95,155,0,195,140,128,195130,49504931,49700061,4.982,66.954,71.936,5.625,33625616,16074445
c5315,fixed-96,96,2,5350,5291,55,4,98.8972,99.9252,128,108,92,152,0,200,145,128,193982,46601022,46795004,5.103,66.746,71.849,5.451,28084752,18710252
c5315,fixed-96,96,3,5350,5289,55,6,98.8598,99.8879,128,100,103,164,0,203,137,128,194011,52028382,52222393,5.314,70.302,75.616,5.320,38265312,13957081
c5315,fixed-96,96,4,5350,5289,55,6,98.8598,99.8879,128,101,101,162,0,202,144,128,194393,55042725,55237118,4.985,72.281,77.266,5.361,38265312,16971806
c5315,fixed-96,96,5,5350,5289,55,6,98.8598,99.8879,128,104,90,151,0,194,132,128,193625,49620714,49814339,4.955,65.731,70.686,5.269,38265312,11549027
c5315,fixed-128,128,1,5350,5290,55,5,98.8785,99.9065,128,100,95,155,0,195,140,128,195130,49504931,49700061,5.027,66.657,71.683,5.442,33625616,16074445
c5315,fixed-128,128,2,5350,5291,55,4,98.8972,99.9252,128,108,92,152,0,200,145,128,193982,46601022,46795004,5.013,64.057,69.070,5.418,28084752,18710252
c5315,fixed-128,128,3,5350,5289,55,6,98.8598,99.8879,128,100,103,164,0,203,137,128,194011,52028382,52222393,5.035,68.309,73.343,5.359,38265312,13957081
c5315,fixed-128,128,4,5350,5289,55,6,98.8598,99.8879,128,101,101,162,0,202,144,128,194393,55042725,55237118,5.019,72.402,77.420,5.390,38265312,16971806
c5315,fixed-128,128,5,5350,5289,55,6,98.8598,99.8879,128,104,90,151,0,194,132,128,193625,49620714,49814339,4.892,66.087,70.979,5.424,38265312,11549027
c5315,fixed-192,192,1,5350,5289,55,6,98.8598,99.8879,192,128,74,135,0,202,141,192,202029,52610884,52812913,5.092,71.889,76.982,5.534,38265312,14547601
c5315,fixed-192,192,2,5350,5290,55,5,98.8785,99.9065,192,135,70,130,0,205,142,192,199764,46989840,47189604,5.185,62.649,67.834,5.415,32724448,14465156
c5315,fixed-192,192,3,5350,5290,55,5,98.8785,99.9065,192,129,80,140,0,209,144,192,200677,48814061,49014738,5.066,64.746,69.812,5.310,32724448,16290290
c5315,fixed-192,192,4,5350,5289,55,6,98.8598,99.8879,192,130,76,137,0,206,146,192,201541,53465597,53667138,5.194,70.320,75.514,5.432,38265312,15401826
c5315,fixed-192,192,5,5350,5290,55,5,98.8785,99.9065,192,129,77,138,0,206,140,192,200932,49062326,49263258,5.057,64.926,69.983,5.468,32724448,16538810
c5315,fixed-256,256,1,5350,5289,55,6,98.8598,99.8879,256,139,57,118,0,196,140,256,207196,51074614,51281810,5.214,68.340,73.554,5.114,38265312,13016498
c5315,fixed-256,256,2,5350,5290,55,5,98.8785,99.9065,256,152,58,118,0,210,143,256,204437,45229357,45433794,4.908,56.717,61.624,4.986,32724448,12709346
c5315,fixed-256,256,3,5350,5290,55,5,98.8785,99.9065,256,149,58,118,0,207,144,256,204983,45647689,45852672,4.818,57.639,62.457,5.003,32724448,13128224
c5315,fixed-256,256,4,5350,5289,55,6,98.8598,99.8879,256,147,62,123,0,209,143,256,205509,51495057,51700566,4.941,63.828,68.768,5.037,38265312,13435254
c5315,fixed-256,256,5,5350,5289,55,6,98.8598,99.8879,256,150,60,121,0,210,136,256,205973,47376204,47582177,4.896,58.563,63.459,5.012,38265312,9316865
c5315,fixed-384,384,1,5350,5291,55,4,98.8972,99.9252,384,159,47,106,0,206,138,384,215231,39812581,40027812,5.010,48.901,53.910,5.091,28084752,11943060
c5315,fixed-384,384,2,5350,5290,55,5,98.8785,99.9065,384,176,38,98,0,214,147,384,211583,43256405,43467988,4.999,54.279,59.278,5.318,32724448,10743540
c5315,fixed-384,384,3,5350,5290,55,5,98.8785,99.9065,384,175,40,100,0,215,150,384,212110,41068717,41280827,5.123,54.683,59.806,5.335,32724448,8556379
c5315,fixed-384,384,4,5350,5289,55,6,98.8598,99.8879,384,162,42,103,0,204,153,384,212589,45749978,45962567,5.281,60.204,65.485,5.546,38265312,7697255
c5315,fixed-384,384,5,5350,5289,55,6,98.8598,99.8879,384,171,39,100,0,210,141,384,213271,44364303,44577574,5.469,59.313,64.782,5.193,38265312,6312262
c5315,fixed-512,512,1,5350,5291,55,4,98.8972,99.9252,512,170,37,96,0,207,141,512,221908,38417224,38639132,5.227,48.083,53.310,5.085,28084752,10554380
c5315,fixed-512,512,2,5350,5290,55,5,98.8785,99.9065,512,188,24,84,0,212,138,512,217820,39233514,39451334,5.081,51.352,56.433,5.421,32724448,6726886
c5315,fixed-512,512,3,5350,5291,55,4,98.8972,99.9252,512,184,32,91,0,216,146,512,218155,34614041,34832196,5.544,45.089,50.633,5.475,28084752,6747444
c5315,fixed-512,512,4,5350,5290,55,5,98.8785,99.9065,512,172,38,98,0,210,146,512,218743,41510476,41729219,5.477,54.478,59.955,5.405,33625616,8103603
c5315,fixed-512,512,5,5350,5290,55,5,98.8785,99.9065,512,179,31,91,0,210,137,512,218990,38939054,39158044,5.224,51.053,56.277,5.122,33625616,5532428
c5315,fixed-768,768,1,5350,5290,55,5,98.8785,99.9065,768,187,21,81,0,208,137,768,233009,38887089,39120098,5.456,50.074,55.531,5.022,33625616,5494482
c5315,fixed-768,768,2,5350,5290,55,5,98.8785,99.9065,768,203,14,74,0,217,141,768,229179,35139927,35369106,5.219,50.274,55.492,5.350,32724448,2644658
c5315,fixed-768,768,3,5350,5291,55,4,98.8972,99.9252,768,198,18,77,0,216,154,768,229406,32457200,32686606,5.578,43.256,48.834,5.409,28084752,4601854
c5315,fixed-768,768,4,5350,5290,55,5,98.8785,99.9065,768,185,22,82,0,207,146,768,229722,37445464,37675186,5.580,49.257,54.836,5.357,33625616,4049570
c5315,fixed-768,768,5,5350,5290,55,5,98.8785,99.9065,768,195,14,74,0,209,138,768,229765,35168624,35398389,5.475,49.973,55.448,5.513,33625616,1772773
c5315,fixed-1024,1024,1,5350,5290,55,5,98.8785,99.9065,1024,191,16,76,0,207,148,1024,243332,38124923,38368255,5.837,53.367,59.203,5.374,33625616,4742639
c5315,fixed-1024,1024,2,5350,5290,55,5,98.8785,99.9065,1024,208,8,68,0,216,137,1024,239397,34278487,34517884,5.366,43.993,49.359,6.258,32724448,1793436
c5315,fixed-1024,1024,3,5350,5291,55,4,98.8972,99.9252,1024,205,12,71,0,217,155,1024,239947,31341800,31581747,5.349,40.051,45.400,5.190,28084752,3496995
c5315,fixed-1024,1024,4,5350,5290,55,5,98.8785,99.9065,1024,192,17,77,0,209,145,1024,240329,36785442,37025771,5.340,48.324,53.664,5.250,33625616,3400155
c5315,fixed-1024,1024,5,5350,5291,55,4,98.8972,99.9252,1024,199,11,70,0,210,137,1024,240020,29158510,29398530,5.715,35.815,41.529,5.266,28084752,1313778
c5315,fixed-1536,1536,1,5350,5290,55,5,98.8785,99.9065,1536,201,7,67,0,208,138,1536,263475,35782299,36045774,5.782,44.610,50.392,5.092,33625616,2420158
c5315,fixed-1536,1536,2,5350,5291,55,4,98.8972,99.9252,1536,213,3,62,0,216,137,1536,259469,28441478,28700947,5.449,34.656,40.105,4.942,28084752,616195
c5315,fixed-1536,1536,3,5350,5291,55,4,98.8972,99.9252,1536,209,8,67,0,217,149,1536,259752,29464722,29724474,5.230,35.448,40.677,4.914,28084752,1639722
c5315,fixed-1536,1536,4,5350,5291,55,4,98.8972,99.9252,1536,202,6,65,0,208,148,1536,260433,28644865,28905298,5.285,34.248,39.532,4.996,28084752,820546
c5315,fixed-1536,1536,5,5350,5291,55,4,98.8972,99.9252,1536,205,6,65,0,211,137,1536,260125,28762174,29022299,5.145,33.905,39.050,4.955,28084752,937547
c5315,fixed-2048,2048,1,5350,5291,55,4,98.8972,99.9252,2048,207,2,61,0,209,138,2048,283136,28469138,28752274,5.524,33.393,38.917,4.954,28084752,667522
c5315,fixed-2048,2048,2,5350,5291,55,4,98.8972,99.9252,2048,215,1,60,0,216,137,2048,279215,28150247,28429462,5.542,33.749,39.291,5.267,28084752,344710
c5315,fixed-2048,2048,3,5350,5291,55,4,98.8972,99.9252,2048,214,3,62,0,217,149,2048,279321,28403775,28683096,5.895,34.791,40.687,5.102,28084752,598344
c5315,fixed-2048,2048,4,5350,5291,55,4,98.8972,99.9252,2048,206,2,61,0,208,143,2048,280049,28214480,28494529,5.602,34.568,40.170,5.098,28084752,409777
c5315,fixed-2048,2048,5,5350,5291,55,4,98.8972,99.9252,2048,208,3,62,0,211,140,2048,279760,28390028,28669788,5.492,34.469,39.961,5.135,28084752,585036
c5315,fixed-3072,3072,1,5350,5291,55,4,98.8972,99.9252,3072,209,0,59,0,209,139,3072,322127,28084752,28406879,5.772,34.076,39.848,5.125,28084752,322127
c5315,fixed-3072,3072,2,5350,5291,55,4,98.8972,99.9252,3072,215,1,60,0,216,138,3072,318149,28150247,28468396,5.788,39.179,44.967,5.183,28084752,383644
c5315,fixed-3072,3072,3,5350,5291,55,4,98.8972,99.9252,3072,215,2,61,0,217,149,3072,318320,28215100,28533420,5.690,34.417,40.107,5.176,28084752,448668
c5315,fixed-3072,3072,4,5350,5291,55,4,98.8972,99.9252,3072,207,1,60,0,208,143,3072,319006,28149561,28468567,5.789,34.070,39.859,5.491,28084752,383815
c5315,fixed-3072,3072,5,5350,5291,55,4,98.8972,99.9252,3072,210,1,60,0,211,140,3072,318742,28150243,28468985,6.192,36.915,43.107,5.429,28084752,384233
c5315,fixed-4096,4096,1,5350,5291,55,4,98.8972,99.9252,4096,209,0,59,0,209,139,4096,361044,28084752,28445796,6.401,37.818,44.219,5.429,28084752,361044
c5315,fixed-4096,4096,2,5350,5291,55,4,98.8972,99.9252,4096,216,0,59,0,216,138,4096,357075,28084752,28441827,6.351,36.909,43.261,5.309,28084752,357075
c5315,fixed-4096,4096,3,5350,5291,55,4,98.8972,99.9252,4096,215,2,61,0,217,149,4096,357287,28215103,28572390,6.296,37.913,44.210,5.504,28084752,487638
c5315,fixed-4096,4096,4,5350,5291,55,4,98.8972,99.9252,4096,208,0,59,0,208,143,4096,357921,28084752,28442673,6.355,37.634,43.989,5.440,28084752,357921
c5315,fixed-4096,4096,5,5350,5291,55,4,98.8972,99.9252,4096,210,1,60,0,211,140,4096,357686,28150242,28507928,6.329,36.731,43.060,5.459,28084752,423176
c5315,fixed-6144,6144,1,5350,5291,55,4,98.8972,99.9252,6144,209,0,59,0,209,139,6144,438882,28084752,28523634,6.834,37.109,43.943,5.412,28084752,438882
c5315,fixed-6144,6144,2,5350,5291,55,4,98.8972,99.9252,6144,216,0,59,0,216,138,6144,434907,28084752,28519659,6.764,36.538,43.303,5.425,28084752,434907
c5315,fixed-6144,6144,3,5350,5291,55,4,98.8972,99.9252,6144,217,0,59,0,217,150,6144,435185,28084752,28519937,6.780,36.476,43.256,5.532,28084752,435185
c5315,fixed-6144,6144,4,5350,5291,55,4,98.8972,99.9252,6144,208,0,59,0,208,143,6144,435747,28084752,28520499,6.825,38.425,45.250,5.419,28084752,435747
c5315,fixed-6144,6144,5,5350,5291,55,4,98.8972,99.9252,6144,211,0,59,0,211,140,6144,435537,28084752,28520289,6.736,36.746,43.482,5.342,28084752,435537
c5315,fixed-8192,8192,1,5350,5291,55,4,98.8972,99.9252,8192,209,0,59,0,209,139,8192,516703,28084752,28601455,7.420,36.174,43.594,5.441,28084752,516703
c5315,fixed-8192,8192,2,5350,5291,55,4,98.8972,99.9252,8192,216,0,59,0,216,138,8192,512740,28084752,28597492,7.111,36.364,43.475,5.393,28084752,512740
c5315,fixed-8192,8192,3,5350,5291,55,4,98.8972,99.9252,8192,217,0,59,0,217,150,8192,513015,28084752,28597767,7.112,36.754,43.866,5.444,28084752,513015
c5315,fixed-8192,8192,4,5350,5291,55,4,98.8972,99.9252,8192,208,0,59,0,208,143,8192,513560,28084752,28598312,7.326,36.485,43.811,5.345,28084752,513560
c5315,fixed-8192,8192,5,5350,5291,55,4,98.8972,99.9252,8192,211,0,59,0,211,140,8192,513351,28084752,28598103,7.311,36.624,43.935,5.365,28084752,513351
c5315,fixed-12288,12288,1,5350,5291,55,4,98.8972,99.9252,12288,209,0,59,0,209,139,12288,672365,28084752,28757117,8.142,36.930,45.072,5.474,28084752,672365
c5315,fixed-12288,12288,2,5350,5291,55,4,98.8972,99.9252,12288,216,0,59,0,216,138,12288,668410,28084752,28753162,8.068,36.393,44.461,5.390,28084752,668410
c5315,fixed-12288,12288,3,5350,5291,55,4,98.8972,99.9252,12288,217,0,59,0,217,150,12288,668675,28084752,28753427,8.018,36.648,44.666,5.395,28084752,668675
c5315,fixed-12288,12288,4,5350,5291,55,4,98.8972,99.9252,12288,208,0,59,0,208,143,12288,669220,28084752,28753972,8.071,37.640,45.710,5.623,28084752,669220
c5315,fixed-12288,12288,5,5350,5291,55,4,98.8972,99.9252,12288,211,0,59,0,211,140,12288,669006,28084752,28753758,8.136,36.555,44.692,5.413,28084752,669006
c5315,fixed-16384,16384,1,5350,5291,55,4,98.8972,99.9252,16384,209,0,59,0,209,139,16384,828016,28084752,28912768,9.075,36.484,45.559,5.360,28084752,828016
c5315,fixed-16384,16384,2,5350,5291,55,4,98.8972,99.9252,16384,216,0,59,0,216,138,16384,824056,28084752,28908808,9.060,36.351,45.411,5.364,28084752,824056
c5315,fixed-16384,16384,3,5350,5291,55,4,98.8972,99.9252,16384,217,0,59,0,217,150,16384,824317,28084752,28909069,8.876,36.486,45.362,5.443,28084752,824317
c5315,fixed-16384,16384,4,5350,5291,55,4,98.8972,99.9252,16384,208,0,59,0,208,143,16384,824882,28084752,28909634,9.016,36.898,45.914,5.463,28084752,824882
c5315,fixed-16384,16384,5,5350,5291,55,4,98.8972,99.9252,16384,211,0,59,0,211,140,16384,824668,28084752,28909420,9.029,36.384,45.413,5.424,28084752,824668
c5315,fixed-24576,24576,1,5350,5291,55,4,98.8972,99.9252,24576,209,0,59,0,209,139,24576,1139320,28084752,29224072,10.921,36.641,47.563,5.369,28084752,1139320
c5315,fixed-24576,24576,2,5350,5291,55,4,98.8972,99.9252,24576,216,0,59,0,216,138,24576,1135355,28084752,29220107,10.844,36.463,47.307,5.297,28084752,1135355
c5315,fixed-24576,24576,3,5350,5291,55,4,98.8972,99.9252,24576,217,0,59,0,217,150,24576,1135632,28084752,29220384,11.124,37.746,48.870,5.452,28084752,1135632
c5315,fixed-24576,24576,4,5350,5291,55,4,98.8972,99.9252,24576,208,0,59,0,208,143,24576,1136170,28084752,29220922,10.769,36.912,47.681,5.414,28084752,1136170
c5315,fixed-24576,24576,5,5350,5291,55,4,98.8972,99.9252,24576,211,0,59,0,211,140,24576,1135995,28084752,29220747,11.011,37.080,48.091,5.416,28084752,1135995
c5315,fixed-32768,32768,1,5350,5291,55,4,98.8972,99.9252,32768,209,0,59,0,209,139,32768,1450659,28084752,29535411,12.972,36.931,49.904,5.452,28084752,1450659
c5315,fixed-32768,32768,2,5350,5291,55,4,98.8972,99.9252,32768,216,0,59,0,216,138,32768,1446684,28084752,29531436,12.966,38.647,51.613,5.389,28084752,1446684
c5315,fixed-32768,32768,3,5350,5291,55,4,98.8972,99.9252,32768,217,0,59,0,217,150,32768,1446949,28084752,29531701,12.448,38.260,50.708,5.697,28084752,1446949
c5315,fixed-32768,32768,4,5350,5291,55,4,98.8972,99.9252,32768,208,0,59,0,208,143,32768,1447475,28084752,29532227,13.543,38.509,52.053,5.794,28084752,1447475
c5315,fixed-32768,32768,5,5350,5291,55,4,98.8972,99.9252,32768,211,0,59,0,211,140,32768,1447314,28084752,29532066,14.382,38.375,52.757,5.601,28084752,1447314
c5315,plateau,2176,1,5350,5291,55,4,98.8972,99.9252,2176,207,2,61,0,209,139,2176,288008,28469144,28757152,6.297,39.040,45.337,5.640,28084752,672400
c5315,plateau,1920,2,5350,5291,55,4,98.8972,99.9252,1920,214,2,61,0,216,136,1920,274275,28248011,28522286,6.010,37.782,43.792,5.365,28084752,437534
c5315,plateau,2240,3,5350,5291,55,4,98.8972,99.9252,2240,215,2,61,0,217,150,2240,286656,28215104,28501760,6.033,37.975,44.008,5.478,28084752,417008
c5315,plateau,2240,4,5350,5291,55,4,98.8972,99.9252,2240,207,1,60,0,208,142,2240,287356,28149558,28436914,5.971,37.127,43.098,5.461,28084752,352162
c5315,plateau,2496,5,5350,5291,55,4,98.8972,99.9252,2496,210,1,60,0,211,140,2496,296833,28150244,28447077,6.012,38.092,44.104,5.379,28084752,362325
c5315,stage1,2368,1,5350,5291,55,4,98.8972,99.9252,2368,207,2,61,0,209,135,2368,295314,28469144,28764458,6.069,37.737,43.806,5.434,28084752,679706
c5315,stage1,2240,2,5350,5291,55,4,98.8972,99.9252,2240,215,1,60,0,216,138,2240,286510,28150250,28436760,6.397,37.621,44.018,5.418,28084752,352008
c5315,stage1,2240,3,5350,5291,55,4,98.8972,99.9252,2240,215,2,61,0,217,150,2240,286656,28215104,28501760,6.064,37.643,43.707,5.633,28084752,417008
c5315,stage1,2304,4,5350,5291,55,4,98.8972,99.9252,2304,207,1,60,0,208,143,2304,289789,28149555,28439344,6.109,37.868,43.977,5.385,28084752,354592
c5315,stage1,2688,5,5350,5291,55,4,98.8972,99.9252,2688,210,1,60,0,211,139,2688,304135,28150245,28454380,6.086,37.007,43.093,5.581,28084752,369628
c5315,adaptive,2368,1,5350,5291,55,4,98.8972,99.9252,2368,207,2,61,48,209,138,2368,295314,28469097,28764411,6.035,37.774,43.809,5.440,28084752,679659
c5315,adaptive,23488,2,5350,5291,55,4,98.8972,99.9252,23488,215,1,60,31,216,137,23488,1072837,28150219,29223056,10.466,37.595,48.061,5.376,28084752,1138304
c5315,adaptive,22976,3,5350,5291,55,4,98.8972,99.9252,22976,216,1,60,16,217,150,22976,1065145,28149608,29214753,10.730,36.708,47.438,5.625,28084752,1130001
c5315,adaptive,23680,4,5350,5291,55,4,98.8972,99.9252,23680,207,1,60,46,208,143,23680,1071002,28149512,29220514,10.618,37.364,47.982,5.414,28084752,1135762
c5315,adaptive,23808,5,5350,5291,55,4,98.8972,99.9252,23808,210,1,60,19,211,140,23808,1091688,28150229,29241917,11.046,37.251,48.297,5.457,28084752,1157165
c6288,podem,0,1,7744,7710,32,2,99.5610,99.9742,0,0,35,70,0,35,33,0,0,50897937,50897937,0.000,70.528,70.528,34.722,26959584,23938353
c6288,podem,0,2,7744,7710,32,2,99.5610,99.9742,0,0,38,72,0,38,34,0,0,43927125,43927125,0.000,65.345,65.345,34.306,26959584,16967541
c6288,podem,0,3,7744,7710,32,2,99.5610,99.9742,0,0,34,69,0,34,31,0,0,44733942,44733942,0.000,65.972,65.972,34.361,26959584,17774358
c6288,podem,0,4,7744,7710,32,2,99.5610,99.9742,0,0,38,72,0,38,36,0,0,40907147,40907147,0.000,63.337,63.337,32.355,26959584,13947563
c6288,podem,0,5,7744,7710,32,2,99.5610,99.9742,0,0,40,74,0,40,37,0,0,40725026,40725026,0.000,59.988,59.988,34.213,26959584,13765442
c6288,fixed-64,64,1,7744,7710,32,2,99.5610,99.9742,64,49,4,38,0,53,36,64,1553025,28573008,30126033,31.320,36.813,68.133,32.365,26959584,3166449
c6288,fixed-64,64,2,7744,7710,32,2,99.5610,99.9742,64,41,3,37,0,44,41,64,1631977,28172475,29804452,33.059,36.616,69.676,33.130,26959584,2844868
c6288,fixed-64,64,3,7744,7710,32,2,99.5610,99.9742,64,45,3,37,0,48,37,64,1593715,27410984,29004699,31.363,35.836,67.199,32.606,26959584,2045115
c6288,fixed-64,64,4,7744,7710,32,2,99.5610,99.9742,64,40,5,39,0,45,39,64,1600876,28203625,29804501,35.712,36.307,72.019,31.676,26959584,2844917
c6288,fixed-64,64,5,7744,7710,32,2,99.5610,99.9742,64,52,4,39,0,56,40,64,1630084,35299303,36929387,32.353,44.562,76.915,33.333,26959584,9969803
c6288,fixed-96,96,1,7744,7710,32,2,99.5610,99.9742,128,51,1,35,0,52,36,128,1557278,27559348,29116626,30.365,36.553,66.918,30.959,26959584,2157042
c6288,fixed-96,96,2,7744,7710,32,2,99.5610,99.9742,128,44,0,34,0,44,41,128,1636898,26959584,28596482,33.079,35.451,68.530,32.938,26959584,1636898
c6288,fixed-96,96,3,7744,7710,32,2,99.5610,99.9742,128,48,0,34,0,48,36,128,1596792,26959584,28556376,31.750,35.661,67.411,30.944,26959584,1596792
c6288,fixed-96,96,4,7744,7710,32,2,99.5610,99.9742,128,45,0,34,0,45,42,128,1604732,26959584,28564316,32.120,34.035,66.154,29.739,26959584,1604732
c6288,fixed-96,96,5,7744,7710,32,2,99.5610,99.9742,128,55,1,35,0,56,37,128,1633125,27099281,28732406,31.912,33.198,65.110,29.545,26959584,1772822
c6288,fixed-128,128,1,7744,7710,32,2,99.5610,99.9742,128,51,1,35,0,52,36,128,1557278,27559348,29116626,27.685,32.758,60.443,28.143,26959584,2157042
c6288,fixed-128,128,2,7744,7710,32,2,99.5610,99.9742,128,44,0,34,0,44,41,128,1636898,26959584,28596482,30.040,32.561,62.600,31.600,26959584,1636898
c6288,fixed-128,128,3,7744,7710,32,2,99.5610,99.9742,128,48,0,34,0,48,36,128,1596792,26959584,28556376,29.418,33.159,62.577,29.277,26959584,1596792
c6288,fixed-128,128,4,7744,7710,32,2,99.5610,99.9742,128,45,0,34,0,45,42,128,1604732,26959584,28564316,29.631,33.244,62.876,29.440,26959584,1604732
c6288,fixed-128,128,5,7744,7710,32,2,99.5610,99.9742,128,55,1,35,0,56,37,128,1633125,27099281,28732406,29.700,32.292,61.992,30.782,26959584,1772822
c6288,fixed-192,192,1,7744,7710,32,2,99.5610,99.9742,192,52,0,34,0,52,35,192,1560289,26959584,28519873,28.439,33.494,61.934,29.056,26959584,1560289
c6288,fixed-192,192,2,7744,7710,32,2,99.5610,99.9742,192,44,0,34,0,44,41,192,1639347,26959584,28598931,30.723,34.303,65.027,31.244,26959584,1639347
c6288,fixed-192,192,3,7744,7710,32,2,99.5610,99.9742,192,48,0,34,0,48,36,192,1599241,26959584,28558825,29.232,34.317,63.548,30.418,26959584,1599241
c6288,fixed-192,192,4,7744,7710,32,2,99.5610,99.9742,192,45,0,34,0,45,42,192,1607181,26959584,28566765,29.928,33.428,63.356,29.453,26959584,1607181
c6288,fixed-192,192,5,7744,7710,32,2,99.5610,99.9742,192,56,0,34,0,56,40,192,1635670,26959584,28595254,30.748,35.562,66.310,31.685,26959584,1635670
c6288,fixed-256,256,1,7744,7710,32,2,99.5610,99.9742,256,52,0,34,0,52,35,256,1562738,26959584,28522322,30.198,37.754,67.952,31.051,26959584,1562738
c6288,fixed-256,256,2,7744,7710,32,2,99.5610,99.9742,256,44,0,34,0,44,41,256,1641796,26959584,28601380,34.056,35.493,69.549,32.833,26959584,1641796
c6288,fixed-256,256,3,7744,7710,32,2,99.5610,99.9742,256,48,0,34,0,48,36,256,1601690,26959584,28561274,31.692,35.752,67.444,31.750,26959584,1601690
c6288,fixed-256,256,4,7744,7710,32,2,99.5610,99.9742,256,45,0,34,0,45,42,256,1609630,26959584,28569214,31.931,36.548,68.479,31.911,26959584,1609630
c6288,fixed-256,256,5,7744,7710,32,2,99.5610,99.9742,256,56,0,34,0,56,40,256,1638119,26959584,28597703,32.409,35.712,68.121,33.870,26959584,1638119
c6288,fixed-384,384,1,7744,7710,32,2,99.5610,99.9742,384,52,0,34,0,52,35,384,1567636,26959584,28527220,30.899,35.708,66.607,30.501,26959584,1567636
c6288,fixed-384,384,2,7744,7710,32,2,99.5610,99.9742,384,44,0,34,0,44,41,384,1646694,26959584,28606278,33.208,35.506,68.713,32.933,26959584,1646694
c6288,fixed-384,384,3,7744,7710,32,2,99.5610,99.9742,384,48,0,34,0,48,36,384,1606588,26959584,28566172,32.287,36.143,68.430,32.309,26959584,1606588
c6288,fixed-384,384,4,7744,7710,32,2,99.5610,99.9742,384,45,0,34,0,45,42,384,1614528,26959584,28574112,38.453,37.729,76.182,37.352,26959584,1614528
c6288,fixed-384,384,5,7744,7710,32,2,99.5610,99.9742,384,56,0,34,0,56,40,384,1643017,26959584,28602601,38.877,42.971,81.848,40.286,26959584,1643017
c6288,fixed-512,512,1,7744,7710,32,2,99.5610,99.9742,512,52,0,34,0,52,35,512,1572534,26959584,28532118,37.324,44.634,81.958,36.558,26959584,1572534
c6288,fixed-512,512,2,7744,7710,32,2,99.5610,99.9742,512,44,0,34,0,44,41,512,1651592,26959584,28611176,38.987,42.536,81.523,39.165,26959584,1651592
c6288,fixed-512,512,3,7744,7710,32,2,99.5610,99.9742,512,48,0,34,0,48,36,512,1611486,26959584,28571070,36.882,42.155,79.038,35.802,26959584,1611486
c6288,fixed-512,512,4,7744,7710,32,2,99.5610,99.9742,512,45,0,34,0,45,42,512,1619426,26959584,28579010,38.180,42.299,80.479,36.581,26959584,1619426
c6288,fixed-512,512,5,7744,7710,32,2,99.5610,99.9742,512,56,0,34,0,56,40,512,1647915,26959584,28607499,37.629,52.883,90.512,37.803,26959584,1647915
c6288,fixed-768,768,1,7744,7710,32,2,99.5610,99.9742,768,52,0,34,0,52,35,768,1582330,26959584,28541914,39.269,42.438,81.707,35.020,26959584,1582330
c6288,fixed-768,768,2,7744,7710,32,2,99.5610,99.9742,768,44,0,34,0,44,41,768,1661388,26959584,28620972,42.268,42.285,84.553,36.441,26959584,1661388
c6288,fixed-768,768,3,7744,7710,32,2,99.5610,99.9742,768,48,0,34,0,48,36,768,1621282,26959584,28580866,33.005,36.987,69.992,33.945,26959584,1621282
c6288,fixed-768,768,4,7744,7710,32,2,99.5610,99.9742,768,45,0,34,0,45,42,768,1629222,26959584,28588806,34.587,38.857,73.444,33.373,26959584,1629222
c6288,fixed-768,768,5,7744,7710,32,2,99.5610,99.9742,768,56,0,34,0,56,40,768,1657711,26959584,28617295,36.622,38.644,75.265,34.191,26959584,1657711
c6288,fixed-1024,1024,1,7744,7710,32,2,99.5610,99.9742,1024,52,0,34,0,52,35,1024,1592126,26959584,28551710,34.422,37.938,72.360,32.671,26959584,1592126
c6288,fixed-1024,1024,2,7744,7710,32,2,99.5610,99.9742,1024,44,0,34,0,44,41,1024,1671184,26959584,28630768,34.004,36.214,70.218,33.965,26959584,1671184
c6288,fixed-1024,1024,3,7744,7710,32,2,99.5610,99.9742,1024,48,0,34,0,48,36,1024,1631078,26959584,28590662,34.483,37.160,71.643,34.585,26959584,1631078
c6288,fixed-1024,1024,4,7744,7710,32,2,99.5610,99.9742,1024,45,0,34,0,45,42,1024,1639018,26959584,28598602,36.357,41.865,78.222,34.919,26959584,1639018
c6288,fixed-1024,1024,5,7744,7710,32,2,99.5610,99.9742,1024,56,0,34,0,56,40,1024,1667507,26959584,28627091,37.022,43.144,80.166,37.118,26959584,1667507
c6288,fixed-1536,1536,1,7744,7710,32,2,99.5610,99.9742,1536,52,0,34,0,52,35,1536,1611718,26959584,28571302,37.328,43.469,80.797,36.253,26959584,1611718
c6288,fixed-1536,1536,2,7744,7710,32,2,99.5610,99.9742,1536,44,0,34,0,44,41,1536,1690776,26959584,28650360,38.546,42.134,80.680,36.100,26959584,1690776
c6288,fixed-1536,1536,3,7744,7710,32,2,99.5610,99.9742,1536,48,0,34,0,48,36,1536,1650670,26959584,28610254,36.044,39.687,75.731,33.704,26959584,1650670
c6288,fixed-1536,1536,4,7744,7710,32,2,99.5610,99.9742,1536,45,0,34,0,45,42,1536,1658610,26959584,28618194,37.650,39.946,77.596,35.538,26959584,1658610
c6288,fixed-1536,1536,5,7744,7710,32,2,99.5610,99.9742,1536,56,0,34,0,56,40,1536,1687099,26959584,28646683,37.795,40.244,78.039,36.339,26959584,1687099
c6288,fixed-2048,2048,1,7744,7710,32,2,99.5610,99.9742,2048,52,0,34,0,52,35,2048,1631310,26959584,28590894,35.863,40.875,76.738,35.483,26959584,1631310
c6288,fixed-2048,2048,2,7744,7710,32,2,99.5610,99.9742,2048,44,0,34,0,44,41,2048,1710368,26959584,28669952,38.359,41.601,79.960,37.351,26959584,1710368
c6288,fixed-2048,2048,3,7744,7710,32,2,99.5610,99.9742,2048,48,0,34,0,48,36,2048,1670262,26959584,28629846,35.965,39.421,75.386,56.939,26959584,1670262
c6288,fixed-2048,2048,4,7744,7710,32,2,99.5610,99.9742,2048,45,0,34,0,45,42,2048,1678202,26959584,28637786,102.542,92.714,195.255,92.179,26959584,1678202
c6288,fixed-2048,2048,5,7744,7710,32,2,99.5610,99.9742,2048,56,0,34,0,56,40,2048,1706691,26959584,28666275,71.979,71.645,143.624,39.297,26959584,1706691
c6288,fixed-3072,3072,1,7744,7710,32,2,99.5610,99.9742,3072,52,0,34,0,52,35,3072,1670494,26959584,28630078,38.754,43.089,81.843,33.708,26959584,1670494
c6288,fixed-3072,3072,2,7744,7710,32,2,99.5610,99.9742,3072,44,0,34,0,44,41,3072,1749552,26959584,28709136,36.671,41.132,77.803,36.194,26959584,1749552
c6288,fixed-3072,3072,3,7744,7710,32,2,99.5610,99.9742,3072,48,0,34,0,48,36,3072,1709446,26959584,28669030,35.735,40.699,76.434,33.775,26959584,1709446
c6288,fixed-3072,3072,4,7744,7710,32,2,99.5610,99.9742,3072,45,0,34,0,45,42,3072,1717386,26959584,28676970,33.410,39.632,73.042,34.097,26959584,1717386
c6288,fixed-3072,3072,5,7744,7710,32,2,99.5610,99.9742,3072,56,0,34,0,56,40,3072,1745875,26959584,28705459,37.136,41.406,78.542,36.880,26959584,1745875
c6288,fixed-4096,4096,1,7744,7710,32,2,99.5610,99.9742,4096,52,0,34,0,52,35,4096,1709678,26959584,28669262,34.850,41.224,76.073,31.050,26959584,1709678
c6288,fixed-4096,4096,2,7744,7710,32,2,99.5610,99.9742,4096,44,0,34,0,44,41,4096,1788736,26959584,28748320,35.679,39.608,75.288,34.348,26959584,1788736
c6288,fixed-4096,4096,3,7744,7710,32,2,99.5610,99.9742,4096,48,0,34,0,48,36,4096,1748630,26959584,28708214,34.265,40.000,74.265,34.652,26959584,1748630
c6288,fixed-4096,4096,4,7744,7710,32,2,99.5610,99.9742,4096,45,0,34,0,45,42,4096,1756570,26959584,28716154,35.757,42.416,78.173,35.797,26959584,1756570
c6288,fixed-4096,4096,5,7744,7710,32,2,99.5610,99.9742,4096,56,0,34,0,56,40,4096,1785059,26959584,28744643,37.241,42.961,80.203,35.132,26959584,1785059
c6288,fixed-6144,6144,1,7744,7710,32,2,99.5610,99.9742,6144,52,0,34,0,52,35,6144,1788046,26959584,28747630,33.251,37.239,70.490,31.609,26959584,1788046
c6288,fixed-6144,6144,2,7744,7710,32,2,99.5610,99.9742,6144,44,0,34,0,44,41,6144,1867104,26959584,28826688,35.986,40.643,76.629,33.687,26959584,1867104
c6288,fixed-6144,6144,3,7744,7710,32,2,99.5610,99.9742,6144,48,0,34,0,48,36,6144,1826998,26959584,28786582,33.567,38.241,71.807,35.291,26959584,1826998
c6288,fixed-6144,6144,4,7744,7710,32,2,99.5610,99.9742,6144,45,0,34,0,45,42,6144,1834938,26959584,28794522,37.023,40.811,77.834,36.772,26959584,1834938
c6288,fixed-6144,6144,5,7744,7710,32,2,99.5610,99.9742,6144,56,0,34,0,56,40,6144,1863427,26959584,28823011,39.427,41.873,81.299,35.926,26959584,1863427
c6288,fixed-8192,8192,1,7744,7710,32,2,99.5610,99.9742,8192,52,0,34,0,52,35,8192,1866414,26959584,28825998,37.398,40.407,77.805,35.329,26959584,1866414
c6288,fixed-8192,8192,2,7744,7710,32,2,99.5610,99.9742,8192,44,0,34,0,44,41,8192,1945472,26959584,28905056,37.895,40.738,78.634,37.243,26959584,1945472
c6288,fixed-8192,8192,3,7744,7710,32,2,99.5610,99.9742,8192,48,0,34,0,48,36,8192,1905366,26959584,28864950,36.832,39.117,75.949,33.903,26959584,1905366
c6288,fixed-8192,8192,4,7744,7710,32,2,99.5610,99.9742,8192,45,0,34,0,45,42,8192,1913306,26959584,28872890,35.788,38.305,74.093,33.306,26959584,1913306
c6288,fixed-8192,8192,5,7744,7710,32,2,99.5610,99.9742,8192,56,0,34,0,56,40,8192,1941795,26959584,28901379,33.132,35.298,68.430,31.853,26959584,1941795
c6288,fixed-12288,12288,1,7744,7710,32,2,99.5610,99.9742,12288,52,0,34,0,52,35,12288,2023150,26959584,28982734,32.109,42.683,74.792,31.729,26959584,2023150
c6288,fixed-12288,12288,2,7744,7710,32,2,99.5610,99.9742,12288,44,0,34,0,44,41,12288,2102208,26959584,29061792,36.356,38.047,74.403,35.582,26959584,2102208
c6288,fixed-12288,12288,3,7744,7710,32,2,99.5610,99.9742,12288,48,0,34,0,48,36,12288,2062102,26959584,29021686,36.836,52.559,89.395,41.967,26959584,2062102
c6288,fixed-12288,12288,4,7744,7710,32,2,99.5610,99.9742,12288,45,0,34,0,45,42,12288,2070042,26959584,29029626,39.157,40.703,79.859,35.166,26959584,2070042
c6288,fixed-12288,12288,5,7744,7710,32,2,99.5610,99.9742,12288,56,0,34,0,56,40,12288,2098531,26959584,29058115,40.654,46.085,86.739,36.688,26959584,2098531
c6288,fixed-16384,16384,1,7744,7710,32,2,99.5610,99.9742,16384,52,0,34,0,52,35,16384,2179886,26959584,29139470,36.086,41.890,77.976,33.296,26959584,2179886
c6288,fixed-16384,16384,2,7744,7710,32,2,99.5610,99.9742,16384,44,0,34,0,44,41,16384,2258944,26959584,29218528,37.208,39.810,77.018,36.910,26959584,2258944
c6288,fixed-16384,16384,3,7744,7710,32,2,99.5610,99.9742,16384,48,0,34,0,48,36,16384,2218838,26959584,29178422,37.447,43.209,80.655,41.462,26959584,2218838
c6288,fixed-16384,16384,4,7744,7710,32,2,99.5610,99.9742,16384,45,0,34,0,45,42,16384,2226778,26959584,29186362,42.482,44.403,86.885,37.397,26959584,2226778
c6288,fixed-16384,16384,5,7744,7710,32,2,99.5610,99.9742,16384,56,0,34,0,56,40,16384,2255267,26959584,29214851,39.704,39.055,78.759,35.037,26959584,2255267
c6288,fixed-24576,24576,1,7744,7710,32,2,99.5610,99.9742,24576,52,0,34,0,52,35,24576,2493358,26959584,29452942,35.404,38.930,74.334,33.618,26959584,2493358
c6288,fixed-24576,24576,2,7744,7710,32,2,99.5610,99.9742,24576,44,0,34,0,44,41,24576,2572416,26959584,29532000,40.278,56.540,96.818,47.319,26959584,2572416
c6288,fixed-24576,24576,3,7744,7710,32,2,99.5610,99.9742,24576,48,0,34,0,48,36,24576,2532310,26959584,29491894,50.690,52.244,102.935,45.552,26959584,2532310
c6288,fixed-24576,24576,4,7744,7710,32,2,99.5610,99.9742,24576,45,0,34,0,45,42,24576,2540250,26959584,29499834,51.499,44.801,96.301,31.431,26959584,2540250
c6288,fixed-24576,24576,5,7744,7710,32,2,99.5610,99.9742,24576,56,0,34,0,56,40,24576,2568739,26959584,29528323,46.679,48.936,95.616,47.680,26959584,2568739
c6288,fixed-32768,32768,1,7744,7710,32,2,99.5610,99.9742,32768,52,0,34,0,52,35,32768,2806830,26959584,29766414,47.891,48.422,96.313,39.530,26959584,2806830
c6288,fixed-32768,32768,2,7744,7710,32,2,99.5610,99.9742,32768,44,0,34,0,44,41,32768,2885888,26959584,29845472,48.476,39.773,88.250,41.382,26959584,2885888
c6288,fixed-32768,32768,3,7744,7710,32,2,99.5610,99.9742,32768,48,0,34,0,48,36,32768,2845782,26959584,29805366,51.813,37.793,89.606,30.395,26959584,2845782
c6288,fixed-32768,32768,4,7744,7710,32,2,99.5610,99.9742,32768,45,0,34,0,45,42,32768,2853722,26959584,29813306,32.392,36.056,68.448,29.694,26959584,2853722
c6288,fixed-32768,32768,5,7744,7710,32,2,99.5610,99.9742,32768,56,0,34,0,56,40,32768,2882211,26959584,29841795,33.147,32.841,65.989,31.825,26959584,2882211
c6288,plateau,576,1,7744,7710,32,2,99.5610,99.9742,576,52,0,34,0,52,35,576,1574983,26959584,28534567,31.053,35.231,66.285,30.655,26959584,1574983
c6288,plateau,512,2,7744,7710,32,2,99.5610,99.9742,512,44,0,34,0,44,41,512,1651592,26959584,28611176,32.994,35.549,68.543,32.819,26959584,1651592
c6288,plateau,512,3,7744,7710,32,2,99.5610,99.9742,512,48,0,34,0,48,36,512,1611486,26959584,28571070,31.486,35.089,66.574,31.095,26959584,1611486
c6288,plateau,512,4,7744,7710,32,2,99.5610,99.9742,512,45,0,34,0,45,42,512,1619426,26959584,28579010,31.759,36.581,68.340,32.307,26959584,1619426
c6288,plateau,576,5,7744,7710,32,2,99.5610,99.9742,576,56,0,34,0,56,40,576,1650364,26959584,28609948,32.376,37.043,69.419,32.176,26959584,1650364
c6288,stage1,512,1,7744,7710,32,2,99.5610,99.9742,512,52,0,34,0,52,35,512,1572534,26959584,28532118,31.262,37.907,69.169,32.031,26959584,1572534
c6288,stage1,448,2,7744,7710,32,2,99.5610,99.9742,448,44,0,34,0,44,41,448,1649143,26959584,28608727,35.165,37.734,72.899,34.481,26959584,1649143
c6288,stage1,512,3,7744,7710,32,2,99.5610,99.9742,512,48,0,34,0,48,36,512,1611486,26959584,28571070,31.712,35.870,67.582,32.236,26959584,1611486
c6288,stage1,512,4,7744,7710,32,2,99.5610,99.9742,512,45,0,34,0,45,42,512,1619426,26959584,28579010,33.188,36.816,70.003,31.592,26959584,1619426
c6288,stage1,896,5,7744,7710,32,2,99.5610,99.9742,896,56,0,34,0,56,40,896,1662609,26959584,28622193,37.120,43.106,80.226,37.133,26959584,1662609
c6288,adaptive,512,1,7744,7710,32,2,99.5610,99.9742,512,52,0,34,34,52,35,512,1572534,26959584,28532118,30.709,34.936,65.645,30.016,26959584,1572534
c6288,adaptive,448,2,7744,7710,32,2,99.5610,99.9742,448,44,0,34,34,44,41,448,1649143,26959584,28608727,31.805,35.083,66.888,31.754,26959584,1649143
c6288,adaptive,512,3,7744,7710,32,2,99.5610,99.9742,512,48,0,34,34,48,36,512,1611486,26959584,28571070,30.454,36.944,67.398,30.092,26959584,1611486
c6288,adaptive,512,4,7744,7710,32,2,99.5610,99.9742,512,45,0,34,34,45,42,512,1619426,26959584,28579010,31.330,36.921,68.251,32.057,26959584,1619426
c6288,adaptive,896,5,7744,7710,32,2,99.5610,99.9742,896,56,0,34,34,56,40,896,1662609,26959584,28622193,32.384,35.301,67.685,31.984,26959584,1662609
c7552,podem,0,1,7550,7419,52,79,98.2649,98.9536,0,0,309,443,0,309,240,0,0,408688633,408688633,0.000,455.503,455.503,9.484,331079936,77608697
c7552,podem,0,2,7550,7417,52,81,98.2384,98.9272,0,0,303,438,0,303,231,0,0,420197002,420197002,0.000,469.218,469.218,9.452,344533744,75663258
c7552,podem,0,3,7550,7418,52,80,98.2517,98.9404,0,0,308,442,0,308,239,0,0,418061694,418061694,0.000,457.129,457.129,9.340,337706928,80354766
c7552,podem,0,4,7550,7417,52,81,98.2384,98.9272,0,0,311,448,0,311,234,0,0,435178255,435178255,0.000,484.082,484.082,9.501,344533744,90644511
c7552,podem,0,5,7550,7416,52,82,98.2252,98.9139,0,0,303,440,0,303,225,0,0,438534633,438534633,0.000,470.752,470.752,9.113,353045920,85488713
c7552,fixed-64,64,1,7550,7416,52,82,98.2252,98.9139,64,64,244,381,0,308,238,64,293975,425369466,425663441,6.969,448.080,455.048,9.062,351842816,73820625
c7552,fixed-64,64,2,7550,7416,52,82,98.2252,98.9139,64,62,257,393,0,319,244,64,288993,424203655,424492648,6.821,445.796,452.617,11.091,353285664,71206984
c7552,fixed-64,64,3,7550,7417,52,81,98.2384,98.9272,64,61,242,379,0,303,228,64,293896,427040575,427334471,7.113,502.655,509.767,10.300,344533744,82800727
c7552,fixed-64,64,4,7550,7417,52,81,98.2384,98.9272,64,63,241,379,0,304,231,64,287666,430067663,430355329,7.979,500.796,508.775,9.918,344419136,85936193
c7552,fixed-64,64,5,7550,7417,52,81,98.2384,98.9272,64,64,232,367,0,296,225,64,290755,416372916,416663671,7.467,485.857,493.324,10.365,344533744,72129927
c7552,fixed-96,96,1,7550,7418,52,80,98.2517,98.9404,128,114,203,339,0,317,223,128,310655,411986349,412297004,8.035,463.107,471.142,10.185,339921856,72375148
c7552,fixed-96,96,2,7550,7416,52,82,98.2252,98.9139,128,109,221,358,0,330,233,128,304066,415660527,415964593,8.216,454.139,462.356,9.343,349838176,66126417
c7552,fixed-96,96,3,7550,7416,52,82,98.2252,98.9139,128,107,232,368,0,339,233,128,309164,415246199,415555363,7.207,484.950,492.157,10.010,351160736,64394627
c7552,fixed-96,96,4,7550,7416,52,82,98.2252,98.9139,128,112,219,355,0,331,239,128,304580,413076018,413380598,7.810,465.213,473.023,9.323,351842816,61537782
c7552,fixed-96,96,5,7550,7416,52,82,98.2252,98.9139,128,116,221,358,0,337,233,128,307405,426252603,426560008,7.300,452.419,459.719,8.824,349838176,76721832
c7552,fixed-128,128,1,7550,7418,52,80,98.2517,98.9404,128,114,203,339,0,317,223,128,310655,411986349,412297004,7.343,467.944,475.286,9.300,339921856,72375148
c7552,fixed-128,128,2,7550,7416,52,82,98.2252,98.9139,128,109,221,358,0,330,233,128,304066,415660527,415964593,7.563,453.009,460.572,9.158,349838176,66126417
c7552,fixed-128,128,3,7550,7416,52,82,98.2252,98.9139,128,107,232,368,0,339,233,128,309164,415246199,415555363,7.462,497.627,505.089,10.268,351160736,64394627
c7552,fixed-128,128,4,7550,7416,52,82,98.2252,98.9139,128,112,219,355,0,331,239,128,304580,413076018,413380598,7.826,472.505,480.331,9.435,351842816,61537782
c7552,fixed-128,128,5,7550,7416,52,82,98.2252,98.9139,128,116,221,358,0,337,233,128,307405,426252603,426560008,7.447,484.554,492.001,10.257,349838176,76721832
c7552,fixed-192,192,1,7550,7419,52,79,98.2649,98.9536,192,142,190,325,0,332,233,192,321674,400766688,401088362,8.570,505.110,513.680,10.453,331079936,70008426
c7552,fixed-192,192,2,7550,7416,52,82,98.2252,98.9139,192,143,197,333,0,340,227,192,315701,410331033,410646734,8.317,522.765,531.081,9.946,353432080,57214654
c7552,fixed-192,192,3,7550,7417,52,81,98.2384,98.9272,192,135,202,338,0,337,231,192,319999,409190636,409510635,8.003,509.878,517.881,9.462,344533744,64976891
c7552,fixed-192,192,4,7550,7416,52,82,98.2252,98.9139,192,144,210,347,0,354,235,192,316275,422206280,422522555,8.740,493.174,501.914,9.535,351842816,70679739
c7552,fixed-192,192,5,7550,7417,52,81,98.2384,98.9272,192,140,202,338,0,342,236,192,318633,409749678,410068311,7.735,471.427,479.162,10.160,344533744,65534567
c7552,fixed-256,256,1,7550,7418,52,80,98.2517,98.9404,256,161,174,310,0,335,240,256,331680,400595944,400927624,8.676,461.383,470.059,10.193,339921856,61005768
c7552,fixed-256,256,2,7550,7419,52,79,98.2649,98.9536,256,169,175,308,0,344,236,256,326252,382568992,382895244,8.376,464.404,472.780,10.201,331079936,51815308
c7552,fixed-256,256,3,7550,7419,52,79,98.2649,98.9536,256,155,193,327,0,348,234,256,329589,393932414,394262003,8.537,453.450,461.987,9.467,331079936,63182067
c7552,fixed-256,256,4,7550,7415,52,83,98.2119,98.9007,256,164,194,330,0,358,234,256,326723,408048784,408375507,7.823,443.178,451.001,10.057,358469808,49905699
c7552,fixed-256,256,5,7550,7417,52,81,98.2384,98.9272,256,168,179,315,0,347,238,256,329069,408732208,409061277,8.831,490.229,499.060,10.224,344533744,64527533
c7552,fixed-384,384,1,7550,7419,52,79,98.2649,98.9536,384,178,165,300,0,343,240,384,349091,394128486,394477577,8.941,470.532,479.473,10.970,331079936,63397641
c7552,fixed-384,384,2,7550,7419,52,79,98.2649,98.9536,384,188,170,303,0,358,247,384,343634,379836673,380180307,9.887,441.600,451.486,9.448,331079936,49100371
c7552,fixed-384,384,3,7550,7419,52,79,98.2649,98.9536,384,183,169,302,0,352,226,384,347601,380782326,381129927,8.214,407.941,416.155,9.506,331079936,50049991
c7552,fixed-384,384,4,7550,7416,52,82,98.2252,98.9139,384,187,172,308,0,359,231,384,345736,394947945,395293681,8.289,415.082,423.371,10.251,351160736,44132945
c7552,fixed-384,384,5,7550,7417,52,81,98.2384,98.9272,384,195,169,305,0,364,240,384,347127,397533777,397880904,8.532,418.552,427.084,8.936,344533744,53347160
c7552,fixed-512,512,1,7550,7419,52,79,98.2649,98.9536,512,188,157,291,0,345,239,512,365717,381827853,382193570,8.251,412.523,420.774,9.341,331079936,51113634
c7552,fixed-512,512,2,7550,7419,52,79,98.2649,98.9536,512,204,155,288,0,359,242,512,360558,377406977,377767535,8.423,408.305,416.728,9.226,331079936,46687599
c7552,fixed-512,512,3,7550,7419,52,79,98.2649,98.9536,512,203,164,298,0,367,239,512,364795,383736415,384101210,8.453,397.479,405.932,9.157,331079936,53021274
c7552,fixed-512,512,4,7550,7416,52,82,98.2252,98.9139,512,201,163,299,0,364,241,512,363585,392539260,392902845,8.353,417.757,426.110,10.369,351842816,41060029
c7552,fixed-512,512,5,7550,7418,52,80,98.2517,98.9404,512,205,159,294,0,364,233,512,363707,392573855,392937562,9.152,451.000,460.152,10.724,337854096,55083466
c7552,fixed-768,768,1,7550,7418,52,80,98.2517,98.9404,768,205,141,274,0,346,243,768,398658,375207118,375605776,11.819,432.148,443.968,10.096,337706928,37898848
c7552,fixed-768,768,2,7550,7419,52,79,98.2649,98.9536,768,220,144,276,0,364,241,768,393860,368928049,369321909,9.722,389.527,399.248,9.670,331079936,38241973
c7552,fixed-768,768,3,7550,7419,52,79,98.2649,98.9536,768,218,150,283,0,368,239,768,397520,374009021,374406541,9.192,414.688,423.880,9.398,331079936,43326605
c7552,fixed-768,768,4,7550,7417,52,81,98.2384,98.9272,768,213,156,291,0,369,251,768,396934,387345047,387741981,8.917,403.716,412.633,9.112,344533744,43208237
c7552,fixed-768,768,5,7550,7418,52,80,98.2517,98.9404,768,212,153,287,0,365,217,768,396211,383337373,383733584,8.789,388.436,397.225,8.960,337854096,45879488
c7552,fixed-1024,1024,1,7550,7419,52,79,98.2649,98.9536,1024,206,137,270,0,343,236,1024,431274,369117282,369548556,9.345,390.632,399.977,10.351,331079936,38468620
c7552,fixed-1024,1024,2,7550,7419,52,79,98.2649,98.9536,1024,226,144,277,0,370,251,1024,425769,368422541,368848310,9.866,391.304,401.169,9.485,331079936,37768374
c7552,fixed-1024,1024,3,7550,7419,52,79,98.2649,98.9536,1024,224,145,278,0,369,234,1024,429551,373271757,373701308,9.637,382.104,391.741,9.261,331079936,42621372
c7552,fixed-1024,1024,4,7550,7419,52,79,98.2649,98.9536,1024,220,146,279,0,366,244,1024,429363,372607237,373036600,9.456,373.962,383.418,9.045,331079936,41956664
c7552,fixed-1024,1024,5,7550,7419,52,79,98.2649,98.9536,1024,224,143,276,0,367,224,1024,428130,368857610,369285740,9.220,376.004,385.224,9.144,331079936,38205804
c7552,fixed-1536,1536,1,7550,7419,52,79,98.2649,98.9536,1536,213,132,264,0,345,236,1536,495503,365417501,365913004,10.578,381.316,391.893,9.475,331079936,34833068
c7552,fixed-1536,1536,2,7550,7419,52,79,98.2649,98.9536,1536,234,135,268,0,369,234,1536,488068,371131890,371619958,10.642,390.329,400.971,9.416,331079936,40540022
c7552,fixed-1536,1536,3,7550,7419,52,79,98.2649,98.9536,1536,237,133,266,0,370,232,1536,489971,370996149,371486120,10.785,391.642,402.426,9.223,331079936,40406184
c7552,fixed-1536,1536,4,7550,7419,52,79,98.2649,98.9536,1536,233,138,271,0,371,245,1536,493524,371811011,372304535,10.493,383.359,393.852,9.399,331079936,41224599
c7552,fixed-1536,1536,5,7550,7419,52,79,98.2649,98.9536,1536,240,127,260,0,367,231,1536,488318,370112390,370600708,10.639,389.673,400.312,9.136,331079936,39520772
c7552,fixed-2048,2048,1,7550,7419,52,79,98.2649,98.9536,2048,219,132,264,0,351,234,2048,553533,361101850,361655383,11.314,374.296,385.609,9.880,331079936,30575447
c7552,fixed-2048,2048,2,7550,7419,52,79,98.2649,98.9536,2048,241,129,261,0,370,243,2048,546473,366353138,366899611,11.973,414.790,426.763,10.113,331079936,35819675
c7552,fixed-2048,2048,3,7550,7419,52,79,98.2649,98.9536,2048,248,126,258,0,374,244,2048,548464,365332066,365880530,11.948,413.461,425.409,10.398,331079936,34800594
c7552,fixed-2048,2048,4,7550,7419,52,79,98.2649,98.9536,2048,242,128,260,0,370,233,2048,555368,365911085,366466453,12.934,398.472,411.406,9.752,331079936,35386517
c7552,fixed-2048,2048,5,7550,7419,52,79,98.2649,98.9536,2048,244,124,256,0,368,239,2048,547161,364072324,364619485,12.313,402.757,415.070,9.767,331079936,33539549
c7552,fixed-3072,3072,1,7550,7419,52,79,98.2649,98.9536,3072,227,126,258,0,353,225,3072,668156,365532792,366200948,14.092,412.973,427.065,10.408,331079936,35121012
c7552,fixed-3072,3072,2,7550,7419,52,79,98.2649,98.9536,3072,253,117,250,0,370,243,3072,658890,368369694,369028584,14.786,425.177,439.963,10.185,331079936,37948648
c7552,fixed-3072,3072,3,7550,7419,52,79,98.2649,98.9536,3072,255,117,249,0,372,238,3072,658077,364261542,364919619,14.204,397.311,411.515,9.391,331079936,33839683
c7552,fixed-3072,3072,4,7550,7419,52,79,98.2649,98.9536,3072,249,120,251,0,369,228,3072,672259,359927544,360599803,13.549,428.306,441.855,10.476,331079936,29519867
c7552,fixed-3072,3072,5,7550,7419,52,79,98.2649,98.9536,3072,249,126,258,0,375,225,3072,661844,364210742,364872586,15.727,416.976,432.703,9.258,331079936,33792650
c7552,fixed-4096,4096,1,7550,7419,52,79,98.2649,98.9536,4096,232,118,250,0,350,224,4096,777673,359750103,360527776,15.577,377.114,392.690,9.171,331079936,29447840
c7552,fixed-4096,4096,2,7550,7419,52,79,98.2649,98.9536,4096,256,115,248,0,371,238,4096,765234,368062297,368827531,14.371,356.745,371.116,8.298,331079936,37747595
c7552,fixed-4096,4096,3,7550,7419,52,79,98.2649,98.9536,4096,262,115,246,0,377,235,4096,766966,359091940,359858906,13.032,406.386,419.418,10.406,331079936,28778970
c7552,fixed-4096,4096,4,7550,7419,52,79,98.2649,98.9536,4096,256,117,250,0,373,228,4096,783643,366490546,367274189,16.550,430.170,446.720,10.005,331079936,36194253
c7552,fixed-4096,4096,5,7550,7419,52,79,98.2649,98.9536,4096,254,119,251,0,373,231,4096,772949,363473220,364246169,16.335,422.177,438.512,10.208,331079936,33166233
c7552,fixed-6144,6144,1,7550,7419,52,79,98.2649,98.9536,6144,234,121,252,0,355,231,6144,995293,360066937,361062230,19.741,411.221,430.962,10.173,331079936,29982294
c7552,fixed-6144,6144,2,7550,7419,52,79,98.2649,98.9536,6144,262,108,241,0,370,241,6144,976991,367318127,368295118,19.537,422.407,441.944,10.534,331079936,37215182
c7552,fixed-6144,6144,3,7550,7419,52,79,98.2649,98.9536,6144,267,105,236,0,372,233,6144,979504,357932024,358911528,19.563,408.224,427.787,10.533,331079936,27831592
c7552,fixed-6144,6144,4,7550,7419,52,79,98.2649,98.9536,6144,261,114,247,0,375,233,6144,989439,366978773,367968212,19.638,430.526,450.165,10.995,331079936,36888276
c7552,fixed-6144,6144,5,7550,7419,52,79,98.2649,98.9536,6144,259,116,248,0,375,231,6144,993646,363201146,364194792,22.006,431.702,453.708,10.292,331079936,33114856
c7552,fixed-8192,8192,1,7550,7419,52,79,98.2649,98.9536,8192,242,111,242,0,353,227,8192,1204686,357969853,359174539,23.399,421.015,444.414,10.407,331079936,28094603
c7552,fixed-8192,8192,2,7550,7419,52,79,98.2649,98.9536,8192,264,105,238,0,369,234,8192,1184710,366950393,368135103,22.764,420.752,443.516,10.374,331079936,37055167
c7552,fixed-8192,8192,3,7550,7419,52,79,98.2649,98.9536,8192,271,104,235,0,375,233,8192,1187084,357830072,359017156,22.619,418.886,441.505,9.537,331079936,27937220
c7552,fixed-8192,8192,4,7550,7419,52,79,98.2649,98.9536,8192,267,110,241,0,377,236,8192,1189081,358643083,359832164,20.802,397.058,417.860,9.630,331079936,28752228
c7552,fixed-8192,8192,5,7550,7419,52,79,98.2649,98.9536,8192,262,116,247,0,378,230,8192,1205536,359219891,360425427,22.130,421.711,443.841,10.248,331079936,29345491
c7552,fixed-12288,12288,1,7550,7419,52,79,98.2649,98.9536,12288,255,96,227,0,351,222,12288,1595850,351221789,352817639,29.996,407.852,437.848,10.563,331079936,21737703
c7552,fixed-12288,12288,2,7550,7419,52,79,98.2649,98.9536,12288,270,100,232,0,370,242,12288,1594570,361068668,362663238,29.262,458.925,488.187,10.531,331079936,31583302
c7552,fixed-12288,12288,3,7550,7419,52,79,98.2649,98.9536,12288,278,97,228,0,375,230,12288,1589589,356332568,357922157,28.906,404.755,433.662,9.709,331079936,26842221
c7552,fixed-12288,12288,4,7550,7419,52,79,98.2649,98.9536,12288,275,102,233,0,377,226,12288,1567290,357634834,359202124,26.501,391.135,417.636,10.935,331079936,28122188
c7552,fixed-12288,12288,5,7550,7419,52,79,98.2649,98.9536,12288,272,103,234,0,375,238,12288,1608512,353275971,354884483,30.012,417.741,447.753,10.418,331079936,23804547
c7552,fixed-16384,16384,1,7550,7419,52,79,98.2649,98.9536,16384,261,91,222,0,352,224,16384,1975573,350668145,352643718,35.760,424.405,460.165,11.301,331079936,21563782
c7552,fixed-16384,16384,2,7550,7419,52,79,98.2649,98.9536,16384,275,95,226,0,370,236,16384,1990991,356520229,358511220,36.438,423.363,459.800,10.623,331079936,27431284
c7552,fixed-16384,16384,3,7550,7419,52,79,98.2649,98.9536,16384,280,94,225,0,374,233,16384,1979987,356039180,358019167,35.258,415.013,450.271,10.730,331079936,26939231
c7552,fixed-16384,16384,4,7550,7419,52,79,98.2649,98.9536,16384,281,95,226,0,376,237,16384,1936428,356530982,358467410,30.765,405.350,436.115,11.968,331079936,27387474
c7552,fixed-16384,16384,5,7550,7419,52,79,98.2649,98.9536,16384,281,94,225,0,375,225,16384,2000334,352321766,354322100,35.549,402.863,438.412,12.036,331079936,23242164
c7552,fixed-24576,24576,1,7550,7419,52,79,98.2649,98.9536,24576,270,89,220,0,359,229,24576,2699232,350416700,353115932,44.403,389.729,434.132,10.155,331079936,22035996
c7552,fixed-24576,24576,2,7550,7419,52,79,98.2649,98.9536,24576,279,90,221,0,369,225,24576,2765771,351016937,353782708,45.015,388.720,433.735,10.504,331079936,22702772
c7552,fixed-24576,24576,3,7550,7419,52,79,98.2649,98.9536,24576,286,86,217,0,372,221,24576,2746519,355049661,357796180,44.787,407.801,452.589,10.106,331079936,26716244
c7552,fixed-24576,24576,4,7550,7419,52,79,98.2649,98.9536,24576,287,93,224,0,380,232,24576,2649542,351419784,354069326,42.314,393.657,435.971,10.411,331079936,22989390
c7552,fixed-24576,24576,5,7550,7419,52,79,98.2649,98.9536,24576,284,90,221,0,374,221,24576,2768066,351841378,354609444,45.306,392.419,437.725,10.338,331079936,23529508
c7552,fixed-32768,32768,1,7550,7419,52,79,98.2649,98.9536,32768,274,85,216,0,359,230,32768,3404797,349888585,353293382,51.955,385.168,437.124,10.298,331079936,22213446
c7552,fixed-32768,32768,2,7550,7419,52,79,98.2649,98.9536,32768,288,75,206,0,363,226,32768,3479725,348747224,352226949,55.652,413.576,469.228,10.740,331079936,21147013
c7552,fixed-32768,32768,3,7550,7419,52,79,98.2649,98.9536,32768,294,77,208,0,371,222,32768,3474997,349917281,353392278,56.684,409.084,465.769,10.691,331079936,22312342
c7552,fixed-32768,32768,4,7550,7419,52,79,98.2649,98.9536,32768,299,79,210,0,378,232,32768,3348735,345956009,349304744,53.195,406.635,459.830,10.608,331079936,18224808
c7552,fixed-32768,32768,5,7550,7419,52,79,98.2649,98.9536,32768,292,85,216,0,377,221,32768,3523298,351689614,355212912,58.169,378.385,436.554,9.635,331079936,24132976
c7552,plateau,1216,1,7550,7419,52,79,98.2649,98.9536,1216,206,141,273,0,347,244,1216,455797,367027202,367482999,9.885,383.163,393.047,10.936,331079936,36403063
c7552,plateau,3520,2,7550,7419,52,79,98.2649,98.9536,3520,254,115,248,0,369,241,3520,705862,368649326,369355188,13.825,379.841,393.666,9.454,331079936,38275252
c7552,plateau,2944,3,7550,7419,52,79,98.2649,98.9536,2944,254,121,253,0,375,239,2944,644725,364709608,365354333,13.148,401.634,414.782,9.617,331079936,34274397
c7552,plateau,3008,4,7550,7419,52,79,98.2649,98.9536,3008,248,124,255,0,372,238,3008,665186,360433837,361099023,13.465,388.289,401.753,9.686,331079936,30019087
c7552,plateau,2816,5,7550,7419,52,79,98.2649,98.9536,2816,248,125,257,0,373,229,2816,633168,364123271,364756439,12.972,385.858,398.830,9.296,331079936,33676503
c7552,stage1,1216,1,7550,7419,52,79,98.2649,98.9536,1216,206,141,273,0,347,244,1216,455797,367027202,367482999,10.536,407.181,417.718,9.029,331079936,36403063
c7552,stage1,3584,2,7550,7419,52,79,98.2649,98.9536,3584,254,116,249,0,370,248,3584,712332,368178614,368890946,13.493,373.659,387.152,9.449,331079936,37811010
c7552,stage1,2880,3,7550,7419,52,79,98.2649,98.9536,2880,254,116,248,0,370,231,2880,637497,364130666,364768163,12.690,408.835,421.525,9.624,331079936,33688227
c7552,stage1,4544,4,7550,7419,52,79,98.2649,98.9536,4544,256,115,248,0,371,230,4544,828541,366263754,367092295,16.344,378.057,394.401,9.418,331079936,36012359
c7552,stage1,3008,5,7550,7419,52,79,98.2649,98.9536,3008,248,123,255,0,371,222,3008,654815,363939376,364594191,13.178,383.462,396.640,10.113,331079936,33514255
c7552,adaptive,5056,1,7550,7419,52,79,98.2649,98.9536,5056,229,118,249,16,347,229,5056,832082,359426032,360258114,17.054,415.681,432.735,10.370,331079936,29178178
c7552,adaptive,21632,2,7550,7419,52,79,98.2649,98.9536,21632,274,94,226,16,368,232,21632,2195019,356833233,359028252,33.806,368.344,402.150,9.989,331079936,27948316
c7552,adaptive,10880,3,7550,7419,52,79,98.2649,98.9536,10880,273,102,233,16,375,226,10880,1331490,352428249,353759739,22.280,366.680,388.961,9.898,331079936,22679803
c7552,adaptive,6592,4,7550,7419,52,79,98.2649,98.9536,6592,256,106,239,16,362,219,6592,1007554,362373164,363380718,17.992,405.242,423.233,9.727,331079936,32300782
c7552,adaptive,18816,5,7550,7419,52,79,98.2649,98.9536,18816,280,96,229,16,376,217,18816,1995048,366407424,368402472,31.367,403.301,434.668,10.931,331079936,37322536
