circuit,method,param,seed,faults,detected,redundant,aborted,fc_pct,fe_pct,random_applied,random_kept,podem_vectors,podem_calls,probe_calls,tests,compacted,switch_at,work_random,work_podem,work_total,ms_random,ms_podem,ms_total,ms_compact,work_unresolved,work_core
c17,podem,0,1,22,22,0,0,100.0000,100.0000,0,0,5,5,0,5,5,0,0,634,634,0.000,0.019,0.019,0.004,0,634
c17,podem,0,2,22,22,0,0,100.0000,100.0000,0,0,6,6,0,6,5,0,0,796,796,0.000,0.014,0.014,0.003,0,796
c17,podem,0,3,22,22,0,0,100.0000,100.0000,0,0,7,7,0,7,6,0,0,866,866,0.000,0.013,0.013,0.003,0,866
c17,podem,0,4,22,22,0,0,100.0000,100.0000,0,0,8,8,0,8,6,0,0,1093,1093,0.000,0.015,0.015,0.002,0,1093
c17,podem,0,5,22,22,0,0,100.0000,100.0000,0,0,5,5,0,5,5,0,0,692,692,0.000,0.009,0.009,0.002,0,692
c17,fixed-64,64,1,22,22,0,0,100.0000,100.0000,64,7,0,0,0,7,6,64,62,0,62,0.003,0.000,0.003,0.002,0,62
c17,fixed-64,64,2,22,22,0,0,100.0000,100.0000,64,9,0,0,0,9,6,64,62,0,62,0.003,0.000,0.003,0.002,0,62
c17,fixed-64,64,3,22,22,0,0,100.0000,100.0000,64,8,0,0,0,8,4,64,62,0,62,0.002,0.000,0.002,0.002,0,62
c17,fixed-64,64,4,22,22,0,0,100.0000,100.0000,64,8,0,0,0,8,6,64,62,0,62,0.002,0.000,0.002,0.002,0,62
c17,fixed-64,64,5,22,22,0,0,100.0000,100.0000,64,8,0,0,0,8,7,64,62,0,62,0.002,0.000,0.002,0.002,0,62
c17,fixed-96,96,1,22,22,0,0,100.0000,100.0000,64,7,0,0,0,7,6,64,62,0,62,0.002,0.000,0.002,0.002,0,62
c17,fixed-96,96,2,22,22,0,0,100.0000,100.0000,64,9,0,0,0,9,6,64,62,0,62,0.002,0.000,0.002,0.002,0,62
c17,fixed-96,96,3,22,22,0,0,100.0000,100.0000,64,8,0,0,0,8,4,64,62,0,62,0.002,0.000,0.002,0.002,0,62
c17,fixed-96,96,4,22,22,0,0,100.0000,100.0000,64,8,0,0,0,8,6,64,62,0,62,0.002,0.000,0.002,0.001,0,62
c17,fixed-96,96,5,22,22,0,0,100.0000,100.0000,64,8,0,0,0,8,7,64,62,0,62,0.002,0.000,0.002,0.002,0,62
c17,fixed-128,128,1,22,22,0,0,100.0000,100.0000,64,7,0,0,0,7,6,64,62,0,62,0.002,0.000,0.002,0.002,0,62
c17,fixed-128,128,2,22,22,0,0,100.0000,100.0000,64,9,0,0,0,9,6,64,62,0,62,0.002,0.000,0.002,0.002,0,62
c17,fixed-128,128,3,22,22,0,0,100.0000,100.0000,64,8,0,0,0,8,4,64,62,0,62,0.002,0.000,0.002,0.001,0,62
c17,fixed-128,128,4,22,22,0,0,100.0000,100.0000,64,8,0,0,0,8,6,64,62,0,62,0.002,0.000,0.002,0.002,0,62
c17,fixed-128,128,5,22,22,0,0,100.0000,100.0000,64,8,0,0,0,8,7,64,62,0,62,0.002,0.000,0.002,0.001,0,62
c17,fixed-192,192,1,22,22,0,0,100.0000,100.0000,64,7,0,0,0,7,6,64,62,0,62,0.002,0.000,0.002,0.002,0,62
c17,fixed-192,192,2,22,22,0,0,100.0000,100.0000,64,9,0,0,0,9,6,64,62,0,62,0.002,0.000,0.002,0.002,0,62
c17,fixed-192,192,3,22,22,0,0,100.0000,100.0000,64,8,0,0,0,8,4,64,62,0,62,0.002,0.000,0.002,0.001,0,62
c17,fixed-192,192,4,22,22,0,0,100.0000,100.0000,64,8,0,0,0,8,6,64,62,0,62,0.002,0.000,0.002,0.001,0,62
c17,fixed-192,192,5,22,22,0,0,100.0000,100.0000,64,8,0,0,0,8,7,64,62,0,62,0.002,0.000,0.002,0.002,0,62
c17,fixed-256,256,1,22,22,0,0,100.0000,100.0000,64,7,0,0,0,7,6,64,62,0,62,0.002,0.000,0.002,0.002,0,62
c17,fixed-256,256,2,22,22,0,0,100.0000,100.0000,64,9,0,0,0,9,6,64,62,0,62,0.003,0.000,0.003,0.002,0,62
c17,fixed-256,256,3,22,22,0,0,100.0000,100.0000,64,8,0,0,0,8,4,64,62,0,62,0.002,0.000,0.002,0.001,0,62
c17,fixed-256,256,4,22,22,0,0,100.0000,100.0000,64,8,0,0,0,8,6,64,62,0,62,0.002,0.000,0.002,0.001,0,62
c17,fixed-256,256,5,22,22,0,0,100.0000,100.0000,64,8,0,0,0,8,7,64,62,0,62,0.002,0.000,0.002,0.001,0,62
c17,fixed-384,384,1,22,22,0,0,100.0000,100.0000,64,7,0,0,0,7,6,64,62,0,62,0.002,0.000,0.002,0.002,0,62
c17,fixed-384,384,2,22,22,0,0,100.0000,100.0000,64,9,0,0,0,9,6,64,62,0,62,0.002,0.000,0.002,0.001,0,62
c17,fixed-384,384,3,22,22,0,0,100.0000,100.0000,64,8,0,0,0,8,4,64,62,0,62,0.002,0.000,0.002,0.002,0,62
c17,fixed-384,384,4,22,22,0,0,100.0000,100.0000,64,8,0,0,0,8,6,64,62,0,62,0.002,0.000,0.002,0.001,0,62
c17,fixed-384,384,5,22,22,0,0,100.0000,100.0000,64,8,0,0,0,8,7,64,62,0,62,0.002,0.000,0.002,0.002,0,62
c17,fixed-512,512,1,22,22,0,0,100.0000,100.0000,64,7,0,0,0,7,6,64,62,0,62,0.002,0.000,0.002,0.002,0,62
c17,fixed-512,512,2,22,22,0,0,100.0000,100.0000,64,9,0,0,0,9,6,64,62,0,62,0.002,0.000,0.002,0.002,0,62
c17,fixed-512,512,3,22,22,0,0,100.0000,100.0000,64,8,0,0,0,8,4,64,62,0,62,0.002,0.000,0.002,0.001,0,62
c17,fixed-512,512,4,22,22,0,0,100.0000,100.0000,64,8,0,0,0,8,6,64,62,0,62,0.002,0.000,0.002,0.002,0,62
c17,fixed-512,512,5,22,22,0,0,100.0000,100.0000,64,8,0,0,0,8,7,64,62,0,62,0.002,0.000,0.002,0.001,0,62
c17,fixed-768,768,1,22,22,0,0,100.0000,100.0000,64,7,0,0,0,7,6,64,62,0,62,0.002,0.000,0.002,0.002,0,62
c17,fixed-768,768,2,22,22,0,0,100.0000,100.0000,64,9,0,0,0,9,6,64,62,0,62,0.002,0.000,0.002,0.002,0,62
c17,fixed-768,768,3,22,22,0,0,100.0000,100.0000,64,8,0,0,0,8,4,64,62,0,62,0.002,0.000,0.002,0.002,0,62
c17,fixed-768,768,4,22,22,0,0,100.0000,100.0000,64,8,0,0,0,8,6,64,62,0,62,0.002,0.000,0.002,0.002,0,62
c17,fixed-768,768,5,22,22,0,0,100.0000,100.0000,64,8,0,0,0,8,7,64,62,0,62,0.002,0.000,0.002,0.001,0,62
c17,fixed-1024,1024,1,22,22,0,0,100.0000,100.0000,64,7,0,0,0,7,6,64,62,0,62,0.002,0.000,0.002,0.002,0,62
c17,fixed-1024,1024,2,22,22,0,0,100.0000,100.0000,64,9,0,0,0,9,6,64,62,0,62,0.002,0.000,0.002,0.002,0,62
c17,fixed-1024,1024,3,22,22,0,0,100.0000,100.0000,64,8,0,0,0,8,4,64,62,0,62,0.002,0.000,0.002,0.002,0,62
c17,fixed-1024,1024,4,22,22,0,0,100.0000,100.0000,64,8,0,0,0,8,6,64,62,0,62,0.004,0.000,0.004,0.003,0,62
c17,fixed-1024,1024,5,22,22,0,0,100.0000,100.0000,64,8,0,0,0,8,7,64,62,0,62,0.003,0.000,0.003,0.002,0,62
c17,fixed-1536,1536,1,22,22,0,0,100.0000,100.0000,64,7,0,0,0,7,6,64,62,0,62,0.002,0.000,0.002,0.002,0,62
c17,fixed-1536,1536,2,22,22,0,0,100.0000,100.0000,64,9,0,0,0,9,6,64,62,0,62,0.002,0.000,0.002,0.002,0,62
c17,fixed-1536,1536,3,22,22,0,0,100.0000,100.0000,64,8,0,0,0,8,4,64,62,0,62,0.002,0.000,0.002,0.002,0,62
c17,fixed-1536,1536,4,22,22,0,0,100.0000,100.0000,64,8,0,0,0,8,6,64,62,0,62,0.002,0.000,0.002,0.001,0,62
c17,fixed-1536,1536,5,22,22,0,0,100.0000,100.0000,64,8,0,0,0,8,7,64,62,0,62,0.002,0.000,0.002,0.002,0,62
c17,fixed-2048,2048,1,22,22,0,0,100.0000,100.0000,64,7,0,0,0,7,6,64,62,0,62,0.002,0.000,0.002,0.002,0,62
c17,fixed-2048,2048,2,22,22,0,0,100.0000,100.0000,64,9,0,0,0,9,6,64,62,0,62,0.002,0.000,0.002,0.002,0,62
c17,fixed-2048,2048,3,22,22,0,0,100.0000,100.0000,64,8,0,0,0,8,4,64,62,0,62,0.002,0.000,0.002,0.001,0,62
c17,fixed-2048,2048,4,22,22,0,0,100.0000,100.0000,64,8,0,0,0,8,6,64,62,0,62,0.002,0.000,0.002,0.002,0,62
c17,fixed-2048,2048,5,22,22,0,0,100.0000,100.0000,64,8,0,0,0,8,7,64,62,0,62,0.002,0.000,0.002,0.001,0,62
c17,fixed-3072,3072,1,22,22,0,0,100.0000,100.0000,64,7,0,0,0,7,6,64,62,0,62,0.002,0.000,0.002,0.002,0,62
c17,fixed-3072,3072,2,22,22,0,0,100.0000,100.0000,64,9,0,0,0,9,6,64,62,0,62,0.002,0.000,0.002,0.002,0,62
c17,fixed-3072,3072,3,22,22,0,0,100.0000,100.0000,64,8,0,0,0,8,4,64,62,0,62,0.002,0.000,0.002,0.002,0,62
c17,fixed-3072,3072,4,22,22,0,0,100.0000,100.0000,64,8,0,0,0,8,6,64,62,0,62,0.002,0.000,0.002,0.002,0,62
c17,fixed-3072,3072,5,22,22,0,0,100.0000,100.0000,64,8,0,0,0,8,7,64,62,0,62,0.002,0.000,0.002,0.002,0,62
c17,fixed-4096,4096,1,22,22,0,0,100.0000,100.0000,64,7,0,0,0,7,6,64,62,0,62,0.002,0.000,0.002,0.002,0,62
c17,fixed-4096,4096,2,22,22,0,0,100.0000,100.0000,64,9,0,0,0,9,6,64,62,0,62,0.002,0.000,0.002,0.002,0,62
c17,fixed-4096,4096,3,22,22,0,0,100.0000,100.0000,64,8,0,0,0,8,4,64,62,0,62,0.002,0.000,0.002,0.001,0,62
c17,fixed-4096,4096,4,22,22,0,0,100.0000,100.0000,64,8,0,0,0,8,6,64,62,0,62,0.002,0.000,0.002,0.002,0,62
c17,fixed-4096,4096,5,22,22,0,0,100.0000,100.0000,64,8,0,0,0,8,7,64,62,0,62,0.002,0.000,0.002,0.002,0,62
c17,fixed-6144,6144,1,22,22,0,0,100.0000,100.0000,64,7,0,0,0,7,6,64,62,0,62,0.002,0.000,0.002,0.002,0,62
c17,fixed-6144,6144,2,22,22,0,0,100.0000,100.0000,64,9,0,0,0,9,6,64,62,0,62,0.002,0.000,0.002,0.002,0,62
c17,fixed-6144,6144,3,22,22,0,0,100.0000,100.0000,64,8,0,0,0,8,4,64,62,0,62,0.002,0.000,0.002,0.002,0,62
c17,fixed-6144,6144,4,22,22,0,0,100.0000,100.0000,64,8,0,0,0,8,6,64,62,0,62,0.002,0.000,0.002,0.002,0,62
c17,fixed-6144,6144,5,22,22,0,0,100.0000,100.0000,64,8,0,0,0,8,7,64,62,0,62,0.002,0.000,0.002,0.002,0,62
c17,fixed-8192,8192,1,22,22,0,0,100.0000,100.0000,64,7,0,0,0,7,6,64,62,0,62,0.002,0.000,0.002,0.001,0,62
c17,fixed-8192,8192,2,22,22,0,0,100.0000,100.0000,64,9,0,0,0,9,6,64,62,0,62,0.002,0.000,0.002,0.002,0,62
c17,fixed-8192,8192,3,22,22,0,0,100.0000,100.0000,64,8,0,0,0,8,4,64,62,0,62,0.002,0.000,0.002,0.002,0,62
c17,fixed-8192,8192,4,22,22,0,0,100.0000,100.0000,64,8,0,0,0,8,6,64,62,0,62,0.002,0.000,0.002,0.001,0,62
c17,fixed-8192,8192,5,22,22,0,0,100.0000,100.0000,64,8,0,0,0,8,7,64,62,0,62,0.002,0.000,0.002,0.002,0,62
c17,fixed-12288,12288,1,22,22,0,0,100.0000,100.0000,64,7,0,0,0,7,6,64,62,0,62,0.002,0.000,0.002,0.001,0,62
c17,fixed-12288,12288,2,22,22,0,0,100.0000,100.0000,64,9,0,0,0,9,6,64,62,0,62,0.002,0.000,0.002,0.001,0,62
c17,fixed-12288,12288,3,22,22,0,0,100.0000,100.0000,64,8,0,0,0,8,4,64,62,0,62,0.002,0.000,0.002,0.001,0,62
c17,fixed-12288,12288,4,22,22,0,0,100.0000,100.0000,64,8,0,0,0,8,6,64,62,0,62,0.002,0.000,0.002,0.001,0,62
c17,fixed-12288,12288,5,22,22,0,0,100.0000,100.0000,64,8,0,0,0,8,7,64,62,0,62,0.002,0.000,0.002,0.001,0,62
c17,fixed-16384,16384,1,22,22,0,0,100.0000,100.0000,64,7,0,0,0,7,6,64,62,0,62,0.002,0.000,0.002,0.001,0,62
c17,fixed-16384,16384,2,22,22,0,0,100.0000,100.0000,64,9,0,0,0,9,6,64,62,0,62,0.002,0.000,0.002,0.002,0,62
c17,fixed-16384,16384,3,22,22,0,0,100.0000,100.0000,64,8,0,0,0,8,4,64,62,0,62,0.002,0.000,0.002,0.001,0,62
c17,fixed-16384,16384,4,22,22,0,0,100.0000,100.0000,64,8,0,0,0,8,6,64,62,0,62,0.002,0.000,0.002,0.002,0,62
c17,fixed-16384,16384,5,22,22,0,0,100.0000,100.0000,64,8,0,0,0,8,7,64,62,0,62,0.002,0.000,0.002,0.001,0,62
c17,fixed-24576,24576,1,22,22,0,0,100.0000,100.0000,64,7,0,0,0,7,6,64,62,0,62,0.002,0.000,0.002,0.001,0,62
c17,fixed-24576,24576,2,22,22,0,0,100.0000,100.0000,64,9,0,0,0,9,6,64,62,0,62,0.002,0.000,0.002,0.002,0,62
c17,fixed-24576,24576,3,22,22,0,0,100.0000,100.0000,64,8,0,0,0,8,4,64,62,0,62,0.002,0.000,0.002,0.002,0,62
c17,fixed-24576,24576,4,22,22,0,0,100.0000,100.0000,64,8,0,0,0,8,6,64,62,0,62,0.002,0.000,0.002,0.002,0,62
c17,fixed-24576,24576,5,22,22,0,0,100.0000,100.0000,64,8,0,0,0,8,7,64,62,0,62,0.002,0.000,0.002,0.001,0,62
c17,fixed-32768,32768,1,22,22,0,0,100.0000,100.0000,64,7,0,0,0,7,6,64,62,0,62,0.002,0.000,0.002,0.001,0,62
c17,fixed-32768,32768,2,22,22,0,0,100.0000,100.0000,64,9,0,0,0,9,6,64,62,0,62,0.002,0.000,0.002,0.002,0,62
c17,fixed-32768,32768,3,22,22,0,0,100.0000,100.0000,64,8,0,0,0,8,4,64,62,0,62,0.002,0.000,0.002,0.002,0,62
c17,fixed-32768,32768,4,22,22,0,0,100.0000,100.0000,64,8,0,0,0,8,6,64,62,0,62,0.002,0.000,0.002,0.002,0,62
c17,fixed-32768,32768,5,22,22,0,0,100.0000,100.0000,64,8,0,0,0,8,7,64,62,0,62,0.002,0.000,0.002,0.002,0,62
c17,plateau,64,1,22,22,0,0,100.0000,100.0000,64,7,0,0,0,7,6,64,62,0,62,0.002,0.000,0.002,0.002,0,62
c17,plateau,64,2,22,22,0,0,100.0000,100.0000,64,9,0,0,0,9,6,64,62,0,62,0.002,0.000,0.002,0.002,0,62
c17,plateau,64,3,22,22,0,0,100.0000,100.0000,64,8,0,0,0,8,4,64,62,0,62,0.002,0.000,0.002,0.001,0,62
c17,plateau,64,4,22,22,0,0,100.0000,100.0000,64,8,0,0,0,8,6,64,62,0,62,0.002,0.000,0.002,0.002,0,62
c17,plateau,64,5,22,22,0,0,100.0000,100.0000,64,8,0,0,0,8,7,64,62,0,62,0.002,0.000,0.002,0.001,0,62
c17,stage1,64,1,22,22,0,0,100.0000,100.0000,64,7,0,0,0,7,6,64,62,0,62,0.003,0.000,0.003,0.002,0,62
c17,stage1,64,2,22,22,0,0,100.0000,100.0000,64,9,0,0,0,9,6,64,62,0,62,0.002,0.000,0.002,0.002,0,62
c17,stage1,64,3,22,22,0,0,100.0000,100.0000,64,8,0,0,0,8,4,64,62,0,62,0.002,0.000,0.002,0.002,0,62
c17,stage1,64,4,22,22,0,0,100.0000,100.0000,64,8,0,0,0,8,6,64,62,0,62,0.002,0.000,0.002,0.001,0,62
c17,stage1,64,5,22,22,0,0,100.0000,100.0000,64,8,0,0,0,8,7,64,62,0,62,0.002,0.000,0.002,0.001,0,62
c17,adaptive,64,1,22,22,0,0,100.0000,100.0000,64,7,0,0,0,7,6,64,62,0,62,0.002,0.000,0.002,0.002,0,62
c17,adaptive,64,2,22,22,0,0,100.0000,100.0000,64,9,0,0,0,9,6,64,62,0,62,0.002,0.000,0.002,0.002,0,62
c17,adaptive,64,3,22,22,0,0,100.0000,100.0000,64,8,0,0,0,8,4,64,62,0,62,0.002,0.000,0.002,0.002,0,62
c17,adaptive,64,4,22,22,0,0,100.0000,100.0000,64,8,0,0,0,8,6,64,62,0,62,0.002,0.000,0.002,0.002,0,62
c17,adaptive,64,5,22,22,0,0,100.0000,100.0000,64,8,0,0,0,8,7,64,62,0,62,0.002,0.000,0.002,0.001,0,62
c432,podem,0,1,524,518,0,6,98.8550,98.8550,0,0,68,75,0,68,57,0,0,4921892,4921892,0.000,70.192,70.192,0.517,2323920,2597972
c432,podem,0,2,524,520,0,4,99.2366,99.2366,0,0,61,66,0,61,51,0,0,4036252,4036252,0.000,17.227,17.227,0.564,1326776,2709476
c432,podem,0,3,524,519,0,5,99.0458,99.0458,0,0,67,72,0,67,56,0,0,3691195,3691195,0.000,16.290,16.290,0.522,1827916,1863279
c432,podem,0,4,524,520,0,4,99.2366,99.2366,0,0,72,76,0,72,62,0,0,2979958,2979958,0.000,16.802,16.802,0.485,1326776,1653182
c432,podem,0,5,524,519,0,5,99.0458,99.0458,0,0,68,74,0,68,56,0,0,4859449,4859449,0.000,21.643,21.643,0.517,1818816,3040633
c432,fixed-64,64,1,524,519,0,5,99.0458,99.0458,64,44,30,36,0,74,54,64,19806,3699943,3719749,0.441,16.178,16.619,0.552,1818816,1900933
c432,fixed-64,64,2,524,519,0,5,99.0458,99.0458,64,49,25,31,0,74,55,64,22001,3188182,3210183,0.455,13.961,14.416,0.521,1827916,1382267
c432,fixed-64,64,3,524,520,0,4,99.2366,99.2366,64,42,27,31,0,69,58,64,20641,1900363,1921004,0.432,9.983,10.414,0.502,1326776,594228
c432,fixed-64,64,4,524,520,0,4,99.2366,99.2366,64,43,27,32,0,70,53,64,20958,2612954,2633912,0.507,11.696,12.203,0.498,1326776,1307136
c432,fixed-64,64,5,524,519,0,5,99.0458,99.0458,64,44,28,34,0,72,57,64,19608,3374452,3394060,0.425,15.536,15.962,0.511,1827916,1566144
c432,fixed-96,96,1,524,520,0,4,99.2366,99.2366,128,63,15,19,0,78,57,128,21614,1595384,1616998,0.470,7.815,8.285,0.537,1326776,290222
c432,fixed-96,96,2,524,520,0,4,99.2366,99.2366,128,63,15,19,0,78,57,128,22899,1918999,1941898,0.487,9.205,9.692,0.591,1326776,615122
c432,fixed-96,96,3,524,520,0,4,99.2366,99.2366,128,58,14,18,0,72,54,128,21790,1556474,1578264,0.482,7.606,8.089,0.556,1326776,251488
c432,fixed-96,96,4,524,520,0,4,99.2366,99.2366,128,55,15,19,0,70,50,128,21821,1921619,1943440,0.452,9.012,9.465,0.526,1326776,616664
c432,fixed-96,96,5,524,519,0,5,99.0458,99.0458,128,61,13,18,0,74,53,128,21400,2173159,2194559,0.447,12.704,13.151,0.583,1827916,366643
c432,fixed-128,128,1,524,520,0,4,99.2366,99.2366,128,63,15,19,0,78,57,128,21614,1595384,1616998,0.461,7.745,8.206,0.511,1326776,290222
c432,fixed-128,128,2,524,520,0,4,99.2366,99.2366,128,63,15,19,0,78,57,128,22899,1918999,1941898,0.494,9.298,9.793,0.568,1326776,615122
c432,fixed-128,128,3,524,520,0,4,99.2366,99.2366,128,58,14,18,0,72,54,128,21790,1556474,1578264,0.551,7.968,8.519,0.612,1326776,251488
c432,fixed-128,128,4,524,520,0,4,99.2366,99.2366,128,55,15,19,0,70,50,128,21821,1921619,1943440,0.449,11.998,12.448,0.588,1326776,616664
c432,fixed-128,128,5,524,519,0,5,99.0458,99.0458,128,61,13,18,0,74,53,128,21400,2173159,2194559,0.530,10.323,10.853,0.516,1827916,366643
c432,fixed-192,192,1,524,520,0,4,99.2366,99.2366,192,73,9,13,0,82,56,192,22157,1399504,1421661,0.481,7.083,7.564,0.563,1326776,94885
c432,fixed-192,192,2,524,520,0,4,99.2366,99.2366,192,71,8,12,0,79,57,192,23275,1778711,1801986,0.495,8.835,9.331,0.540,1326776,475210
c432,fixed-192,192,3,524,520,0,4,99.2366,99.2366,192,62,9,13,0,71,53,192,22744,1431742,1454486,0.520,6.980,7.500,0.530,1326776,127710
c432,fixed-192,192,4,524,520,0,4,99.2366,99.2366,192,61,12,16,0,73,52,192,22262,1915126,1937388,0.497,9.109,9.606,0.557,1326776,610612
c432,fixed-192,192,5,524,520,0,4,99.2366,99.2366,192,68,11,15,0,79,59,192,22084,1556614,1578698,0.888,8.349,9.237,0.540,1326776,251922
c432,fixed-256,256,1,524,520,0,4,99.2366,99.2366,256,78,7,11,0,85,58,256,22602,1360212,1382814,0.599,6.882,7.481,0.525,1326776,56038
c432,fixed-256,256,2,524,520,0,4,99.2366,99.2366,256,76,3,7,0,79,54,256,23599,1755027,1778626,0.508,8.746,9.255,0.601,1326776,451850
c432,fixed-256,256,3,524,520,0,4,99.2366,99.2366,256,65,7,11,0,72,52,256,22991,1426174,1449165,0.509,8.188,8.697,0.538,1326776,122389
c432,fixed-256,256,4,524,520,0,4,99.2366,99.2366,256,64,8,12,0,72,52,256,22654,1866713,1889367,0.497,9.444,9.940,0.631,1326776,562591
c432,fixed-256,256,5,524,520,0,4,99.2366,99.2366,256,73,8,12,0,81,58,256,22445,1507216,1529661,0.515,7.478,7.993,0.534,1326776,202885
c432,fixed-384,384,1,524,520,0,4,99.2366,99.2366,384,84,4,8,0,88,59,384,23792,1341072,1364864,0.538,6.540,7.078,0.561,1326776,38088
c432,fixed-384,384,2,524,520,0,4,99.2366,99.2366,384,76,3,7,0,79,54,384,23969,1755996,1779965,0.499,9.698,10.197,0.541,1326776,453189
c432,fixed-384,384,3,524,520,0,4,99.2366,99.2366,384,69,3,7,0,72,53,384,23418,1338762,1362180,0.495,6.638,7.134,0.521,1326776,35404
c432,fixed-384,384,4,524,520,0,4,99.2366,99.2366,384,70,6,10,0,76,56,384,23449,1436485,1459934,0.511,6.811,7.323,0.529,1326776,133158
c432,fixed-384,384,5,524,520,0,4,99.2366,99.2366,384,76,5,9,0,81,60,384,22948,1388854,1411802,0.493,7.518,8.011,0.796,1326776,85026
c432,fixed-512,512,1,524,520,0,4,99.2366,99.2366,512,87,3,7,0,90,60,512,24509,1336357,1360866,0.623,7.457,8.080,0.554,1326776,34090
c432,fixed-512,512,2,524,520,0,4,99.2366,99.2366,512,78,2,6,0,80,56,512,24386,1751235,1775621,0.508,8.342,8.851,0.513,1326776,448845
c432,fixed-512,512,3,524,520,0,4,99.2366,99.2366,512,69,3,7,0,72,53,512,23781,1338782,1362563,1.009,6.711,7.721,0.610,1326776,35787
c432,fixed-512,512,4,524,520,0,4,99.2366,99.2366,512,73,3,7,0,76,58,512,24068,1343914,1367982,0.599,6.512,7.111,0.503,1326776,41206
c432,fixed-512,512,5,524,520,0,4,99.2366,99.2366,512,80,1,5,0,81,60,512,23548,1328872,1352420,0.527,6.412,6.940,0.544,1326776,25644
c432,fixed-768,768,1,524,520,0,4,99.2366,99.2366,768,90,1,5,0,91,61,768,25361,1330493,1355854,0.601,6.842,7.443,0.525,1326776,29078
c432,fixed-768,768,2,524,520,0,4,99.2366,99.2366,768,80,1,5,0,81,54,768,25166,1330493,1355659,0.498,6.410,6.907,0.541,1326776,28883
c432,fixed-768,768,3,524,520,0,4,99.2366,99.2366,768,72,0,4,0,72,55,768,24607,1326776,1351383,0.561,6.946,7.507,0.522,1326776,24607
c432,fixed-768,768,4,524,520,0,4,99.2366,99.2366,768,74,2,6,0,76,57,768,24859,1332612,1357471,0.541,6.775,7.316,0.510,1326776,30695
c432,fixed-768,768,5,524,520,0,4,99.2366,99.2366,768,81,0,4,0,81,60,768,24245,1326776,1351021,0.553,6.808,7.361,0.560,1326776,24245
c432,fixed-1024,1024,1,524,520,0,4,99.2366,99.2366,1024,90,1,5,0,91,61,1024,26053,1330494,1356547,0.554,6.889,7.444,0.518,1326776,29771
c432,fixed-1024,1024,2,524,520,0,4,99.2366,99.2366,1024,81,0,4,0,81,53,1024,25870,1326776,1352646,0.526,6.787,7.312,0.525,1326776,25870
c432,fixed-1024,1024,3,524,520,0,4,99.2366,99.2366,1024,72,0,4,0,72,55,1024,25277,1326776,1352053,0.541,6.477,7.018,0.532,1326776,25277
c432,fixed-1024,1024,4,524,520,0,4,99.2366,99.2366,1024,76,2,6,0,78,59,1024,25636,1332612,1358248,0.502,6.512,7.014,0.513,1326776,31472
c432,fixed-1024,1024,5,524,520,0,4,99.2366,99.2366,1024,81,0,4,0,81,60,1024,24920,1326776,1351696,0.505,7.014,7.518,0.516,1326776,24920
c432,fixed-1536,1536,1,524,520,0,4,99.2366,99.2366,1536,91,0,4,0,91,61,1536,27447,1326776,1354223,0.547,6.456,7.003,0.531,1326776,27447
c432,fixed-1536,1536,2,524,520,0,4,99.2366,99.2366,1536,81,0,4,0,81,53,1536,27226,1326776,1354002,0.514,6.403,6.917,0.511,1326776,27226
c432,fixed-1536,1536,3,524,520,0,4,99.2366,99.2366,1536,72,0,4,0,72,55,1536,26624,1326776,1353400,0.572,6.599,7.171,0.553,1326776,26624
c432,fixed-1536,1536,4,524,520,0,4,99.2366,99.2366,1536,77,1,5,0,78,59,1536,27061,1328854,1355915,0.535,6.436,6.971,0.514,1326776,29139
c432,fixed-1536,1536,5,524,520,0,4,99.2366,99.2366,1536,81,0,4,0,81,60,1536,26263,1326776,1353039,0.530,6.393,6.923,0.516,1326776,26263
c432,fixed-2048,2048,1,524,520,0,4,99.2366,99.2366,2048,91,0,4,0,91,61,2048,28792,1326776,1355568,0.556,6.411,6.967,0.542,1326776,28792
c432,fixed-2048,2048,2,524,520,0,4,99.2366,99.2366,2048,81,0,4,0,81,53,2048,28569,1326776,1355345,0.545,6.948,7.492,0.540,1326776,28569
c432,fixed-2048,2048,3,524,520,0,4,99.2366,99.2366,2048,72,0,4,0,72,55,2048,27972,1326776,1354748,0.518,6.556,7.074,0.515,1326776,27972
c432,fixed-2048,2048,4,524,520,0,4,99.2366,99.2366,2048,78,0,4,0,78,59,2048,28419,1326776,1355195,0.562,8.321,8.883,1.385,1326776,28419
c432,fixed-2048,2048,5,524,520,0,4,99.2366,99.2366,2048,81,0,4,0,81,60,2048,27605,1326776,1354381,0.517,6.409,6.925,0.545,1326776,27605
c432,fixed-3072,3072,1,524,520,0,4,99.2366,99.2366,3072,91,0,4,0,91,61,3072,31486,1326776,1358262,0.572,6.353,6.925,0.527,1326776,31486
c432,fixed-3072,3072,2,524,520,0,4,99.2366,99.2366,3072,81,0,4,0,81,53,3072,31261,1326776,1358037,0.555,8.770,9.325,0.540,1326776,31261
c432,fixed-3072,3072,3,524,520,0,4,99.2366,99.2366,3072,72,0,4,0,72,55,3072,30670,1326776,1357446,0.537,7.287,7.824,0.532,1326776,30670
c432,fixed-3072,3072,4,524,520,0,4,99.2366,99.2366,3072,78,0,4,0,78,59,3072,31106,1326776,1357882,0.549,10.661,11.210,0.522,1326776,31106
c432,fixed-3072,3072,5,524,520,0,4,99.2366,99.2366,3072,81,0,4,0,81,60,3072,30301,1326776,1357077,0.533,6.442,6.975,0.510,1326776,30301
c432,fixed-4096,4096,1,524,520,0,4,99.2366,99.2366,4096,91,0,4,0,91,61,4096,34172,1326776,1360948,0.586,7.091,7.677,0.514,1326776,34172
c432,fixed-4096,4096,2,524,520,0,4,99.2366,99.2366,4096,81,0,4,0,81,53,4096,33953,1326776,1360729,0.545,6.480,7.025,0.584,1326776,33953
c432,fixed-4096,4096,3,524,520,0,4,99.2366,99.2366,4096,72,0,4,0,72,55,4096,33362,1326776,1360138,0.618,7.770,8.388,0.516,1326776,33362
c432,fixed-4096,4096,4,524,520,0,4,99.2366,99.2366,4096,78,0,4,0,78,59,4096,33799,1326776,1360575,0.582,13.360,13.942,0.531,1326776,33799
c432,fixed-4096,4096,5,524,520,0,4,99.2366,99.2366,4096,81,0,4,0,81,60,4096,32995,1326776,1359771,0.539,10.503,11.042,2.611,1326776,32995
c432,fixed-6144,6144,1,524,520,0,4,99.2366,99.2366,6144,91,0,4,0,91,61,6144,39551,1326776,1366327,0.643,6.366,7.010,0.533,1326776,39551
c432,fixed-6144,6144,2,524,520,0,4,99.2366,99.2366,6144,81,0,4,0,81,53,6144,39345,1326776,1366121,0.616,6.468,7.084,0.524,1326776,39345
c432,fixed-6144,6144,3,524,520,0,4,99.2366,99.2366,6144,72,0,4,0,72,55,6144,38756,1326776,1365532,0.576,7.495,8.071,0.530,1326776,38756
c432,fixed-6144,6144,4,524,520,0,4,99.2366,99.2366,6144,78,0,4,0,78,59,6144,39187,1326776,1365963,0.600,6.530,7.130,0.518,1326776,39187
c432,fixed-6144,6144,5,524,520,0,4,99.2366,99.2366,6144,81,0,4,0,81,60,6144,38376,1326776,1365152,0.562,6.589,7.151,0.531,1326776,38376
c432,fixed-8192,8192,1,524,520,0,4,99.2366,99.2366,8192,91,0,4,0,91,61,8192,44943,1326776,1371719,0.642,6.455,7.097,0.510,1326776,44943
c432,fixed-8192,8192,2,524,520,0,4,99.2366,99.2366,8192,81,0,4,0,81,53,8192,44735,1326776,1371511,0.641,6.417,7.059,0.524,1326776,44735
c432,fixed-8192,8192,3,524,520,0,4,99.2366,99.2366,8192,72,0,4,0,72,55,8192,44143,1326776,1370919,0.611,6.424,7.035,0.512,1326776,44143
c432,fixed-8192,8192,4,524,520,0,4,99.2366,99.2366,8192,78,0,4,0,78,59,8192,44579,1326776,1371355,0.634,6.524,7.158,0.553,1326776,44579
c432,fixed-8192,8192,5,524,520,0,4,99.2366,99.2366,8192,81,0,4,0,81,60,8192,43751,1326776,1370527,0.649,6.480,7.129,0.568,1326776,43751
c432,fixed-12288,12288,1,524,520,0,4,99.2366,99.2366,12288,91,0,4,0,91,61,12288,55721,1326776,1382497,0.693,6.354,7.047,0.534,1326776,55721
c432,fixed-12288,12288,2,524,520,0,4,99.2366,99.2366,12288,81,0,4,0,81,53,12288,55506,1326776,1382282,0.692,6.508,7.200,0.520,1326776,55506
c432,fixed-12288,12288,3,524,520,0,4,99.2366,99.2366,12288,72,0,4,0,72,55,12288,54917,1326776,1381693,0.698,7.735,8.433,0.523,1326776,54917
c432,fixed-12288,12288,4,524,520,0,4,99.2366,99.2366,12288,78,0,4,0,78,59,12288,55347,1326776,1382123,0.681,6.406,7.087,0.541,1326776,55347
c432,fixed-12288,12288,5,524,520,0,4,99.2366,99.2366,12288,81,0,4,0,81,60,12288,54518,1326776,1381294,0.662,6.440,7.102,0.548,1326776,54518
c432,fixed-16384,16384,1,524,520,0,4,99.2366,99.2366,16384,91,0,4,0,91,61,16384,66495,1326776,1393271,0.788,9.356,10.143,0.514,1326776,66495
c432,fixed-16384,16384,2,524,520,0,4,99.2366,99.2366,16384,81,0,4,0,81,53,16384,66263,1326776,1393039,0.752,6.587,7.338,0.533,1326776,66263
c432,fixed-16384,16384,3,524,520,0,4,99.2366,99.2366,16384,72,0,4,0,72,55,16384,65682,1326776,1392458,0.732,6.428,7.160,0.524,1326776,65682
c432,fixed-16384,16384,4,524,520,0,4,99.2366,99.2366,16384,78,0,4,0,78,59,16384,66118,1326776,1392894,0.733,6.450,7.182,0.527,1326776,66118
c432,fixed-16384,16384,5,524,520,0,4,99.2366,99.2366,16384,81,0,4,0,81,60,16384,65297,1326776,1392073,0.719,6.508,7.226,0.518,1326776,65297
c432,fixed-24576,24576,1,524,520,0,4,99.2366,99.2366,24576,91,0,4,0,91,61,24576,88024,1326776,1414800,0.855,6.565,7.419,0.543,1326776,88024
c432,fixed-24576,24576,2,524,520,0,4,99.2366,99.2366,24576,81,0,4,0,81,53,24576,87801,1326776,1414577,0.851,6.482,7.333,0.528,1326776,87801
c432,fixed-24576,24576,3,524,520,0,4,99.2366,99.2366,24576,72,0,4,0,72,55,24576,87233,1326776,1414009,0.825,6.684,7.508,0.538,1326776,87233
c432,fixed-24576,24576,4,524,520,0,4,99.2366,99.2366,24576,78,0,4,0,78,59,24576,87650,1326776,1414426,0.820,6.614,7.434,0.525,1326776,87650
c432,fixed-24576,24576,5,524,520,0,4,99.2366,99.2366,24576,81,0,4,0,81,60,24576,86847,1326776,1413623,0.810,6.446,7.256,0.505,1326776,86847
c432,fixed-32768,32768,1,524,520,0,4,99.2366,99.2366,32768,91,0,4,0,91,61,32768,109582,1326776,1436358,0.989,6.616,7.605,0.564,1326776,109582
c432,fixed-32768,32768,2,524,520,0,4,99.2366,99.2366,32768,81,0,4,0,81,53,32768,109358,1326776,1436134,0.939,7.638,8.577,0.562,1326776,109358
c432,fixed-32768,32768,3,524,520,0,4,99.2366,99.2366,32768,72,0,4,0,72,55,32768,108753,1326776,1435529,1.027,6.559,7.586,0.552,1326776,108753
c432,fixed-32768,32768,4,524,520,0,4,99.2366,99.2366,32768,78,0,4,0,78,59,32768,109190,1326776,1435966,0.988,6.445,7.433,0.547,1326776,109190
c432,fixed-32768,32768,5,524,520,0,4,99.2366,99.2366,32768,81,0,4,0,81,60,32768,108399,1326776,1435175,0.962,6.360,7.321,0.525,1326776,108399
c432,plateau,1152,1,524,520,0,4,99.2366,99.2366,1152,90,1,5,0,91,61,1152,26395,1330495,1356890,0.532,6.475,7.007,0.503,1326776,30114
c432,plateau,1152,2,524,520,0,4,99.2366,99.2366,1152,81,0,4,0,81,53,1152,26208,1326776,1352984,0.542,6.394,6.936,0.538,1326776,26208
c432,plateau,1152,3,524,520,0,4,99.2366,99.2366,1152,72,0,4,0,72,55,1152,25615,1326776,1352391,0.625,6.495,7.120,0.530,1326776,25615
c432,plateau,896,4,524,520,0,4,99.2366,99.2366,896,74,2,6,0,76,57,896,25224,1332615,1357839,0.514,6.476,6.990,0.512,1326776,31063
c432,plateau,960,5,524,520,0,4,99.2366,99.2366,960,81,0,4,0,81,60,960,24749,1326776,1351525,0.513,6.658,7.171,0.573,1326776,24749
c432,stage1,1472,1,524,520,0,4,99.2366,99.2366,1472,90,1,5,0,91,61,1472,27252,1330490,1357742,0.597,6.529,7.126,0.521,1326776,30966
c432,stage1,1088,2,524,520,0,4,99.2366,99.2366,1088,81,0,4,0,81,53,1088,26038,1326776,1352814,0.516,6.450,6.966,0.549,1326776,26038
c432,stage1,1472,3,524,520,0,4,99.2366,99.2366,1472,72,0,4,0,72,55,1472,26455,1326776,1353231,0.538,6.618,7.156,0.580,1326776,26455
c432,stage1,1088,4,524,520,0,4,99.2366,99.2366,1088,76,2,6,0,78,59,1088,25815,1332611,1358426,0.550,6.494,7.044,0.516,1326776,31650
c432,stage1,960,5,524,520,0,4,99.2366,99.2366,960,81,0,4,0,81,60,960,24749,1326776,1351525,0.602,6.458,7.060,0.745,1326776,24749
c432,adaptive,1472,1,524,520,0,4,99.2366,99.2366,1472,90,1,5,5,91,61,1472,27252,1330495,1357747,0.628,7.340,7.968,0.650,1326776,30971
c432,adaptive,1088,2,524,520,0,4,99.2366,99.2366,1088,81,0,4,4,81,53,1088,26038,1326776,1352814,0.590,6.329,6.919,0.479,1326776,26038
c432,adaptive,1472,3,524,520,0,4,99.2366,99.2366,1472,72,0,4,4,72,55,1472,26455,1326776,1353231,0.512,5.946,6.458,0.475,1326776,26455
c432,adaptive,1088,4,524,520,0,4,99.2366,99.2366,1088,76,1,5,5,77,58,1088,25815,1330537,1356352,0.482,6.036,6.518,0.486,1326776,29576
c432,adaptive,960,5,524,520,0,4,99.2366,99.2366,960,81,0,4,4,81,60,960,24749,1326776,1351525,0.474,6.300,6.773,0.523,1326776,24749
c499,podem,0,1,758,750,0,8,98.9446,98.9446,0,0,81,89,0,81,68,0,0,7116347,7116347,0.000,18.566,18.566,0.482,6232748,883599
c499,podem,0,2,758,750,0,8,98.9446,98.9446,0,0,78,86,0,78,70,0,0,7087937,7087937,0.000,18.170,18.170,0.459,6232748,855189
c499,podem,0,3,758,750,0,8,98.9446,98.9446,0,0,75,83,0,75,68,0,0,7063627,7063627,0.000,18.419,18.419,0.450,6232748,830879
c499,podem,0,4,758,750,0,8,98.9446,98.9446,0,0,80,88,0,80,69,0,0,7109575,7109575,0.000,18.358,18.358,0.517,6232748,876827
c499,podem,0,5,758,750,0,8,98.9446,98.9446,0,0,71,79,0,71,65,0,0,7030995,7030995,0.000,18.167,18.167,0.425,6232748,798247
c499,fixed-64,64,1,758,750,0,8,98.9446,98.9446,64,38,33,41,0,71,58,64,23196,6369000,6392196,3.681,16.255,19.936,0.502,6232748,159448
c499,fixed-64,64,2,758,750,0,8,98.9446,98.9446,64,43,33,41,0,76,58,64,23856,6373986,6397842,0.411,16.264,16.675,0.441,6232748,165094
c499,fixed-64,64,3,758,750,0,8,98.9446,98.9446,64,30,34,42,0,64,57,64,23262,6380368,6403630,0.420,16.203,16.623,0.442,6232748,170882
c499,fixed-64,64,4,758,750,0,8,98.9446,98.9446,64,30,34,42,0,64,56,64,23658,6368163,6391821,0.429,16.849,17.278,0.477,6232748,159073
c499,fixed-64,64,5,758,750,0,8,98.9446,98.9446,64,34,34,42,0,68,58,64,23298,6372636,6395934,0.421,16.375,16.797,0.445,6232748,163186
c499,fixed-96,96,1,758,750,0,8,98.9446,98.9446,128,46,25,33,0,71,56,128,23659,6320511,6344170,0.430,15.881,16.311,0.486,6232748,111422
c499,fixed-96,96,2,758,750,0,8,98.9446,98.9446,128,51,25,33,0,76,57,128,24359,6331610,6355969,0.444,16.027,16.471,0.458,6232748,123221
c499,fixed-96,96,3,758,750,0,8,98.9446,98.9446,128,44,22,30,0,66,55,128,23793,6317282,6341075,0.453,16.035,16.488,0.504,6232748,108327
c499,fixed-96,96,4,758,750,0,8,98.9446,98.9446,128,43,21,29,0,64,54,128,24110,6313438,6337548,0.426,16.031,16.458,0.463,6232748,104800
c499,fixed-96,96,5,758,750,0,8,98.9446,98.9446,128,49,22,30,0,71,56,128,23821,6313255,6337076,0.436,16.096,16.532,0.512,6232748,104328
c499,fixed-128,128,1,758,750,0,8,98.9446,98.9446,128,46,25,33,0,71,56,128,23659,6320511,6344170,0.442,16.296,16.738,0.441,6232748,111422
c499,fixed-128,128,2,758,750,0,8,98.9446,98.9446,128,51,25,33,0,76,57,128,24359,6331610,6355969,0.456,16.203,16.659,0.480,6232748,123221
c499,fixed-128,128,3,758,750,0,8,98.9446,98.9446,128,44,22,30,0,66,55,128,23793,6317282,6341075,0.421,16.430,16.850,0.465,6232748,108327
c499,fixed-128,128,4,758,750,0,8,98.9446,98.9446,128,43,21,29,0,64,54,128,24110,6313438,6337548,0.420,15.871,16.291,0.554,6232748,104800
c499,fixed-128,128,5,758,750,0,8,98.9446,98.9446,128,49,22,30,0,71,56,128,23821,6313255,6337076,0.413,16.508,16.921,0.466,6232748,104328
c499,fixed-192,192,1,758,750,0,8,98.9446,98.9446,192,53,18,26,0,71,54,192,23995,6293306,6317301,0.428,16.792,17.220,0.471,6232748,84553
c499,fixed-192,192,2,758,750,0,8,98.9446,98.9446,192,59,17,25,0,76,56,192,24757,6298430,6323187,0.446,16.787,17.233,0.831,6232748,90439
c499,fixed-192,192,3,758,750,0,8,98.9446,98.9446,192,48,18,26,0,66,55,192,24131,6298049,6322180,0.575,19.297,19.872,0.565,6232748,89432
c499,fixed-192,192,4,758,750,0,8,98.9446,98.9446,192,50,14,22,0,64,54,192,24480,6277006,6301486,0.750,16.757,17.507,0.593,6232748,68738
c499,fixed-192,192,5,758,750,0,8,98.9446,98.9446,192,56,15,23,0,71,56,192,24198,6286947,6311145,0.422,16.186,16.608,0.554,6232748,78397
c499,fixed-256,256,1,758,750,0,8,98.9446,98.9446,256,56,15,23,0,71,54,256,24313,6278181,6302494,0.433,15.790,16.222,0.518,6232748,69746
c499,fixed-256,256,2,758,750,0,8,98.9446,98.9446,256,64,12,20,0,76,56,256,25070,6269645,6294715,0.437,16.116,16.553,0.556,6232748,61967
c499,fixed-256,256,3,758,750,0,8,98.9446,98.9446,256,49,17,25,0,66,55,256,24486,6290316,6314802,0.446,16.665,17.112,0.702,6232748,82054
c499,fixed-256,256,4,758,750,0,8,98.9446,98.9446,256,55,9,17,0,64,54,256,24780,6260791,6285571,0.536,16.691,17.227,0.535,6232748,52823
c499,fixed-256,256,5,758,750,0,8,98.9446,98.9446,256,64,8,16,0,72,55,256,24557,6257468,6282025,0.435,15.824,16.259,0.539,6232748,49277
c499,fixed-384,384,1,758,750,0,8,98.9446,98.9446,384,65,6,14,0,71,54,384,24857,6250926,6275783,0.448,15.639,16.086,0.546,6232748,43035
c499,fixed-384,384,2,758,750,0,8,98.9446,98.9446,384,69,7,15,0,76,56,384,25673,6254405,6280078,0.527,15.795,16.322,0.540,6232748,47330
c499,fixed-384,384,3,758,750,0,8,98.9446,98.9446,384,57,9,17,0,66,55,384,25092,6259743,6284835,0.463,29.378,29.841,0.651,6232748,52087
c499,fixed-384,384,4,758,750,0,8,98.9446,98.9446,384,59,5,13,0,64,54,384,25348,6248235,6273583,0.439,17.258,17.698,0.517,6232748,40835
c499,fixed-384,384,5,758,750,0,8,98.9446,98.9446,384,68,4,12,0,72,55,384,25125,6245176,6270301,0.456,18.837,19.292,0.583,6232748,37553
c499,fixed-512,512,1,758,750,0,8,98.9446,98.9446,512,68,3,11,0,71,54,512,25440,6241717,6267157,0.452,17.250,17.702,0.533,6232748,34409
c499,fixed-512,512,2,758,750,0,8,98.9446,98.9446,512,71,5,13,0,76,56,512,26203,6248247,6274450,0.511,18.009,18.519,0.544,6232748,41702
c499,fixed-512,512,3,758,750,0,8,98.9446,98.9446,512,61,5,13,0,66,55,512,25660,6247727,6273387,0.469,20.925,21.394,0.540,6232748,40639
c499,fixed-512,512,4,758,750,0,8,98.9446,98.9446,512,62,2,10,0,64,54,512,25915,6238758,6264673,0.450,16.745,17.195,0.729,6232748,31925
c499,fixed-512,512,5,758,750,0,8,98.9446,98.9446,512,69,3,11,0,72,55,512,25674,6242105,6267779,0.540,16.783,17.322,0.516,6232748,35031
c499,fixed-768,768,1,758,750,0,8,98.9446,98.9446,768,69,2,10,0,71,54,768,26537,6238906,6265443,0.467,16.946,17.414,0.542,6232748,32695
c499,fixed-768,768,2,758,750,0,8,98.9446,98.9446,768,75,1,9,0,76,56,768,27303,6235819,6263122,0.463,15.714,16.176,0.522,6232748,30374
c499,fixed-768,768,3,758,750,0,8,98.9446,98.9446,768,65,1,9,0,66,55,768,26792,6235559,6262351,0.478,15.877,16.355,0.553,6232748,29603
c499,fixed-768,768,4,758,750,0,8,98.9446,98.9446,768,63,1,9,0,64,54,768,27028,6235947,6262975,0.469,19.919,20.388,0.523,6232748,30227
c499,fixed-768,768,5,758,750,0,8,98.9446,98.9446,768,71,1,9,0,72,55,768,26788,6235827,6262615,0.470,15.623,16.093,0.543,6232748,29867
c499,fixed-1024,1024,1,758,750,0,8,98.9446,98.9446,1024,69,2,10,0,71,54,1024,27649,6238906,6266555,0.449,15.834,16.283,0.536,6232748,33807
c499,fixed-1024,1024,2,758,750,0,8,98.9446,98.9446,1024,76,0,8,0,76,56,1024,28384,6232748,6261132,0.472,15.629,16.101,0.542,6232748,28384
c499,fixed-1024,1024,3,758,750,0,8,98.9446,98.9446,1024,66,0,8,0,66,55,1024,27885,6232748,6260633,0.564,16.958,17.522,0.525,6232748,27885
c499,fixed-1024,1024,4,758,750,0,8,98.9446,98.9446,1024,63,1,9,0,64,54,1024,28172,6235947,6264119,0.492,16.131,16.624,0.545,6232748,31371
c499,fixed-1024,1024,5,758,750,0,8,98.9446,98.9446,1024,72,0,8,0,72,55,1024,27981,6232748,6260729,0.469,16.145,16.613,0.570,6232748,27981
c499,fixed-1536,1536,1,758,750,0,8,98.9446,98.9446,1536,71,0,8,0,71,54,1536,29779,6232748,6262527,0.491,15.703,16.193,0.555,6232748,29779
c499,fixed-1536,1536,2,758,750,0,8,98.9446,98.9446,1536,76,0,8,0,76,56,1536,30640,6232748,6263388,0.502,15.591,16.093,0.506,6232748,30640
c499,fixed-1536,1536,3,758,750,0,8,98.9446,98.9446,1536,66,0,8,0,66,55,1536,30061,6232748,6262809,0.513,15.588,16.101,0.528,6232748,30061
c499,fixed-1536,1536,4,758,750,0,8,98.9446,98.9446,1536,63,1,9,0,64,54,1536,30484,6235947,6266431,0.486,15.779,16.265,0.538,6232748,33683
c499,fixed-1536,1536,5,758,750,0,8,98.9446,98.9446,1536,72,0,8,0,72,55,1536,30125,6232748,6262873,0.471,15.682,16.153,0.539,6232748,30125
c499,fixed-2048,2048,1,758,750,0,8,98.9446,98.9446,2048,71,0,8,0,71,54,2048,31999,6232748,6264747,0.521,15.772,16.293,0.517,6232748,31999
c499,fixed-2048,2048,2,758,750,0,8,98.9446,98.9446,2048,76,0,8,0,76,56,2048,32876,6232748,6265624,0.505,16.244,16.749,0.563,6232748,32876
c499,fixed-2048,2048,3,758,750,0,8,98.9446,98.9446,2048,66,0,8,0,66,55,2048,32217,6232748,6264965,0.500,17.581,18.082,0.532,6232748,32217
c499,fixed-2048,2048,4,758,750,0,8,98.9446,98.9446,2048,64,0,8,0,64,54,2048,32657,6232748,6265405,0.495,15.746,16.242,0.542,6232748,32657
c499,fixed-2048,2048,5,758,750,0,8,98.9446,98.9446,2048,72,0,8,0,72,55,2048,32477,6232748,6265225,0.513,17.035,17.548,0.523,6232748,32477
c499,fixed-3072,3072,1,758,750,0,8,98.9446,98.9446,3072,71,0,8,0,71,54,3072,36275,6232748,6269023,0.545,17.885,18.431,0.539,6232748,36275
c499,fixed-3072,3072,2,758,750,0,8,98.9446,98.9446,3072,76,0,8,0,76,56,3072,37352,6232748,6270100,0.535,17.845,18.380,0.540,6232748,37352
c499,fixed-3072,3072,3,758,750,0,8,98.9446,98.9446,3072,66,0,8,0,66,55,3072,36529,6232748,6269277,0.534,16.590,17.124,0.550,6232748,36529
c499,fixed-3072,3072,4,758,750,0,8,98.9446,98.9446,3072,64,0,8,0,64,54,3072,37089,6232748,6269837,1.511,18.997,20.508,0.524,6232748,37089
c499,fixed-3072,3072,5,758,750,0,8,98.9446,98.9446,3072,72,0,8,0,72,55,3072,37005,6232748,6269753,0.602,17.689,18.291,0.557,6232748,37005
c499,fixed-4096,4096,1,758,750,0,8,98.9446,98.9446,4096,71,0,8,0,71,54,4096,40787,6232748,6273535,0.625,17.384,18.009,0.526,6232748,40787
c499,fixed-4096,4096,2,758,750,0,8,98.9446,98.9446,4096,76,0,8,0,76,56,4096,41748,6232748,6274496,0.576,15.954,16.530,0.577,6232748,41748
c499,fixed-4096,4096,3,758,750,0,8,98.9446,98.9446,4096,66,0,8,0,66,55,4096,40925,6232748,6273673,0.605,16.436,17.040,0.546,6232748,40925
c499,fixed-4096,4096,4,758,750,0,8,98.9446,98.9446,4096,64,0,8,0,64,54,4096,41481,6232748,6274229,0.610,18.287,18.896,0.576,6232748,41481
c499,fixed-4096,4096,5,758,750,0,8,98.9446,98.9446,4096,72,0,8,0,72,55,4096,41481,6232748,6274229,0.576,15.907,16.483,0.513,6232748,41481
c499,fixed-6144,6144,1,758,750,0,8,98.9446,98.9446,6144,71,0,8,0,71,54,6144,49439,6232748,6282187,0.637,16.094,16.731,0.543,6232748,49439
c499,fixed-6144,6144,2,758,750,0,8,98.9446,98.9446,6144,76,0,8,0,76,56,6144,50564,6232748,6283312,0.626,16.975,17.601,0.550,6232748,50564
c499,fixed-6144,6144,3,758,750,0,8,98.9446,98.9446,6144,66,0,8,0,66,55,6144,49881,6232748,6282629,0.632,15.925,16.558,0.549,6232748,49881
c499,fixed-6144,6144,4,758,750,0,8,98.9446,98.9446,6144,64,0,8,0,64,54,6144,50581,6232748,6283329,0.619,16.082,16.702,0.540,6232748,50581
c499,fixed-6144,6144,5,758,750,0,8,98.9446,98.9446,6144,72,0,8,0,72,55,6144,50361,6232748,6283109,0.659,16.337,16.996,0.567,6232748,50361
c499,fixed-8192,8192,1,758,750,0,8,98.9446,98.9446,8192,71,0,8,0,71,54,8192,58475,6232748,6291223,0.666,17.264,17.929,0.522,6232748,58475
c499,fixed-8192,8192,2,758,750,0,8,98.9446,98.9446,8192,76,0,8,0,76,56,8192,59292,6232748,6292040,0.753,16.617,17.370,0.529,6232748,59292
c499,fixed-8192,8192,3,758,750,0,8,98.9446,98.9446,8192,66,0,8,0,66,55,8192,58789,6232748,6291537,0.725,22.151,22.876,0.677,6232748,58789
c499,fixed-8192,8192,4,758,750,0,8,98.9446,98.9446,8192,64,0,8,0,64,54,8192,59581,6232748,6292329,0.848,17.579,18.426,0.564,6232748,59581
c499,fixed-8192,8192,5,758,750,0,8,98.9446,98.9446,8192,72,0,8,0,72,55,8192,59177,6232748,6291925,0.677,17.574,18.250,0.600,6232748,59177
c499,fixed-12288,12288,1,758,750,0,8,98.9446,98.9446,12288,71,0,8,0,71,54,12288,76407,6232748,6309155,0.877,15.990,16.867,0.686,6232748,76407
c499,fixed-12288,12288,2,758,750,0,8,98.9446,98.9446,12288,76,0,8,0,76,56,12288,77044,6232748,6309792,0.794,17.187,17.980,0.520,6232748,77044
c499,fixed-12288,12288,3,758,750,0,8,98.9446,98.9446,12288,66,0,8,0,66,55,12288,76641,6232748,6309389,0.837,16.012,16.849,0.545,6232748,76641
c499,fixed-12288,12288,4,758,750,0,8,98.9446,98.9446,12288,64,0,8,0,64,54,12288,77653,6232748,6310401,0.816,15.900,16.716,0.528,6232748,77653
c499,fixed-12288,12288,5,758,750,0,8,98.9446,98.9446,12288,72,0,8,0,72,55,12288,77037,6232748,6309785,0.818,17.286,18.104,0.616,6232748,77037
c499,fixed-16384,16384,1,758,750,0,8,98.9446,98.9446,16384,71,0,8,0,71,54,16384,94051,6232748,6326799,1.018,17.343,18.361,0.540,6232748,94051
c499,fixed-16384,16384,2,758,750,0,8,98.9446,98.9446,16384,76,0,8,0,76,56,16384,94980,6232748,6327728,0.948,22.519,23.467,0.558,6232748,94980
c499,fixed-16384,16384,3,758,750,0,8,98.9446,98.9446,16384,66,0,8,0,66,55,16384,94137,6232748,6326885,0.957,16.618,17.575,0.544,6232748,94137
c499,fixed-16384,16384,4,758,750,0,8,98.9446,98.9446,16384,64,0,8,0,64,54,16384,95365,6232748,6328113,0.928,15.888,16.816,0.527,6232748,95365
c499,fixed-16384,16384,5,758,750,0,8,98.9446,98.9446,16384,72,0,8,0,72,55,16384,94933,6232748,6327681,1.001,16.886,17.888,0.641,6232748,94933
c499,fixed-24576,24576,1,758,750,0,8,98.9446,98.9446,24576,71,0,8,0,71,54,24576,129351,6232748,6362099,1.137,16.628,17.764,0.577,6232748,129351
c499,fixed-24576,24576,2,758,750,0,8,98.9446,98.9446,24576,76,0,8,0,76,56,24576,130664,6232748,6363412,1.257,16.302,17.559,0.515,6232748,130664
c499,fixed-24576,24576,3,758,750,0,8,98.9446,98.9446,24576,66,0,8,0,66,55,24576,129689,6232748,6362437,1.194,17.122,18.316,0.536,6232748,129689
c499,fixed-24576,24576,4,758,750,0,8,98.9446,98.9446,24576,64,0,8,0,64,54,24576,131329,6232748,6364077,1.288,16.231,17.519,0.516,6232748,131329
c499,fixed-24576,24576,5,758,750,0,8,98.9446,98.9446,24576,72,0,8,0,72,55,24576,129917,6232748,6362665,1.198,15.824,17.022,0.537,6232748,129917
c499,fixed-32768,32768,1,758,750,0,8,98.9446,98.9446,32768,71,0,8,0,71,54,32768,164739,6232748,6397487,1.384,17.759,19.143,0.521,6232748,164739
c499,fixed-32768,32768,2,758,750,0,8,98.9446,98.9446,32768,76,0,8,0,76,56,32768,166028,6232748,6398776,1.376,16.127,17.503,0.556,6232748,166028
c499,fixed-32768,32768,3,758,750,0,8,98.9446,98.9446,32768,66,0,8,0,66,55,32768,165057,6232748,6397805,1.402,16.096,17.498,0.537,6232748,165057
c499,fixed-32768,32768,4,758,750,0,8,98.9446,98.9446,32768,64,0,8,0,64,54,32768,166669,6232748,6399417,2.280,15.983,18.262,0.574,6232748,166669
c499,fixed-32768,32768,5,758,750,0,8,98.9446,98.9446,32768,72,0,8,0,72,55,32768,165217,6232748,6397965,1.398,16.291,17.689,0.541,6232748,165217
c499,plateau,832,1,758,750,0,8,98.9446,98.9446,832,69,2,10,0,71,54,832,26803,6238906,6265709,0.484,17.831,18.314,0.647,6232748,32961
c499,plateau,1152,2,758,750,0,8,98.9446,98.9446,1152,76,0,8,0,76,56,1152,28916,6232748,6261664,0.591,19.327,19.918,0.556,6232748,28916
c499,plateau,1024,3,758,750,0,8,98.9446,98.9446,1024,66,0,8,0,66,55,1024,27885,6232748,6260633,0.461,18.974,19.435,0.662,6232748,27885
c499,plateau,896,4,758,750,0,8,98.9446,98.9446,896,63,1,9,0,64,54,896,27592,6235947,6263539,0.570,19.077,19.647,0.532,6232748,30791
c499,plateau,1088,5,758,750,0,8,98.9446,98.9446,1088,72,0,8,0,72,55,1088,28247,6232748,6260995,0.502,16.364,16.866,0.529,6232748,28247
c499,stage1,896,1,758,750,0,8,98.9446,98.9446,896,69,2,10,0,71,54,896,27053,6238906,6265959,0.572,18.970,19.542,0.573,6232748,33211
c499,stage1,1280,2,758,750,0,8,98.9446,98.9446,1280,76,0,8,0,76,56,1280,29480,6232748,6262228,0.567,18.213,18.780,0.640,6232748,29480
c499,stage1,1280,3,758,750,0,8,98.9446,98.9446,1280,66,0,8,0,66,55,1280,28997,6232748,6261745,0.625,18.067,18.692,0.498,6232748,28997
c499,stage1,1216,4,758,750,0,8,98.9446,98.9446,1216,63,1,9,0,64,54,1216,28998,6235947,6264945,0.479,16.743,17.222,0.478,6232748,32197
c499,stage1,1280,5,758,750,0,8,98.9446,98.9446,1280,72,0,8,0,72,55,1280,29029,6232748,6261777,0.492,15.780,16.272,0.446,6232748,29029
c499,adaptive,896,1,758,750,0,8,98.9446,98.9446,896,69,2,10,10,71,54,896,27053,6238906,6265959,0.457,15.404,15.861,0.449,6232748,33211
c499,adaptive,1280,2,758,750,0,8,98.9446,98.9446,1280,76,0,8,8,76,56,1280,29480,6232748,6262228,0.481,15.226,15.707,0.514,6232748,29480
c499,adaptive,1280,3,758,750,0,8,98.9446,98.9446,1280,66,0,8,8,66,55,1280,28997,6232748,6261745,1.158,15.185,16.344,0.454,6232748,28997
c499,adaptive,1216,4,758,750,0,8,98.9446,98.9446,1216,63,1,9,9,64,54,1216,28998,6235947,6264945,0.455,15.782,16.237,0.442,6232748,32197
c499,adaptive,1280,5,758,750,0,8,98.9446,98.9446,1280,72,0,8,8,72,55,1280,29029,6232748,6261777,0.472,16.152,16.624,0.504,6232748,29029
c880,podem,0,1,942,942,0,0,100.0000,100.0000,0,0,87,87,0,87,65,0,0,547336,547336,0.000,2.364,2.364,0.738,0,547336
c880,podem,0,2,942,942,0,0,100.0000,100.0000,0,0,74,74,0,74,61,0,0,510987,510987,0.000,2.114,2.114,0.683,0,510987
c880,podem,0,3,942,942,0,0,100.0000,100.0000,0,0,79,79,0,79,64,0,0,593213,593213,0.000,2.392,2.392,0.692,0,593213
c880,podem,0,4,942,942,0,0,100.0000,100.0000,0,0,83,83,0,83,64,0,0,565680,565680,0.000,2.294,2.294,0.705,0,565680
c880,podem,0,5,942,942,0,0,100.0000,100.0000,0,0,79,79,0,79,64,0,0,550393,550393,0.000,2.055,2.055,0.690,0,550393
c880,fixed-64,64,1,942,942,0,0,100.0000,100.0000,64,44,49,49,0,93,72,64,23491,322483,345974,0.491,0.965,1.457,0.680,0,345974
c880,fixed-64,64,2,942,942,0,0,100.0000,100.0000,64,50,48,48,0,98,70,64,22173,354823,376996,0.472,1.037,1.510,0.710,0,376996
c880,fixed-64,64,3,942,942,0,0,100.0000,100.0000,64,46,45,45,0,91,70,64,24121,297916,322037,0.524,0.966,1.490,0.768,0,322037
c880,fixed-64,64,4,942,942,0,0,100.0000,100.0000,64,44,48,48,0,92,73,64,23027,334386,357413,0.494,1.103,1.597,0.774,0,357413
c880,fixed-64,64,5,942,942,0,0,100.0000,100.0000,64,49,48,48,0,97,67,64,22826,342927,365753,0.479,1.022,1.500,0.715,0,365753
c880,fixed-96,96,1,942,942,0,0,100.0000,100.0000,128,64,30,30,0,94,61,128,26176,225347,251523,0.632,0.642,1.274,0.714,0,251523
c880,fixed-96,96,2,942,942,0,0,100.0000,100.0000,128,64,36,36,0,100,69,128,24453,251735,276188,0.535,0.730,1.265,0.705,0,276188
c880,fixed-96,96,3,942,942,0,0,100.0000,100.0000,128,65,30,30,0,95,67,128,26299,206267,232566,0.600,0.597,1.197,0.700,0,232566
c880,fixed-96,96,4,942,942,0,0,100.0000,100.0000,128,62,33,33,0,95,65,128,25054,230616,255670,0.559,0.664,1.223,0.680,0,255670
c880,fixed-96,96,5,942,942,0,0,100.0000,100.0000,128,68,34,34,0,102,67,128,25141,265131,290272,0.551,0.783,1.334,0.704,0,290272
c880,fixed-128,128,1,942,942,0,0,100.0000,100.0000,128,64,30,30,0,94,61,128,26176,225347,251523,0.597,0.631,1.228,0.725,0,251523
c880,fixed-128,128,2,942,942,0,0,100.0000,100.0000,128,64,36,36,0,100,69,128,24453,251735,276188,0.557,1.585,2.142,0.712,0,276188
c880,fixed-128,128,3,942,942,0,0,100.0000,100.0000,128,65,30,30,0,95,67,128,26299,206267,232566,0.645,0.595,1.240,0.714,0,232566
c880,fixed-128,128,4,942,942,0,0,100.0000,100.0000,128,62,33,33,0,95,65,128,25054,230616,255670,0.571,0.675,1.245,0.675,0,255670
c880,fixed-128,128,5,942,942,0,0,100.0000,100.0000,128,68,34,34,0,102,67,128,25141,265131,290272,0.557,0.745,1.302,0.726,0,290272
c880,fixed-192,192,1,942,942,0,0,100.0000,100.0000,192,71,29,29,0,100,63,192,27351,200750,228101,0.591,0.558,1.150,0.747,0,228101
c880,fixed-192,192,2,942,942,0,0,100.0000,100.0000,192,80,30,30,0,110,69,192,26456,201630,228086,0.581,1.017,1.598,0.732,0,228086
c880,fixed-192,192,3,942,942,0,0,100.0000,100.0000,192,73,30,30,0,103,69,192,27314,206387,233701,0.589,0.572,1.161,0.746,0,233701
c880,fixed-192,192,4,942,942,0,0,100.0000,100.0000,192,70,29,29,0,99,68,192,26173,203345,229518,0.591,0.570,1.161,0.722,0,229518
c880,fixed-192,192,5,942,942,0,0,100.0000,100.0000,192,84,26,26,0,110,68,192,27189,198533,225722,0.599,0.547,1.146,0.742,0,225722
c880,fixed-256,256,1,942,942,0,0,100.0000,100.0000,256,79,25,25,0,104,68,256,28148,170301,198449,0.619,0.482,1.102,0.745,0,198449
c880,fixed-256,256,2,942,942,0,0,100.0000,100.0000,256,84,27,27,0,111,65,256,27254,198185,225439,0.593,0.551,1.145,0.695,0,225439
c880,fixed-256,256,3,942,942,0,0,100.0000,100.0000,256,77,27,27,0,104,71,256,28123,168330,196453,0.591,0.568,1.160,0.696,0,196453
c880,fixed-256,256,4,942,942,0,0,100.0000,100.0000,256,74,25,25,0,99,69,256,27101,172592,199693,0.609,0.497,1.106,0.667,0,199693
c880,fixed-256,256,5,942,942,0,0,100.0000,100.0000,256,88,21,21,0,109,68,256,28095,156867,184962,0.611,0.442,1.054,0.683,0,184962
c880,fixed-384,384,1,942,942,0,0,100.0000,100.0000,384,84,17,17,0,101,66,384,29483,111722,141205,0.649,0.321,0.970,0.699,0,141205
c880,fixed-384,384,2,942,942,0,0,100.0000,100.0000,384,90,18,18,0,108,65,384,28751,123273,152024,0.627,0.348,0.975,0.703,0,152024
c880,fixed-384,384,3,942,942,0,0,100.0000,100.0000,384,86,18,18,0,104,67,384,29942,101336,131278,0.630,0.323,0.953,0.704,0,131278
c880,fixed-384,384,4,942,942,0,0,100.0000,100.0000,384,82,19,19,0,101,72,384,28644,129164,157808,0.637,0.353,0.991,0.684,0,157808
c880,fixed-384,384,5,942,942,0,0,100.0000,100.0000,384,95,19,19,0,114,63,384,29870,110127,139997,0.640,0.317,0.957,0.704,0,139997
c880,fixed-512,512,1,942,942,0,0,100.0000,100.0000,512,88,15,15,0,103,66,512,30543,91784,122327,0.649,0.294,0.943,0.674,0,122327
c880,fixed-512,512,2,942,942,0,0,100.0000,100.0000,512,92,16,16,0,108,65,512,29869,111896,141765,0.632,0.312,0.944,0.709,0,141765
c880,fixed-512,512,3,942,942,0,0,100.0000,100.0000,512,88,19,19,0,107,65,512,31009,102291,133300,0.723,0.339,1.062,0.738,0,133300
c880,fixed-512,512,4,942,942,0,0,100.0000,100.0000,512,86,15,15,0,101,61,512,29781,91381,121162,0.623,0.309,0.933,0.679,0,121162
c880,fixed-512,512,5,942,942,0,0,100.0000,100.0000,512,98,18,18,0,116,66,512,30969,100638,131607,0.687,0.297,0.984,0.723,0,131607
c880,fixed-768,768,1,942,942,0,0,100.0000,100.0000,768,94,8,8,0,102,66,768,32713,35764,68477,0.698,0.134,0.832,0.702,0,68477
c880,fixed-768,768,2,942,942,0,0,100.0000,100.0000,768,94,15,15,0,109,67,768,31891,105335,137226,0.649,0.323,0.972,0.716,0,137226
c880,fixed-768,768,3,942,942,0,0,100.0000,100.0000,768,92,14,14,0,106,70,768,33092,72430,105522,0.700,0.219,0.919,0.737,0,105522
c880,fixed-768,768,4,942,942,0,0,100.0000,100.0000,768,89,11,11,0,100,63,768,31643,63634,95277,0.660,0.189,0.849,1.480,0,95277
c880,fixed-768,768,5,942,942,0,0,100.0000,100.0000,768,104,9,9,0,113,63,768,32978,42556,75534,0.693,0.127,0.820,0.708,0,75534
c880,fixed-1024,1024,1,942,942,0,0,100.0000,100.0000,1024,97,7,7,0,104,67,1024,34385,30684,65069,0.678,0.099,0.777,0.694,0,65069
c880,fixed-1024,1024,2,942,942,0,0,100.0000,100.0000,1024,101,9,9,0,110,66,1024,34189,44460,78649,0.658,0.141,0.799,0.761,0,78649
c880,fixed-1024,1024,3,942,942,0,0,100.0000,100.0000,1024,95,11,11,0,106,67,1024,34859,56690,91549,0.698,0.180,0.878,0.694,0,91549
c880,fixed-1024,1024,4,942,942,0,0,100.0000,100.0000,1024,89,9,9,0,98,66,1024,33314,53617,86931,0.644,0.175,0.818,0.683,0,86931
c880,fixed-1024,1024,5,942,942,0,0,100.0000,100.0000,1024,105,9,9,0,114,63,1024,34693,42234,76927,0.705,0.119,0.824,0.696,0,76927
c880,fixed-1536,1536,1,942,942,0,0,100.0000,100.0000,1536,97,7,7,0,104,64,1536,37563,31031,68594,0.698,0.102,0.800,0.674,0,68594
c880,fixed-1536,1536,2,942,942,0,0,100.0000,100.0000,1536,104,7,7,0,111,60,1536,37571,38607,76178,0.700,0.109,0.809,0.741,0,76178
c880,fixed-1536,1536,3,942,942,0,0,100.0000,100.0000,1536,96,11,11,0,107,69,1536,38205,54639,92844,0.740,0.197,0.937,0.748,0,92844
c880,fixed-1536,1536,4,942,942,0,0,100.0000,100.0000,1536,92,9,9,0,101,66,1536,36841,44422,81263,0.669,0.131,0.800,0.683,0,81263
c880,fixed-1536,1536,5,942,942,0,0,100.0000,100.0000,1536,110,7,7,0,117,63,1536,38046,30171,68217,0.750,0.098,0.848,0.701,0,68217
c880,fixed-2048,2048,1,942,942,0,0,100.0000,100.0000,2048,99,5,5,0,104,66,2048,40682,21613,62295,0.687,0.103,0.790,0.665,0,62295
c880,fixed-2048,2048,2,942,942,0,0,100.0000,100.0000,2048,105,7,7,0,112,61,2048,40767,32866,73633,0.715,0.104,0.820,0.696,0,73633
c880,fixed-2048,2048,3,942,942,0,0,100.0000,100.0000,2048,99,9,9,0,108,68,2048,41519,42881,84400,0.738,0.133,0.871,0.687,0,84400
c880,fixed-2048,2048,4,942,942,0,0,100.0000,100.0000,2048,96,6,6,0,102,63,2048,40130,24598,64728,0.716,0.092,0.809,0.713,0,64728
c880,fixed-2048,2048,5,942,942,0,0,100.0000,100.0000,2048,114,5,5,0,119,66,2048,41203,20215,61418,0.725,0.065,0.791,0.698,0,61418
c880,fixed-3072,3072,1,942,942,0,0,100.0000,100.0000,3072,100,5,5,0,105,68,3072,46956,19796,66752,0.726,0.071,0.798,0.704,0,66752
c880,fixed-3072,3072,2,942,942,0,0,100.0000,100.0000,3072,108,4,4,0,112,61,3072,47090,15521,62611,0.746,0.057,0.802,0.693,0,62611
c880,fixed-3072,3072,3,942,942,0,0,100.0000,100.0000,3072,105,3,3,0,108,67,3072,47954,12774,60728,0.775,0.054,0.829,0.704,0,60728
c880,fixed-3072,3072,4,942,942,0,0,100.0000,100.0000,3072,99,4,4,0,103,63,3072,46409,15792,62201,0.744,0.058,0.802,0.700,0,62201
c880,fixed-3072,3072,5,942,942,0,0,100.0000,100.0000,3072,117,3,3,0,120,66,3072,47438,12168,59606,0.764,0.041,0.805,0.736,0,59606
c880,fixed-4096,4096,1,942,942,0,0,100.0000,100.0000,4096,101,3,3,0,104,67,4096,53259,12352,65611,0.809,0.058,0.867,0.758,0,65611
c880,fixed-4096,4096,2,942,942,0,0,100.0000,100.0000,4096,110,4,4,0,114,63,4096,53320,17466,70786,0.810,0.061,0.871,0.709,0,70786
c880,fixed-4096,4096,3,942,942,0,0,100.0000,100.0000,4096,108,1,1,0,109,67,4096,54157,3332,57489,0.817,0.015,0.832,0.715,0,57489
c880,fixed-4096,4096,4,942,942,0,0,100.0000,100.0000,4096,99,4,4,0,103,62,4096,52682,16086,68768,0.749,0.059,0.807,0.663,0,68768
c880,fixed-4096,4096,5,942,942,0,0,100.0000,100.0000,4096,119,2,2,0,121,66,4096,53632,9427,63059,0.747,0.032,0.779,0.730,0,63059
c880,fixed-6144,6144,1,942,942,0,0,100.0000,100.0000,6144,102,1,1,0,103,65,6144,65566,3021,68587,0.821,0.015,0.836,0.707,0,68587
c880,fixed-6144,6144,2,942,942,0,0,100.0000,100.0000,6144,111,3,3,0,114,63,6144,65646,9104,74750,0.805,0.033,0.838,0.713,0,74750
c880,fixed-6144,6144,3,942,942,0,0,100.0000,100.0000,5632,109,0,0,0,109,67,5632,63378,0,63378,0.843,0.000,0.843,0.711,0,63378
c880,fixed-6144,6144,4,942,942,0,0,100.0000,100.0000,6144,101,2,2,0,103,63,6144,65070,6375,71445,0.810,0.028,0.838,0.665,0,71445
c880,fixed-6144,6144,5,942,942,0,0,100.0000,100.0000,6144,120,1,1,0,121,65,6144,66041,3353,69394,0.828,0.015,0.843,0.714,0,69394
c880,fixed-8192,8192,1,942,942,0,0,100.0000,100.0000,8192,102,2,2,0,104,66,8192,77825,6072,83897,1.671,0.029,1.700,0.670,0,83897
c880,fixed-8192,8192,2,942,942,0,0,100.0000,100.0000,8192,113,2,2,0,115,62,8192,77950,6362,84312,0.918,0.027,0.945,0.754,0,84312
c880,fixed-8192,8192,3,942,942,0,0,100.0000,100.0000,5632,109,0,0,0,109,67,5632,63378,0,63378,0.825,0.000,0.825,0.710,0,63378
c880,fixed-8192,8192,4,942,942,0,0,100.0000,100.0000,7168,103,0,0,0,103,66,7168,71254,0,71254,0.863,0.000,0.863,0.775,0,71254
c880,fixed-8192,8192,5,942,942,0,0,100.0000,100.0000,7424,121,0,0,0,121,66,7424,73728,0,73728,1.061,0.000,1.061,0.770,0,73728
c880,fixed-12288,12288,1,942,942,0,0,100.0000,100.0000,12288,103,2,2,0,105,66,12288,102360,6032,108392,0.940,0.027,0.967,1.144,0,108392
c880,fixed-12288,12288,2,942,942,0,0,100.0000,100.0000,12288,116,1,1,0,117,64,12288,102535,3012,105547,0.965,0.016,0.981,0.759,0,105547
c880,fixed-12288,12288,3,942,942,0,0,100.0000,100.0000,5632,109,0,0,0,109,67,5632,63378,0,63378,0.820,0.000,0.820,0.715,0,63378
c880,fixed-12288,12288,4,942,942,0,0,100.0000,100.0000,7168,103,0,0,0,103,66,7168,71254,0,71254,0.795,0.000,0.795,0.715,0,71254
c880,fixed-12288,12288,5,942,942,0,0,100.0000,100.0000,7424,121,0,0,0,121,66,7424,73728,0,73728,0.989,0.000,0.989,0.784,0,73728
c880,fixed-16384,16384,1,942,942,0,0,100.0000,100.0000,16384,104,1,1,0,105,67,16384,126892,3012,129904,1.258,0.021,1.279,0.809,0,129904
c880,fixed-16384,16384,2,942,942,0,0,100.0000,100.0000,16384,116,1,1,0,117,64,16384,127047,3012,130059,1.034,0.017,1.051,0.695,0,130059
c880,fixed-16384,16384,3,942,942,0,0,100.0000,100.0000,5632,109,0,0,0,109,67,5632,63378,0,63378,0.812,0.000,0.812,0.677,0,63378
c880,fixed-16384,16384,4,942,942,0,0,100.0000,100.0000,7168,103,0,0,0,103,66,7168,71254,0,71254,0.857,0.000,0.857,0.684,0,71254
c880,fixed-16384,16384,5,942,942,0,0,100.0000,100.0000,7424,121,0,0,0,121,66,7424,73728,0,73728,0.840,0.000,0.840,0.696,0,73728
c880,fixed-24576,24576,1,942,942,0,0,100.0000,100.0000,21760,105,0,0,0,105,67,21760,159077,0,159077,1.150,0.000,1.150,0.693,0,159077
c880,fixed-24576,24576,2,942,942,0,0,100.0000,100.0000,18240,117,0,0,0,117,64,18240,138159,0,138159,1.050,0.000,1.050,0.686,0,138159
c880,fixed-24576,24576,3,942,942,0,0,100.0000,100.0000,5632,109,0,0,0,109,67,5632,63378,0,63378,0.804,0.000,0.804,0.727,0,63378
c880,fixed-24576,24576,4,942,942,0,0,100.0000,100.0000,7168,103,0,0,0,103,66,7168,71254,0,71254,0.849,0.000,0.850,0.700,0,71254
c880,fixed-24576,24576,5,942,942,0,0,100.0000,100.0000,7424,121,0,0,0,121,66,7424,73728,0,73728,0.877,0.000,0.877,0.697,0,73728
c880,fixed-32768,32768,1,942,942,0,0,100.0000,100.0000,21760,105,0,0,0,105,67,21760,159077,0,159077,1.188,0.000,1.188,0.707,0,159077
c880,fixed-32768,32768,2,942,942,0,0,100.0000,100.0000,18240,117,0,0,0,117,64,18240,138159,0,138159,1.130,0.000,1.130,0.712,0,138159
c880,fixed-32768,32768,3,942,942,0,0,100.0000,100.0000,5632,109,0,0,0,109,67,5632,63378,0,63378,0.829,0.000,0.829,0.705,0,63378
c880,fixed-32768,32768,4,942,942,0,0,100.0000,100.0000,7168,103,0,0,0,103,66,7168,71254,0,71254,0.822,0.000,0.822,0.698,0,71254
c880,fixed-32768,32768,5,942,942,0,0,100.0000,100.0000,7424,121,0,0,0,121,66,7424,73728,0,73728,0.850,0.000,0.850,0.674,0,73728
c880,plateau,1408,1,942,942,0,0,100.0000,100.0000,1408,97,6,6,0,103,66,1408,36791,27651,64442,0.705,0.121,0.826,0.703,0,64442
c880,plateau,1856,2,942,942,0,0,100.0000,100.0000,1856,105,6,6,0,111,61,1856,39566,25457,65023,0.723,0.084,0.808,0.764,0,65023
c880,plateau,1408,3,942,942,0,0,100.0000,100.0000,1408,96,11,11,0,107,69,1408,37409,53913,91322,0.697,0.184,0.881,0.798,0,91322
c880,plateau,1024,4,942,942,0,0,100.0000,100.0000,1024,89,9,9,0,98,66,1024,33314,53617,86931,0.687,0.164,0.852,0.698,0,86931
c880,plateau,2112,5,942,942,0,0,100.0000,100.0000,2112,114,5,5,0,119,65,2112,41590,20503,62093,1.522,0.072,1.594,0.747,0,62093
c880,stage1,1536,1,942,942,0,0,100.0000,100.0000,1536,97,7,7,0,104,64,1536,37563,31031,68594,0.712,0.110,0.822,0.692,0,68594
c880,stage1,2176,2,942,942,0,0,100.0000,100.0000,2176,105,7,7,0,112,62,2176,41550,33216,74766,0.709,0.125,0.834,0.687,0,74766
c880,stage1,1600,3,942,942,0,0,100.0000,100.0000,1600,96,11,11,0,107,70,1600,38604,54320,92924,0.761,0.168,0.929,0.704,0,92924
c880,stage1,1728,4,942,942,0,0,100.0000,100.0000,1728,93,7,7,0,100,64,1728,38073,34156,72229,0.700,0.106,0.805,0.666,0,72229
c880,stage1,2368,5,942,942,0,0,100.0000,100.0000,2368,114,5,5,0,119,64,2368,43156,20535,63691,0.757,0.068,0.825,0.718,0,63691
c880,adaptive,1536,1,942,942,0,0,100.0000,100.0000,1536,97,5,5,5,102,66,1536,37563,23288,60851,0.711,0.094,0.805,0.711,0,60851
c880,adaptive,2176,2,942,942,0,0,100.0000,100.0000,2176,105,7,7,7,112,63,2176,41550,33237,74787,0.711,0.105,0.816,0.698,0,74787
c880,adaptive,1600,3,942,942,0,0,100.0000,100.0000,1600,96,9,9,9,105,66,1600,38604,42097,80701,0.770,0.147,0.918,0.705,0,80701
c880,adaptive,1728,4,942,942,0,0,100.0000,100.0000,1728,93,9,9,9,102,66,1728,38073,40184,78257,0.687,0.147,0.834,0.667,0,78257
c880,adaptive,2368,5,942,942,0,0,100.0000,100.0000,2368,114,4,4,4,118,65,2368,43156,17192,60348,0.749,0.059,0.808,0.711,0,60348
c1355,podem,0,1,1574,1566,0,8,99.4917,99.4917,0,0,146,154,0,146,122,0,0,15915364,15915364,0.000,35.346,35.346,1.734,11792808,4122556
c1355,podem,0,2,1574,1566,0,8,99.4917,99.4917,0,0,132,140,0,132,114,0,0,15292615,15292615,0.000,33.600,33.600,1.802,11792808,3499807
c1355,podem,0,3,1574,1566,0,8,99.4917,99.4917,0,0,134,142,0,134,114,0,0,15538942,15538942,0.000,35.741,35.741,1.699,11792808,3746134
c1355,podem,0,4,1574,1566,0,8,99.4917,99.4917,0,0,126,135,0,126,112,0,0,15766021,15766021,0.000,37.818,37.818,1.786,11792808,3973213
c1355,podem,0,5,1574,1566,0,8,99.4917,99.4917,0,0,144,152,0,144,116,0,0,15859361,15859361,0.000,35.530,35.530,1.763,11792808,4066553
c1355,fixed-64,64,1,1574,1566,0,8,99.4917,99.4917,64,45,70,80,0,115,92,64,72680,14548837,14621517,1.890,40.412,42.302,1.943,11792808,2828709
c1355,fixed-64,64,2,1574,1566,0,8,99.4917,99.4917,64,45,66,76,0,111,93,64,77163,14082561,14159724,2.151,35.011,37.162,1.846,11792808,2366916
c1355,fixed-64,64,3,1574,1566,0,8,99.4917,99.4917,64,34,67,77,0,101,90,64,74469,14074725,14149194,1.336,39.572,40.908,1.858,11792808,2356386
c1355,fixed-64,64,4,1574,1566,0,8,99.4917,99.4917,64,37,66,76,0,103,93,64,75084,14333267,14408351,1.530,38.062,39.592,1.848,11792808,2615543
c1355,fixed-64,64,5,1574,1566,0,8,99.4917,99.4917,64,40,67,76,0,107,94,64,74817,13748875,13823692,1.411,34.506,35.917,1.934,11792808,2030884
c1355,fixed-96,96,1,1574,1566,0,8,99.4917,99.4917,128,61,56,65,0,117,87,128,75972,13538828,13614800,1.382,33.199,34.581,1.946,11792808,1821992
c1355,fixed-96,96,2,1574,1566,0,8,99.4917,99.4917,128,58,55,64,0,113,88,128,79456,13504937,13584393,1.406,36.461,37.867,2.036,11792808,1791585
c1355,fixed-96,96,3,1574,1566,0,8,99.4917,99.4917,128,52,53,63,0,105,90,128,76740,14110148,14186888,1.420,39.880,41.299,2.054,11792808,2394080
c1355,fixed-96,96,4,1574,1566,0,8,99.4917,99.4917,128,55,50,60,0,105,86,128,76879,14032932,14109811,1.432,43.151,44.583,2.124,11792808,2317003
c1355,fixed-96,96,5,1574,1566,0,8,99.4917,99.4917,128,57,53,62,0,110,91,128,77013,13435797,13512810,1.406,34.894,36.300,2.004,11792808,1720002
c1355,fixed-128,128,1,1574,1566,0,8,99.4917,99.4917,128,61,56,65,0,117,87,128,75972,13538828,13614800,1.425,35.353,36.778,2.319,11792808,1821992
c1355,fixed-128,128,2,1574,1566,0,8,99.4917,99.4917,128,58,55,64,0,113,88,128,79456,13504937,13584393,1.500,35.234,36.734,2.051,11792808,1791585
c1355,fixed-128,128,3,1574,1566,0,8,99.4917,99.4917,128,52,53,63,0,105,90,128,76740,14110148,14186888,1.431,38.682,40.113,2.005,11792808,2394080
c1355,fixed-128,128,4,1574,1566,0,8,99.4917,99.4917,128,55,50,60,0,105,86,128,76879,14032932,14109811,1.470,40.443,41.913,2.118,11792808,2317003
c1355,fixed-128,128,5,1574,1566,0,8,99.4917,99.4917,128,57,53,62,0,110,91,128,77013,13435797,13512810,1.545,41.678,43.223,2.179,11792808,1720002
c1355,fixed-192,192,1,1574,1566,0,8,99.4917,99.4917,192,69,48,56,0,117,87,192,77038,12749776,12826814,1.764,33.480,35.244,2.072,11792808,1034006
c1355,fixed-192,192,2,1574,1566,0,8,99.4917,99.4917,192,68,45,54,0,113,87,192,80391,13411258,13491649,1.495,35.891,37.386,3.019,11792808,1698841
c1355,fixed-192,192,3,1574,1566,0,8,99.4917,99.4917,192,58,47,57,0,105,89,192,77556,14046833,14124389,1.571,37.063,38.633,2.037,11792808,2331581
c1355,fixed-192,192,4,1574,1566,0,8,99.4917,99.4917,192,63,42,52,0,105,86,192,77776,13934220,14011996,1.779,40.196,41.975,2.134,11792808,2219188
c1355,fixed-192,192,5,1574,1566,0,8,99.4917,99.4917,192,64,46,55,0,110,89,192,77905,13120082,13197987,1.568,33.468,35.036,2.222,11792808,1405179
c1355,fixed-256,256,1,1574,1566,0,8,99.4917,99.4917,256,73,44,52,0,117,87,256,77824,12706258,12784082,1.446,35.692,37.138,2.138,11792808,991274
c1355,fixed-256,256,2,1574,1566,0,8,99.4917,99.4917,256,75,38,47,0,113,87,256,81195,13325655,13406850,1.527,36.506,38.032,2.287,11792808,1614042
c1355,fixed-256,256,3,1574,1566,0,8,99.4917,99.4917,256,60,45,55,0,105,89,256,78369,14020193,14098562,1.479,36.778,38.257,2.175,11792808,2305754
c1355,fixed-256,256,4,1574,1566,0,8,99.4917,99.4917,256,70,35,45,0,105,86,256,78550,13877744,13956294,1.501,38.095,39.596,2.172,11792808,2163486
c1355,fixed-256,256,5,1574,1566,0,8,99.4917,99.4917,256,75,36,45,0,111,88,256,78818,13024837,13103655,1.620,33.633,35.253,2.363,11792808,1310847
c1355,fixed-384,384,1,1574,1566,0,8,99.4917,99.4917,384,83,34,42,0,117,87,384,79293,12629915,12709208,1.595,32.546,34.141,2.460,11792808,916400
c1355,fixed-384,384,2,1574,1566,0,8,99.4917,99.4917,384,85,28,37,0,113,87,384,82675,13251821,13334496,1.606,43.184,44.790,2.417,11792808,1541688
c1355,fixed-384,384,3,1574,1566,0,8,99.4917,99.4917,384,74,31,41,0,105,87,384,79921,13621482,13701403,1.491,35.244,36.735,2.411,11792808,1908595
c1355,fixed-384,384,4,1574,1566,0,8,99.4917,99.4917,384,77,28,38,0,105,86,384,79966,13780734,13860700,1.701,38.260,39.962,2.336,11792808,2067892
c1355,fixed-384,384,5,1574,1566,0,8,99.4917,99.4917,384,85,26,34,0,111,88,384,80260,12317459,12397719,1.569,31.195,32.764,2.451,11792808,604911
c1355,fixed-512,512,1,1574,1566,0,8,99.4917,99.4917,512,90,27,35,0,117,87,512,80717,11995414,12076131,1.473,28.225,29.697,2.351,11792808,283323
c1355,fixed-512,512,2,1574,1566,0,8,99.4917,99.4917,512,89,24,33,0,113,87,512,84007,12940266,13024273,1.537,33.437,34.973,2.282,11792808,1231465
c1355,fixed-512,512,3,1574,1566,0,8,99.4917,99.4917,512,82,23,33,0,105,87,512,81327,13307608,13388935,1.541,32.436,33.977,2.136,11792808,1596127
c1355,fixed-512,512,4,1574,1566,0,8,99.4917,99.4917,512,82,23,33,0,105,86,512,81347,13743745,13825092,1.382,34.371,35.753,2.269,11792808,2032284
c1355,fixed-512,512,5,1574,1566,0,8,99.4917,99.4917,512,86,25,33,0,111,88,512,81583,12309310,12390893,1.395,26.546,27.941,2.947,11792808,598085
c1355,fixed-768,768,1,1574,1566,0,8,99.4917,99.4917,768,102,15,23,0,117,87,768,83408,11905268,11988676,1.376,23.698,25.073,2.136,11792808,195868
c1355,fixed-768,768,2,1574,1566,0,8,99.4917,99.4917,768,98,15,24,0,113,87,768,86682,12827123,12913805,1.511,29.054,30.565,2.257,11792808,1120997
c1355,fixed-768,768,3,1574,1566,0,8,99.4917,99.4917,768,95,10,18,0,105,87,768,84031,11918753,12002784,1.335,24.494,25.829,2.251,11792808,209976
c1355,fixed-768,768,4,1574,1566,0,8,99.4917,99.4917,768,86,19,29,0,105,86,768,83977,13713249,13797226,1.376,33.051,34.427,2.113,11792808,2004418
c1355,fixed-768,768,5,1574,1566,0,8,99.4917,99.4917,768,96,15,23,0,111,88,768,84267,12185265,12269532,1.463,29.546,31.009,2.325,11792808,476724
c1355,fixed-1024,1024,1,1574,1566,0,8,99.4917,99.4917,1024,104,13,21,0,117,87,1024,85995,11889811,11975806,1.491,25.931,27.421,2.322,11792808,182998
c1355,fixed-1024,1024,2,1574,1566,0,8,99.4917,99.4917,1024,107,6,15,0,113,87,1024,89271,12456638,12545909,1.616,29.321,30.937,2.321,11792808,753101
c1355,fixed-1024,1024,3,1574,1566,0,8,99.4917,99.4917,1024,97,8,16,0,105,87,1024,86570,11903734,11990304,1.549,27.911,29.460,2.402,11792808,197496
c1355,fixed-1024,1024,4,1574,1566,0,8,99.4917,99.4917,1024,93,12,22,0,105,86,1024,86632,13662548,13749180,1.474,35.682,37.156,2.311,11792808,1956372
c1355,fixed-1024,1024,5,1574,1566,0,8,99.4917,99.4917,1024,103,8,16,0,111,88,1024,86954,12132624,12219578,1.598,28.187,29.784,2.315,11792808,426770
c1355,fixed-1536,1536,1,1574,1566,0,8,99.4917,99.4917,1536,116,1,9,0,117,87,1536,91055,11799752,11890807,1.577,26.621,28.198,2.655,11792808,97999
c1355,fixed-1536,1536,2,1574,1566,0,8,99.4917,99.4917,1536,110,3,11,0,113,87,1536,94372,11815774,11910146,1.676,27.014,28.691,2.260,11792808,117338
c1355,fixed-1536,1536,3,1574,1566,0,8,99.4917,99.4917,1536,102,3,11,0,105,87,1536,91604,11815053,11906657,1.634,26.850,28.484,2.193,11792808,113849
c1355,fixed-1536,1536,4,1574,1566,0,8,99.4917,99.4917,1536,102,3,11,0,105,86,1536,91858,12094086,12185944,1.468,26.678,28.146,2.280,11792808,393136
c1355,fixed-1536,1536,5,1574,1566,0,8,99.4917,99.4917,1536,111,0,8,0,111,88,1536,91942,11792808,11884750,2.252,25.018,27.270,2.626,11792808,91942
c1355,fixed-2048,2048,1,1574,1566,0,8,99.4917,99.4917,2048,117,0,8,0,117,87,2048,96039,11792808,11888847,1.514,26.445,27.959,2.312,11792808,96039
c1355,fixed-2048,2048,2,1574,1566,0,8,99.4917,99.4917,2048,111,2,10,0,113,87,2048,99406,11808066,11907472,1.614,25.416,27.030,2.575,11792808,114664
c1355,fixed-2048,2048,3,1574,1566,0,8,99.4917,99.4917,2048,104,1,9,0,105,87,2048,96541,11800525,11897066,1.689,26.084,27.773,2.354,11792808,104258
c1355,fixed-2048,2048,4,1574,1566,0,8,99.4917,99.4917,2048,103,2,10,0,105,86,2048,96817,11806670,11903487,1.535,25.431,26.966,2.437,11792808,110679
c1355,fixed-2048,2048,5,1574,1566,0,8,99.4917,99.4917,2048,111,0,8,0,111,88,2048,97046,11792808,11889854,1.531,25.111,26.642,2.204,11792808,97046
c1355,fixed-3072,3072,1,1574,1566,0,8,99.4917,99.4917,3072,117,0,8,0,117,87,3072,105819,11792808,11898627,1.539,25.560,27.099,2.363,11792808,105819
c1355,fixed-3072,3072,2,1574,1566,0,8,99.4917,99.4917,3072,113,0,8,0,113,87,3072,109418,11792808,11902226,1.583,24.896,26.479,2.280,11792808,109418
c1355,fixed-3072,3072,3,1574,1566,0,8,99.4917,99.4917,3072,105,0,8,0,105,87,3072,106366,11792808,11899174,1.554,31.216,32.770,2.252,11792808,106366
c1355,fixed-3072,3072,4,1574,1566,0,8,99.4917,99.4917,3072,104,1,9,0,105,86,3072,106809,11799733,11906542,1.667,25.318,26.985,2.477,11792808,113734
c1355,fixed-3072,3072,5,1574,1566,0,8,99.4917,99.4917,3072,111,0,8,0,111,88,3072,107078,11792808,11899886,1.765,28.988,30.753,2.412,11792808,107078
c1355,fixed-4096,4096,1,1574,1566,0,8,99.4917,99.4917,4096,117,0,8,0,117,87,4096,115835,11792808,11908643,1.764,27.067,28.832,2.876,11792808,115835
c1355,fixed-4096,4096,2,1574,1566,0,8,99.4917,99.4917,4096,113,0,8,0,113,87,4096,119318,11792808,11912126,2.588,26.656,29.244,2.421,11792808,119318
c1355,fixed-4096,4096,3,1574,1566,0,8,99.4917,99.4917,4096,105,0,8,0,105,87,4096,116266,11792808,11909074,2.514,26.648,29.162,2.373,11792808,116266
c1355,fixed-4096,4096,4,1574,1566,0,8,99.4917,99.4917,4096,105,0,8,0,105,86,4096,116713,11792808,11909521,2.407,27.589,29.996,2.164,11792808,116713
c1355,fixed-4096,4096,5,1574,1566,0,8,99.4917,99.4917,4096,111,0,8,0,111,88,4096,117058,11792808,11909866,1.806,25.142,26.948,2.267,11792808,117058
c1355,fixed-6144,6144,1,1574,1566,0,8,99.4917,99.4917,6144,117,0,8,0,117,87,6144,135495,11792808,11928303,1.681,25.470,27.151,2.290,11792808,135495
c1355,fixed-6144,6144,2,1574,1566,0,8,99.4917,99.4917,6144,113,0,8,0,113,87,6144,139142,11792808,11931950,1.714,25.403,27.117,2.990,11792808,139142
c1355,fixed-6144,6144,3,1574,1566,0,8,99.4917,99.4917,6144,105,0,8,0,105,87,6144,136230,11792808,11929038,1.728,27.816,29.544,2.511,11792808,136230
c1355,fixed-6144,6144,4,1574,1566,0,8,99.4917,99.4917,6144,105,0,8,0,105,86,6144,136821,11792808,11929629,1.712,25.749,27.461,2.291,11792808,136821
c1355,fixed-6144,6144,5,1574,1566,0,8,99.4917,99.4917,6144,111,0,8,0,111,88,6144,136946,11792808,11929754,1.922,25.776,27.698,2.205,11792808,136946
c1355,fixed-8192,8192,1,1574,1566,0,8,99.4917,99.4917,8192,117,0,8,0,117,87,8192,155539,11792808,11948347,1.770,25.546,27.316,2.259,11792808,155539
c1355,fixed-8192,8192,2,1574,1566,0,8,99.4917,99.4917,8192,113,0,8,0,113,87,8192,158878,11792808,11951686,1.830,25.285,27.115,2.244,11792808,158878
c1355,fixed-8192,8192,3,1574,1566,0,8,99.4917,99.4917,8192,105,0,8,0,105,87,8192,156146,11792808,11948954,1.807,28.943,30.750,2.249,11792808,156146
c1355,fixed-8192,8192,4,1574,1566,0,8,99.4917,99.4917,8192,105,0,8,0,105,86,8192,156829,11792808,11949637,1.790,26.754,28.543,2.344,11792808,156829
c1355,fixed-8192,8192,5,1574,1566,0,8,99.4917,99.4917,8192,111,0,8,0,111,88,8192,156770,11792808,11949578,1.985,26.735,28.719,2.298,11792808,156770
c1355,fixed-12288,12288,1,1574,1566,0,8,99.4917,99.4917,12288,117,0,8,0,117,87,12288,195487,11792808,11988295,2.771,24.539,27.310,2.444,11792808,195487
c1355,fixed-12288,12288,2,1574,1566,0,8,99.4917,99.4917,12288,113,0,8,0,113,87,12288,198646,11792808,11991454,2.081,26.625,28.706,2.274,11792808,198646
c1355,fixed-12288,12288,3,1574,1566,0,8,99.4917,99.4917,12288,105,0,8,0,105,87,12288,196014,11792808,11988822,2.043,24.942,26.986,2.495,11792808,196014
c1355,fixed-12288,12288,4,1574,1566,0,8,99.4917,99.4917,12288,105,0,8,0,105,86,12288,196917,11792808,11989725,2.001,25.626,27.627,2.444,11792808,196917
c1355,fixed-12288,12288,5,1574,1566,0,8,99.4917,99.4917,12288,111,0,8,0,111,88,12288,196646,11792808,11989454,2.259,26.156,28.415,2.525,11792808,196646
c1355,fixed-16384,16384,1,1574,1566,0,8,99.4917,99.4917,16384,117,0,8,0,117,87,16384,235147,11792808,12027955,2.710,24.388,27.097,2.248,11792808,235147
c1355,fixed-16384,16384,2,1574,1566,0,8,99.4917,99.4917,16384,113,0,8,0,113,87,16384,238598,11792808,12031406,2.276,25.298,27.574,2.300,11792808,238598
c1355,fixed-16384,16384,3,1574,1566,0,8,99.4917,99.4917,16384,105,0,8,0,105,87,16384,235526,11792808,12028334,2.196,25.639,27.835,2.297,11792808,235526
c1355,fixed-16384,16384,4,1574,1566,0,8,99.4917,99.4917,16384,105,0,8,0,105,86,16384,236645,11792808,12029453,2.340,26.780,29.119,2.275,11792808,236645
c1355,fixed-16384,16384,5,1574,1566,0,8,99.4917,99.4917,16384,111,0,8,0,111,88,16384,236558,11792808,12029366,2.578,25.969,28.547,3.153,11792808,236558
c1355,fixed-24576,24576,1,1574,1566,0,8,99.4917,99.4917,24576,117,0,8,0,117,87,24576,314479,11792808,12107287,2.618,30.468,33.086,2.548,11792808,314479
c1355,fixed-24576,24576,2,1574,1566,0,8,99.4917,99.4917,24576,113,0,8,0,113,87,24576,318314,11792808,12111122,2.781,26.299,29.080,2.389,11792808,318314
c1355,fixed-24576,24576,3,1574,1566,0,8,99.4917,99.4917,24576,105,0,8,0,105,87,24576,315110,11792808,12107918,2.649,25.881,28.530,3.056,11792808,315110
c1355,fixed-24576,24576,4,1574,1566,0,8,99.4917,99.4917,24576,105,0,8,0,105,86,24576,316641,11792808,12109449,2.769,26.898,29.667,2.296,11792808,316641
c1355,fixed-24576,24576,5,1574,1566,0,8,99.4917,99.4917,24576,111,0,8,0,111,88,24576,315574,11792808,12108382,3.188,32.612,35.800,2.369,11792808,315574
c1355,fixed-32768,32768,1,1574,1566,0,8,99.4917,99.4917,32768,117,0,8,0,117,87,32768,393899,11792808,12186707,3.143,26.313,29.456,3.305,11792808,393899
c1355,fixed-32768,32768,2,1574,1566,0,8,99.4917,99.4917,32768,113,0,8,0,113,87,32768,397710,11792808,12190518,3.322,25.976,29.298,2.970,11792808,397710
c1355,fixed-32768,32768,3,1574,1566,0,8,99.4917,99.4917,32768,105,0,8,0,105,87,32768,394510,11792808,12187318,3.094,28.642,31.736,2.692,11792808,394510
c1355,fixed-32768,32768,4,1574,1566,0,8,99.4917,99.4917,32768,105,0,8,0,105,86,32768,396013,11792808,12188821,3.154,25.917,29.071,3.179,11792808,396013
c1355,fixed-32768,32768,5,1574,1566,0,8,99.4917,99.4917,32768,111,0,8,0,111,88,32768,394906,11792808,12187714,3.104,26.110,29.215,2.396,11792808,394906
c1355,plateau,2048,1,1574,1566,0,8,99.4917,99.4917,2048,117,0,8,0,117,87,2048,96039,11792808,11888847,2.317,26.964,29.280,2.421,11792808,96039
c1355,plateau,2112,2,1574,1566,0,8,99.4917,99.4917,2112,111,2,10,0,113,87,2112,100004,11808066,11908070,1.687,26.330,28.017,2.374,11792808,115262
c1355,plateau,2624,3,1574,1566,0,8,99.4917,99.4917,2624,105,0,8,0,105,87,2624,102100,11792808,11894908,1.616,26.759,28.375,2.355,11792808,102100
c1355,plateau,1984,4,1574,1566,0,8,99.4917,99.4917,1984,103,2,10,0,105,86,1984,96172,11806670,11902842,1.542,28.369,29.911,2.410,11792808,110034
c1355,plateau,1920,5,1574,1566,0,8,99.4917,99.4917,1920,111,0,8,0,111,88,1920,95794,11792808,11888602,1.589,26.545,28.134,2.313,11792808,95794
c1355,stage1,2304,1,1574,1566,0,8,99.4917,99.4917,2304,117,0,8,0,117,87,2304,98463,11792808,11891271,1.592,27.020,28.611,2.331,11792808,98463
c1355,stage1,2944,2,1574,1566,0,8,99.4917,99.4917,2944,113,0,8,0,113,87,2944,108198,11792808,11901006,1.691,27.878,29.569,2.325,11792808,108198
c1355,stage1,2368,3,1574,1566,0,8,99.4917,99.4917,2368,105,0,8,0,105,87,2368,99616,11792808,11892424,1.672,26.699,28.371,2.474,11792808,99616
c1355,stage1,2112,4,1574,1566,0,8,99.4917,99.4917,2112,103,2,10,0,105,86,2112,97430,11806670,11904100,1.642,29.073,30.715,2.279,11792808,111292
c1355,stage1,1984,5,1574,1566,0,8,99.4917,99.4917,1984,111,0,8,0,111,88,1984,96420,11792808,11889228,1.684,27.249,28.933,3.439,11792808,96420
c1355,adaptive,2304,1,1574,1566,0,8,99.4917,99.4917,2304,117,0,8,8,117,87,2304,98463,11792808,11891271,1.848,25.007,26.854,2.517,11792808,98463
c1355,adaptive,2944,2,1574,1566,0,8,99.4917,99.4917,2944,113,0,8,8,113,87,2944,108198,11792808,11901006,1.648,26.861,28.508,2.364,11792808,108198
c1355,adaptive,2368,3,1574,1566,0,8,99.4917,99.4917,2368,105,0,8,8,105,87,2368,99616,11792808,11892424,1.647,25.878,27.524,2.706,11792808,99616
c1355,adaptive,2112,4,1574,1566,0,8,99.4917,99.4917,2112,103,2,10,10,105,86,2112,97430,11806658,11904088,1.644,26.326,27.970,2.216,11792808,111280
c1355,adaptive,1984,5,1574,1566,0,8,99.4917,99.4917,1984,111,0,8,8,111,88,1984,96420,11792808,11889228,1.562,25.333,26.895,2.384,11792808,96420
c1908,podem,0,1,1879,1870,6,3,99.5210,99.8403,0,0,152,161,0,152,132,0,0,5136384,5136384,0.000,23.816,23.816,2.427,2689196,2447188
c1908,podem,0,2,1879,1870,6,3,99.5210,99.8403,0,0,158,167,0,158,132,0,0,5188381,5188381,0.000,24.860,24.860,2.272,2689196,2499185
c1908,podem,0,3,1879,1870,6,3,99.5210,99.8403,0,0,160,169,0,160,133,0,0,5243421,5243421,0.000,23.675,23.675,2.142,2689196,2554225
c1908,podem,0,4,1879,1870,6,3,99.5210,99.8403,0,0,160,169,0,160,138,0,0,5220194,5220194,0.000,24.267,24.267,2.654,2689196,2530998
c1908,podem,0,5,1879,1870,6,3,99.5210,99.8403,0,0,157,166,0,157,137,0,0,5138317,5138317,0.000,24.496,24.496,2.427,2689196,2449121
c1908,fixed-64,64,1,1879,1870,6,3,99.5210,99.8403,64,33,130,139,0,163,133,64,101286,4402523,4503809,1.920,21.616,23.536,2.056,2689196,1814613
c1908,fixed-64,64,2,1879,1870,6,3,99.5210,99.8403,64,39,132,141,0,171,136,64,103167,4415580,4518747,1.899,19.450,21.349,2.181,2689196,1829551
c1908,fixed-64,64,3,1879,1870,6,3,99.5210,99.8403,64,31,136,145,0,167,133,64,90952,4670474,4761426,1.675,21.327,23.002,2.156,2689196,2072230
c1908,fixed-64,64,4,1879,1870,6,3,99.5210,99.8403,64,36,135,144,0,171,137,64,101580,4511702,4613282,1.793,19.637,21.429,2.221,2689196,1924086
c1908,fixed-64,64,5,1879,1870,6,3,99.5210,99.8403,64,36,135,144,0,171,138,64,100420,4483873,4584293,1.828,20.022,21.850,1.991,2689196,1895097
c1908,fixed-96,96,1,1879,1870,6,3,99.5210,99.8403,128,48,121,130,0,169,136,128,112964,4163159,4276123,1.989,18.134,20.122,2.132,2689196,1586927
c1908,fixed-96,96,2,1879,1870,6,3,99.5210,99.8403,128,57,112,121,0,169,128,128,110489,4010009,4120498,2.072,18.745,20.817,2.265,2689196,1431302
c1908,fixed-96,96,3,1879,1870,6,3,99.5210,99.8403,128,47,123,132,0,170,136,128,107277,4426930,4534207,1.929,24.053,25.981,2.205,2689196,1845011
c1908,fixed-96,96,4,1879,1870,6,3,99.5210,99.8403,128,50,120,129,0,170,134,128,111911,4302933,4414844,10.957,50.447,61.404,2.338,2689196,1725648
c1908,fixed-96,96,5,1879,1870,6,3,99.5210,99.8403,128,48,124,133,0,172,131,128,106086,4392106,4498192,2.152,42.839,44.990,2.163,2689196,1808996
c1908,fixed-128,128,1,1879,1870,6,3,99.5210,99.8403,128,48,121,130,0,169,136,128,112964,4163159,4276123,2.165,22.155,24.320,2.389,2689196,1586927
c1908,fixed-128,128,2,1879,1870,6,3,99.5210,99.8403,128,57,112,121,0,169,128,128,110489,4010009,4120498,2.249,19.636,21.885,2.398,2689196,1431302
c1908,fixed-128,128,3,1879,1870,6,3,99.5210,99.8403,128,47,123,132,0,170,136,128,107277,4426930,4534207,2.071,21.360,23.431,2.578,2689196,1845011
c1908,fixed-128,128,4,1879,1870,6,3,99.5210,99.8403,128,50,120,129,0,170,134,128,111911,4302933,4414844,2.477,22.519,24.996,2.516,2689196,1725648
c1908,fixed-128,128,5,1879,1870,6,3,99.5210,99.8403,128,48,124,133,0,172,131,128,106086,4392106,4498192,2.280,22.638,24.919,2.393,2689196,1808996
c1908,fixed-192,192,1,1879,1870,6,3,99.5210,99.8403,192,62,113,122,0,175,134,192,118557,3997840,4116397,2.749,20.889,23.638,2.571,2689196,1427201
c1908,fixed-192,192,2,1879,1870,6,3,99.5210,99.8403,192,69,100,109,0,169,131,192,114301,3966025,4080326,2.499,20.008,22.507,2.547,2689196,1391130
c1908,fixed-192,192,3,1879,1870,6,3,99.5210,99.8403,192,62,117,126,0,179,140,192,116037,4343096,4459133,2.275,20.897,23.172,2.356,2689196,1769937
c1908,fixed-192,192,4,1879,1870,6,3,99.5210,99.8403,192,68,104,113,0,172,132,192,115772,4101383,4217155,2.240,21.414,23.653,2.672,2689196,1527959
c1908,fixed-192,192,5,1879,1870,6,3,99.5210,99.8403,192,57,121,130,0,178,132,192,109978,4350698,4460676,2.614,23.701,26.316,2.208,2689196,1771480
c1908,fixed-256,256,1,1879,1870,6,3,99.5210,99.8403,256,75,100,109,0,175,132,256,121953,3782698,3904651,2.338,17.772,20.110,2.473,2689196,1215455
c1908,fixed-256,256,2,1879,1870,6,3,99.5210,99.8403,256,83,87,96,0,170,131,256,117285,3758433,3875718,2.410,18.229,20.639,2.333,2689196,1186522
c1908,fixed-256,256,3,1879,1870,6,3,99.5210,99.8403,256,77,102,111,0,179,136,256,120545,4039131,4159676,2.242,19.612,21.854,2.352,2689196,1470480
c1908,fixed-256,256,4,1879,1870,6,3,99.5210,99.8403,256,78,99,108,0,177,136,256,118205,4057004,4175209,2.257,20.174,22.430,2.344,2689196,1486013
c1908,fixed-256,256,5,1879,1870,6,3,99.5210,99.8403,256,71,110,119,0,181,134,256,113795,4241719,4355514,2.444,21.573,24.018,2.559,2689196,1666318
c1908,fixed-384,384,1,1879,1870,6,3,99.5210,99.8403,384,93,87,96,0,180,133,384,126017,3609009,3735026,2.411,17.073,19.483,2.368,2689196,1045830
c1908,fixed-384,384,2,1879,1870,6,3,99.5210,99.8403,384,100,71,80,0,171,129,384,120830,3612754,3733584,2.421,17.955,20.376,2.441,2689196,1044388
c1908,fixed-384,384,3,1879,1870,6,3,99.5210,99.8403,384,90,85,94,0,175,134,384,124951,3787967,3912918,2.473,19.061,21.534,2.475,2689196,1223722
c1908,fixed-384,384,4,1879,1870,6,3,99.5210,99.8403,384,105,71,80,0,176,129,384,122554,3715889,3838443,2.337,18.928,21.264,2.222,2689196,1149247
c1908,fixed-384,384,5,1879,1870,6,3,99.5210,99.8403,384,89,97,106,0,186,132,384,121103,4040191,4161294,2.342,20.321,22.663,2.530,2689196,1472098
c1908,fixed-512,512,1,1879,1870,6,3,99.5210,99.8403,512,107,74,83,0,181,131,512,129064,3442749,3571813,2.522,16.704,19.226,2.224,2689196,882617
c1908,fixed-512,512,2,1879,1870,6,3,99.5210,99.8403,512,112,58,67,0,170,127,512,123712,3482960,3606672,2.472,17.238,19.710,2.464,2689196,917476
c1908,fixed-512,512,3,1879,1870,6,3,99.5210,99.8403,512,108,71,80,0,179,135,512,128566,3622988,3751554,2.494,18.076,20.570,2.382,2689196,1062358
c1908,fixed-512,512,4,1879,1870,6,3,99.5210,99.8403,512,115,62,71,0,177,124,512,125418,3623318,3748736,2.340,17.985,20.325,2.462,2689196,1059540
c1908,fixed-512,512,5,1879,1870,6,3,99.5210,99.8403,512,110,76,85,0,186,132,512,125202,3770263,3895465,2.412,18.478,20.889,2.355,2689196,1206269
c1908,fixed-768,768,1,1879,1870,6,3,99.5210,99.8403,768,129,50,59,0,179,126,768,134369,3140205,3274574,2.530,18.145,20.675,2.765,2689196,585378
c1908,fixed-768,768,2,1879,1870,6,3,99.5210,99.8403,768,126,44,53,0,170,125,768,128210,3349681,3477891,2.540,17.278,19.818,2.607,2689196,788695
c1908,fixed-768,768,3,1879,1870,6,3,99.5210,99.8403,768,129,52,61,0,181,131,768,134374,3435491,3569865,2.523,17.729,20.252,2.631,2689196,880669
c1908,fixed-768,768,4,1879,1870,6,3,99.5210,99.8403,768,129,49,58,0,178,122,768,130260,3476499,3606759,2.490,17.551,20.041,2.629,2689196,917563
c1908,fixed-768,768,5,1879,1870,6,3,99.5210,99.8403,768,133,58,67,0,191,126,768,130871,3446930,3577801,2.646,16.860,19.507,2.162,2689196,888605
c1908,fixed-1024,1024,1,1879,1870,6,3,99.5210,99.8403,1024,144,36,45,0,180,128,1024,139102,3007426,3146528,2.421,13.759,16.180,2.614,2689196,457332
c1908,fixed-1024,1024,2,1879,1870,6,3,99.5210,99.8403,1024,139,31,40,0,170,125,1024,132553,3237174,3369727,2.410,16.763,19.173,2.535,2689196,680531
c1908,fixed-1024,1024,3,1879,1870,6,3,99.5210,99.8403,1024,139,41,50,0,180,128,1024,139134,3052644,3191778,2.611,17.572,20.182,2.896,2689196,502582
c1908,fixed-1024,1024,4,1879,1870,6,3,99.5210,99.8403,1024,138,43,52,0,181,125,1024,134623,3420708,3555331,2.728,21.726,24.453,2.828,2689196,866135
c1908,fixed-1024,1024,5,1879,1870,6,3,99.5210,99.8403,1024,153,40,49,0,193,126,1024,135883,3261440,3397323,3.059,19.677,22.735,2.852,2689196,708127
c1908,fixed-1536,1536,1,1879,1870,6,3,99.5210,99.8403,1536,163,18,27,0,181,129,1536,147144,2835987,2983131,2.610,14.474,17.084,2.965,2689196,293935
c1908,fixed-1536,1536,2,1879,1870,6,3,99.5210,99.8403,1536,148,21,30,0,169,124,1536,140609,3160969,3301578,2.730,16.133,18.863,3.014,2689196,612382
c1908,fixed-1536,1536,3,1879,1870,6,3,99.5210,99.8403,1536,158,22,31,0,180,128,1536,147465,2871277,3018742,2.667,14.438,17.105,3.040,2689196,329546
c1908,fixed-1536,1536,4,1879,1870,6,3,99.5210,99.8403,1536,159,25,34,0,184,122,1536,142797,3180083,3322880,2.533,16.610,19.143,2.785,2689196,633684
c1908,fixed-1536,1536,5,1879,1870,6,3,99.5210,99.8403,1536,172,26,35,0,198,129,1536,144527,2986707,3131234,2.671,14.885,17.555,3.031,2689196,442038
c1908,fixed-2048,2048,1,1879,1870,6,3,99.5210,99.8403,2048,167,14,23,0,181,129,2048,154767,2803874,2958641,3.171,15.150,18.321,3.007,2689196,269445
c1908,fixed-2048,2048,2,1879,1870,6,3,99.5210,99.8403,2048,156,13,22,0,169,122,2048,148342,2951829,3100171,2.586,14.933,17.519,2.940,2689196,410975
c1908,fixed-2048,2048,3,1879,1870,6,3,99.5210,99.8403,2048,165,15,24,0,180,126,2048,155325,2808095,2963420,2.585,13.508,16.094,2.881,2689196,274224
c1908,fixed-2048,2048,4,1879,1870,6,3,99.5210,99.8403,2048,168,16,25,0,184,118,2048,150574,2972457,3123031,2.676,14.293,16.969,2.680,2689196,433835
c1908,fixed-2048,2048,5,1879,1870,6,3,99.5210,99.8403,2048,184,15,24,0,199,128,2048,152340,2896253,3048593,2.699,13.915,16.614,3.005,2689196,359397
c1908,fixed-3072,3072,1,1879,1870,6,3,99.5210,99.8403,3072,175,7,16,0,182,129,3072,169783,2749965,2919748,2.595,13.491,16.086,3.098,2689196,230552
c1908,fixed-3072,3072,2,1879,1870,6,3,99.5210,99.8403,3072,163,6,15,0,169,121,3072,163324,2892778,3056102,2.630,14.333,16.963,2.968,2689196,366906
c1908,fixed-3072,3072,3,1879,1870,6,3,99.5210,99.8403,3072,171,9,18,0,180,125,3072,170259,2759315,2929574,2.670,13.593,16.262,3.093,2689196,240378
c1908,fixed-3072,3072,4,1879,1870,6,3,99.5210,99.8403,3072,178,6,15,0,184,116,3072,165843,2738994,2904837,2.646,13.490,16.137,2.936,2689196,215641
c1908,fixed-3072,3072,5,1879,1870,6,3,99.5210,99.8403,3072,191,8,17,0,199,126,3072,167396,2836815,3004211,2.677,14.072,16.750,3.096,2689196,315015
c1908,fixed-4096,4096,1,1879,1870,6,3,99.5210,99.8403,4096,176,6,15,0,182,129,4096,184722,2742409,2927131,2.680,13.138,15.818,2.995,2689196,237935
c1908,fixed-4096,4096,2,1879,1870,6,3,99.5210,99.8403,4096,164,5,14,0,169,121,4096,178160,2734722,2912882,2.605,13.082,15.687,2.925,2689196,223686
c1908,fixed-4096,4096,3,1879,1870,6,3,99.5210,99.8403,4096,177,3,12,0,180,124,4096,184989,2712082,2897071,2.586,13.288,15.874,3.595,2689196,207875
c1908,fixed-4096,4096,4,1879,1870,6,3,99.5210,99.8403,4096,181,3,12,0,184,116,4096,180623,2715765,2896388,2.659,13.158,15.817,2.992,2689196,207192
c1908,fixed-4096,4096,5,1879,1870,6,3,99.5210,99.8403,4096,196,3,12,0,199,126,4096,182291,2714191,2896482,2.645,12.995,15.640,2.979,2689196,207286
c1908,fixed-6144,6144,1,1879,1870,6,3,99.5210,99.8403,6144,179,3,12,0,182,129,6144,214355,2716000,2930355,2.737,12.974,15.711,3.094,2689196,241159
c1908,fixed-6144,6144,2,1879,1870,6,3,99.5210,99.8403,6144,168,1,10,0,169,121,6144,207505,2697528,2905033,2.656,13.427,16.083,2.890,2689196,215837
c1908,fixed-6144,6144,3,1879,1870,6,3,99.5210,99.8403,6144,179,1,10,0,180,124,6144,214305,2696584,2910889,2.640,12.995,15.634,3.008,2689196,221693
c1908,fixed-6144,6144,4,1879,1870,6,3,99.5210,99.8403,6144,184,0,9,0,184,117,6144,209991,2689196,2899187,2.644,12.765,15.409,3.313,2689196,209991
c1908,fixed-6144,6144,5,1879,1870,6,3,99.5210,99.8403,6144,198,1,10,0,199,125,6144,211603,2697528,2909131,2.816,12.865,15.681,3.105,2689196,219935
c1908,fixed-8192,8192,1,1879,1870,6,3,99.5210,99.8403,8192,182,0,9,0,182,129,8192,243717,2689196,2932913,3.052,13.134,16.186,3.166,2689196,243717
c1908,fixed-8192,8192,2,1879,1870,6,3,99.5210,99.8403,8192,168,1,10,0,169,121,8192,236768,2697528,2934296,3.309,13.791,17.100,2.993,2689196,245100
c1908,fixed-8192,8192,3,1879,1870,6,3,99.5210,99.8403,8192,180,0,9,0,180,124,8192,243521,2689196,2932717,2.863,13.111,15.973,3.174,2689196,243521
c1908,fixed-8192,8192,4,1879,1870,6,3,99.5210,99.8403,8192,184,0,9,0,184,117,8192,239237,2689196,2928433,2.824,13.535,16.359,3.063,2689196,239237
c1908,fixed-8192,8192,5,1879,1870,6,3,99.5210,99.8403,8192,198,1,10,0,199,125,8192,240869,2697528,2938397,2.871,12.759,15.630,3.097,2689196,249201
c1908,fixed-12288,12288,1,1879,1870,6,3,99.5210,99.8403,12288,182,0,9,0,182,129,12288,302086,2689196,2991282,3.253,13.141,16.394,3.124,2689196,302086
c1908,fixed-12288,12288,2,1879,1870,6,3,99.5210,99.8403,12288,169,0,9,0,169,121,12288,295262,2689196,2984458,3.134,13.743,16.877,2.937,2689196,295262
c1908,fixed-12288,12288,3,1879,1870,6,3,99.5210,99.8403,12288,180,0,9,0,180,124,12288,301932,2689196,2991128,3.015,12.795,15.809,3.080,2689196,301932
c1908,fixed-12288,12288,4,1879,1870,6,3,99.5210,99.8403,12288,184,0,9,0,184,117,12288,297666,2689196,2986862,2.936,12.787,15.723,2.911,2689196,297666
c1908,fixed-12288,12288,5,1879,1870,6,3,99.5210,99.8403,12288,198,1,10,0,199,125,12288,299368,2697528,2996896,3.295,14.688,17.983,3.017,2689196,307700
c1908,fixed-16384,16384,1,1879,1870,6,3,99.5210,99.8403,16384,182,0,9,0,182,129,16384,360512,2689196,3049708,3.313,12.786,16.099,3.084,2689196,360512
c1908,fixed-16384,16384,2,1879,1870,6,3,99.5210,99.8403,16384,169,0,9,0,169,121,16384,353679,2689196,3042875,3.156,12.771,15.927,2.910,2689196,353679
c1908,fixed-16384,16384,3,1879,1870,6,3,99.5210,99.8403,16384,180,0,9,0,180,124,16384,360382,2689196,3049578,3.191,12.701,15.892,3.168,2689196,360382
c1908,fixed-16384,16384,4,1879,1870,6,3,99.5210,99.8403,16384,184,0,9,0,184,117,16384,356104,2689196,3045300,3.204,12.796,15.999,2.997,2689196,356104
c1908,fixed-16384,16384,5,1879,1870,6,3,99.5210,99.8403,16384,198,1,10,0,199,125,16384,357915,2697528,3055443,3.243,12.938,16.181,2.982,2689196,366247
c1908,fixed-24576,24576,1,1879,1870,6,3,99.5210,99.8403,24576,182,0,9,0,182,129,24576,477397,2689196,3166593,3.629,12.862,16.491,3.122,2689196,477397
c1908,fixed-24576,24576,2,1879,1870,6,3,99.5210,99.8403,24576,169,0,9,0,169,121,24576,470525,2689196,3159721,3.605,12.950,16.555,2.983,2689196,470525
c1908,fixed-24576,24576,3,1879,1870,6,3,99.5210,99.8403,24576,180,0,9,0,180,124,24576,477237,2689196,3166433,3.688,12.689,16.377,3.045,2689196,477237
c1908,fixed-24576,24576,4,1879,1870,6,3,99.5210,99.8403,24576,184,0,9,0,184,117,24576,473013,2689196,3162209,3.505,12.708,16.213,2.971,2689196,473013
c1908,fixed-24576,24576,5,1879,1870,6,3,99.5210,99.8403,24576,199,0,9,0,199,125,24576,474897,2689196,3164093,3.686,13.107,16.793,3.066,2689196,474897
c1908,fixed-32768,32768,1,1879,1870,6,3,99.5210,99.8403,32768,182,0,9,0,182,129,32768,594234,2689196,3283430,4.147,13.592,17.739,2.969,2689196,594234
c1908,fixed-32768,32768,2,1879,1870,6,3,99.5210,99.8403,32768,169,0,9,0,169,121,32768,587371,2689196,3276567,4.361,13.612,17.973,3.306,2689196,587371
c1908,fixed-32768,32768,3,1879,1870,6,3,99.5210,99.8403,32768,180,0,9,0,180,124,32768,594137,2689196,3283333,4.090,13.600,17.690,3.126,2689196,594137
c1908,fixed-32768,32768,4,1879,1870,6,3,99.5210,99.8403,32768,184,0,9,0,184,117,32768,589868,2689196,3279064,4.131,13.273,17.404,3.044,2689196,589868
c1908,fixed-32768,32768,5,1879,1870,6,3,99.5210,99.8403,32768,199,0,9,0,199,125,32768,591788,2689196,3280984,3.992,12.804,16.796,2.983,2689196,591788
c1908,plateau,2560,1,1879,1870,6,3,99.5210,99.8403,2560,172,9,18,0,181,129,2560,162294,2764929,2927223,2.516,13.038,15.554,2.873,2689196,238027
c1908,plateau,2880,2,1879,1870,6,3,99.5210,99.8403,2880,163,6,15,0,169,121,2880,160533,2892777,3053310,2.459,14.505,16.965,2.941,2689196,364114
c1908,plateau,3008,3,1879,1870,6,3,99.5210,99.8403,3008,171,9,18,0,180,125,3008,169341,2759315,2928656,2.970,16.521,19.490,3.243,2689196,239460
c1908,plateau,3648,4,1879,1870,6,3,99.5210,99.8403,3648,180,4,13,0,184,116,3648,174162,2723231,2897393,2.622,13.092,15.714,2.932,2689196,208197
c1908,plateau,3264,5,1879,1870,6,3,99.5210,99.8403,3264,191,8,17,0,199,126,3264,170198,2836815,3007013,2.624,14.035,16.658,3.035,2689196,317817
c1908,stage1,2560,1,1879,1870,6,3,99.5210,99.8403,2560,172,9,18,0,181,129,2560,162294,2764929,2927223,2.587,13.127,15.714,2.887,2689196,238027
c1908,stage1,2944,2,1879,1870,6,3,99.5210,99.8403,2944,163,6,15,0,169,121,2944,161462,2892777,3054239,2.577,14.001,16.578,2.935,2689196,365043
c1908,stage1,3072,3,1879,1870,6,3,99.5210,99.8403,3072,171,9,18,0,180,125,3072,170259,2759315,2929574,2.651,13.464,16.114,3.159,2689196,240378
c1908,stage1,3648,4,1879,1870,6,3,99.5210,99.8403,3648,180,4,13,0,184,116,3648,174162,2723231,2897393,2.781,13.785,16.566,3.101,2689196,208197
c1908,stage1,3968,5,1879,1870,6,3,99.5210,99.8403,3968,195,4,13,0,199,126,3968,180431,2801675,2982106,2.807,14.050,16.857,3.173,2689196,292910
c1908,adaptive,2624,1,1879,1870,6,3,99.5210,99.8403,2624,172,9,18,16,181,129,2624,163190,2766226,2929416,2.724,14.030,16.754,3.099,2689196,240220
c1908,adaptive,2944,2,1879,1870,6,3,99.5210,99.8403,2944,163,6,15,15,169,121,2944,161462,2892766,3054228,2.755,15.385,18.139,3.164,2689196,365032
c1908,adaptive,3136,3,1879,1870,6,3,99.5210,99.8403,3136,171,9,18,16,180,126,3136,171147,2759134,2930281,2.770,16.388,19.158,3.185,2689196,241085
c1908,adaptive,3648,4,1879,1870,6,3,99.5210,99.8403,3648,180,4,13,13,184,116,3648,174162,2722343,2896505,2.758,15.000,17.758,3.184,2689196,207309
c1908,adaptive,3968,5,1879,1870,6,3,99.5210,99.8403,3968,195,4,13,13,199,126,3968,180431,2721819,2902250,2.854,14.771,17.625,3.869,2689196,213054
c2670,podem,0,1,2747,2630,64,53,95.7408,98.0706,0,0,138,255,0,138,116,0,0,58853427,58853427,0.000,258.278,258.278,2.400,55840464,3012963
c2670,podem,0,2,2747,2630,64,53,95.7408,98.0706,0,0,146,263,0,146,117,0,0,59286746,59286746,0.000,244.484,244.484,2.417,55840464,3446282
c2670,podem,0,3,2747,2630,64,53,95.7408,98.0706,0,0,143,260,0,143,111,0,0,59118534,59118534,0.000,222.754,222.754,2.138,55840464,3278070
c2670,podem,0,4,2747,2630,64,53,95.7408,98.0706,0,0,134,251,0,134,109,0,0,58832766,58832766,0.000,287.143,287.143,2.310,55840464,2992302
c2670,podem,0,5,2747,2630,64,53,95.7408,98.0706,0,0,133,250,0,133,115,0,0,59035957,59035957,0.000,235.854,235.854,2.118,55840464,3195493
c2670,fixed-64,64,1,2747,2630,64,53,95.7408,98.0706,64,54,111,228,0,165,112,64,78538,57967446,58045984,1.815,218.763,220.578,2.180,55840464,2205520
c2670,fixed-64,64,2,2747,2630,64,53,95.7408,98.0706,64,49,113,230,0,162,116,64,80485,58374602,58455087,1.822,227.670,229.492,2.319,55840464,2614623
c2670,fixed-64,64,3,2747,2630,64,53,95.7408,98.0706,64,58,108,225,0,166,115,64,82810,58339673,58422483,1.850,218.341,220.192,2.186,55840464,2582019
c2670,fixed-64,64,4,2747,2630,64,53,95.7408,98.0706,64,53,121,238,0,174,118,64,83013,59165742,59248755,1.831,220.586,222.417,2.229,55840464,3408291
c2670,fixed-64,64,5,2747,2630,64,53,95.7408,98.0706,64,61,108,225,0,169,112,64,83535,58402591,58486126,1.957,215.794,217.751,2.174,55840464,2645662
c2670,fixed-96,96,1,2747,2630,64,53,95.7408,98.0706,128,77,102,219,0,179,119,128,86221,58211644,58297865,1.900,206.760,208.660,2.088,55840464,2457401
c2670,fixed-96,96,2,2747,2630,64,53,95.7408,98.0706,128,68,109,226,0,177,106,128,89227,58151521,58240748,1.867,216.106,217.973,2.300,55840464,2400284
c2670,fixed-96,96,3,2747,2630,64,53,95.7408,98.0706,128,76,90,207,0,166,113,128,89601,57733295,57822896,2.023,215.398,217.421,2.172,55840464,1982432
c2670,fixed-96,96,4,2747,2630,64,53,95.7408,98.0706,128,80,97,214,0,177,110,128,91146,57658734,57749880,2.397,211.193,213.590,2.342,55840464,1909416
c2670,fixed-96,96,5,2747,2630,64,53,95.7408,98.0706,128,81,97,214,0,178,118,128,90551,57651156,57741707,2.101,214.421,216.523,2.332,55840464,1901243
c2670,fixed-128,128,1,2747,2630,64,53,95.7408,98.0706,128,77,102,219,0,179,119,128,86221,58211644,58297865,2.101,232.853,234.954,2.361,55840464,2457401
c2670,fixed-128,128,2,2747,2630,64,53,95.7408,98.0706,128,68,109,226,0,177,106,128,89227,58151521,58240748,2.090,226.700,228.790,2.221,55840464,2400284
c2670,fixed-128,128,3,2747,2630,64,53,95.7408,98.0706,128,76,90,207,0,166,113,128,89601,57733295,57822896,1.999,224.257,226.256,2.299,55840464,1982432
c2670,fixed-128,128,4,2747,2630,64,53,95.7408,98.0706,128,80,97,214,0,177,110,128,91146,57658734,57749880,2.170,246.207,248.377,3.039,55840464,1909416
c2670,fixed-128,128,5,2747,2630,64,53,95.7408,98.0706,128,81,97,214,0,178,118,128,90551,57651156,57741707,2.290,235.125,237.415,4.074,55840464,1901243
c2670,fixed-192,192,1,2747,2630,64,53,95.7408,98.0706,192,83,98,215,0,181,110,192,91627,57752669,57844296,3.050,243.661,246.711,2.269,55840464,2003832
c2670,fixed-192,192,2,2747,2630,64,53,95.7408,98.0706,192,83,97,214,0,180,114,192,95142,57926721,58021863,2.322,243.779,246.101,2.369,55840464,2181399
c2670,fixed-192,192,3,2747,2630,64,53,95.7408,98.0706,192,83,84,201,0,167,110,192,94885,57591016,57685901,2.253,333.960,336.213,2.243,55840464,1845437
c2670,fixed-192,192,4,2747,2630,64,53,95.7408,98.0706,192,93,92,209,0,185,117,192,97145,57627503,57724648,3.195,231.209,234.404,2.311,55840464,1884184
c2670,fixed-192,192,5,2747,2630,64,53,95.7408,98.0706,192,90,89,206,0,179,112,192,95921,57413541,57509462,2.312,235.540,237.852,2.232,55840464,1668998
c2670,fixed-256,256,1,2747,2630,64,53,95.7408,98.0706,256,89,89,206,0,178,111,256,97094,57705795,57802889,8.993,256.492,265.485,2.319,55840464,1962425
c2670,fixed-256,256,2,2747,2630,64,53,95.7408,98.0706,256,88,93,210,0,181,111,256,100803,57937910,58038713,2.434,260.661,263.095,2.430,55840464,2198249
c2670,fixed-256,256,3,2747,2630,64,53,95.7408,98.0706,256,87,82,199,0,169,110,256,99908,57380522,57480430,2.519,218.104,220.623,2.184,55840464,1639966
c2670,fixed-256,256,4,2747,2630,64,53,95.7408,98.0706,256,97,86,203,0,183,121,256,101705,57321556,57423261,2.286,215.414,217.701,2.291,55840464,1582797
c2670,fixed-256,256,5,2747,2630,64,53,95.7408,98.0706,256,94,91,208,0,185,111,256,100712,57464080,57564792,2.365,223.650,226.016,2.147,55840464,1724328
c2670,fixed-384,384,1,2747,2630,64,53,95.7408,98.0706,384,96,84,201,0,180,113,384,106927,57383970,57490897,2.278,210.002,212.280,2.192,55840464,1650433
c2670,fixed-384,384,2,2747,2630,64,53,95.7408,98.0706,384,94,90,207,0,184,110,384,110660,57669654,57780314,2.462,216.738,219.200,2.312,55840464,1939850
c2670,fixed-384,384,3,2747,2630,64,53,95.7408,98.0706,384,93,87,204,0,180,119,384,109495,57222890,57332385,2.428,223.398,225.826,2.281,55840464,1491921
c2670,fixed-384,384,4,2747,2630,64,53,95.7408,98.0706,384,101,83,200,0,184,112,384,110864,57130480,57241344,2.418,213.814,216.232,2.237,55840464,1400880
c2670,fixed-384,384,5,2747,2630,64,53,95.7408,98.0706,384,97,87,204,0,184,112,384,110051,57234599,57344650,2.450,215.366,217.815,2.144,55840464,1504186
c2670,fixed-512,512,1,2747,2630,64,53,95.7408,98.0706,512,101,82,199,0,183,118,512,116038,57300834,57416872,2.489,209.912,212.402,2.158,55840464,1576408
c2670,fixed-512,512,2,2747,2630,64,53,95.7408,98.0706,512,100,87,204,0,187,118,512,120176,57216598,57336774,2.596,207.120,209.716,2.134,55840464,1496310
c2670,fixed-512,512,3,2747,2630,64,53,95.7408,98.0706,512,96,78,195,0,174,115,512,118601,57006019,57124620,2.472,208.659,211.131,2.115,55840464,1284156
c2670,fixed-512,512,4,2747,2630,64,53,95.7408,98.0706,512,103,83,200,0,186,118,512,119726,57042935,57162661,2.530,203.677,206.207,2.069,55840464,1322197
c2670,fixed-512,512,5,2747,2630,64,53,95.7408,98.0706,512,101,80,197,0,181,112,512,119471,56923202,57042673,2.509,210.857,213.366,2.066,55840464,1202209
c2670,fixed-768,768,1,2747,2630,64,53,95.7408,98.0706,768,105,76,193,0,181,118,768,133723,57153797,57287520,2.856,204.354,207.211,2.119,55840464,1447056
c2670,fixed-768,768,2,2747,2630,64,53,95.7408,98.0706,768,106,83,200,0,189,114,768,138556,57048108,57186664,2.800,211.936,214.736,2.223,55840464,1346200
c2670,fixed-768,768,3,2747,2630,64,53,95.7408,98.0706,768,100,79,196,0,179,109,768,136490,56903278,57039768,2.921,219.163,222.084,2.410,55840464,1199304
c2670,fixed-768,768,4,2747,2630,64,53,95.7408,98.0706,768,107,81,198,0,188,120,768,137568,56937172,57074740,2.993,229.068,232.061,2.739,55840464,1234276
c2670,fixed-768,768,5,2747,2630,64,53,95.7408,98.0706,768,104,79,196,0,183,107,768,137475,57091162,57228637,4.274,238.458,242.733,2.196,55840464,1388173
c2670,fixed-1024,1024,1,2747,2630,64,53,95.7408,98.0706,1024,105,75,192,0,180,114,1024,151051,57139893,57290944,3.170,230.826,233.996,2.105,55840464,1450480
c2670,fixed-1024,1024,2,2747,2630,64,53,95.7408,98.0706,1024,106,78,195,0,184,117,1024,156335,56976350,57132685,3.209,225.946,229.155,2.375,55840464,1292221
c2670,fixed-1024,1024,3,2747,2630,64,53,95.7408,98.0706,1024,103,77,194,0,180,116,1024,154323,56866449,57020772,3.116,237.425,240.541,3.136,55840464,1180308
c2670,fixed-1024,1024,4,2747,2630,64,53,95.7408,98.0706,1024,109,80,197,0,189,118,1024,155286,56907657,57062943,3.545,229.826,233.371,2.267,55840464,1222479
c2670,fixed-1024,1024,5,2747,2630,64,53,95.7408,98.0706,1024,107,76,193,0,183,112,1024,155303,56893485,57048788,3.476,246.155,249.631,2.344,55840464,1208324
c2670,fixed-1536,1536,1,2747,2630,64,53,95.7408,98.0706,1536,107,75,192,0,182,119,1536,186027,56801457,56987484,3.991,241.537,245.528,2.301,55840464,1147020
c2670,fixed-1536,1536,2,2747,2630,64,53,95.7408,98.0706,1536,111,76,193,0,187,116,1536,191656,56813385,57005041,4.171,237.841,242.011,2.296,55840464,1164577
c2670,fixed-1536,1536,3,2747,2630,64,53,95.7408,98.0706,1536,104,76,193,0,180,123,1536,189133,56853352,57042485,4.363,220.555,224.918,2.560,55840464,1202021
c2670,fixed-1536,1536,4,2747,2630,64,53,95.7408,98.0706,1536,112,75,192,0,187,123,1536,190432,56805131,56995563,4.078,220.527,224.605,2.260,55840464,1155099
c2670,fixed-1536,1536,5,2747,2630,64,53,95.7408,98.0706,1536,108,76,193,0,184,116,1536,190428,56852827,57043255,4.027,252.849,256.876,2.311,55840464,1202791
c2670,fixed-2048,2048,1,2747,2630,64,53,95.7408,98.0706,2048,108,79,196,0,187,121,2048,220612,56851913,57072525,5.740,222.967,228.707,2.348,55840464,1232061
c2670,fixed-2048,2048,2,2747,2630,64,53,95.7408,98.0706,2048,111,73,190,0,184,112,2048,226596,56777070,57003666,4.745,219.197,223.942,2.175,55840464,1163202
c2670,fixed-2048,2048,3,2747,2630,64,53,95.7408,98.0706,2048,105,74,191,0,179,117,2048,224070,56788718,57012788,4.536,204.295,208.831,2.096,55840464,1172324
c2670,fixed-2048,2048,4,2747,2630,64,53,95.7408,98.0706,2048,112,80,197,0,192,119,2048,225340,56867524,57092864,4.289,204.399,208.688,2.267,55840464,1252400
c2670,fixed-2048,2048,5,2747,2630,64,53,95.7408,98.0706,2048,108,77,194,0,185,116,2048,225307,56864991,57090298,4.474,217.978,222.452,2.179,55840464,1249834
c2670,fixed-3072,3072,1,2747,2630,64,53,95.7408,98.0706,3072,109,73,190,0,182,118,3072,290372,56777810,57068182,6.371,215.898,222.269,2.150,55840464,1227718
c2670,fixed-3072,3072,2,2747,2630,64,53,95.7408,98.0706,3072,112,73,190,0,185,117,3072,296453,56776070,57072523,5.894,212.235,218.129,2.152,55840464,1232059
c2670,fixed-3072,3072,3,2747,2630,64,53,95.7408,98.0706,3072,105,75,192,0,180,114,3072,293478,56800541,57094019,5.636,216.624,222.261,2.130,55840464,1253555
c2670,fixed-3072,3072,4,2747,2630,64,53,95.7408,98.0706,3072,115,76,193,0,191,119,3072,295274,56811910,57107184,5.717,215.108,220.825,2.218,55840464,1266720
c2670,fixed-3072,3072,5,2747,2630,64,53,95.7408,98.0706,3072,110,74,191,0,184,119,3072,294307,56787462,57081769,5.800,212.727,218.527,2.274,55840464,1241305
c2670,fixed-4096,4096,1,2747,2630,64,53,95.7408,98.0706,4096,110,75,192,0,185,119,4096,360170,56802012,57162182,6.952,215.043,221.996,2.313,55840464,1321718
c2670,fixed-4096,4096,2,2747,2630,64,53,95.7408,98.0706,4096,114,72,189,0,186,114,4096,366042,56762486,57128528,7.023,216.069,223.092,2.179,55840464,1288064
c2670,fixed-4096,4096,3,2747,2630,64,53,95.7408,98.0706,4096,106,76,193,0,182,122,4096,362916,56813077,57175993,6.839,210.709,217.548,2.103,55840464,1335529
c2670,fixed-4096,4096,4,2747,2630,64,53,95.7408,98.0706,4096,116,74,191,0,190,119,4096,364705,56789289,57153994,6.713,215.599,222.312,2.462,55840464,1313530
c2670,fixed-4096,4096,5,2747,2630,64,53,95.7408,98.0706,4096,110,75,192,0,185,122,4096,362903,56801673,57164576,7.428,230.353,237.781,2.335,55840464,1324112
c2670,fixed-6144,6144,1,2747,2630,64,53,95.7408,98.0706,6144,111,72,189,0,183,117,6144,497844,56758147,57255991,12.594,220.894,233.488,2.277,55840464,1415527
c2670,fixed-6144,6144,2,2747,2630,64,53,95.7408,98.0706,6144,116,76,193,0,192,119,6144,501989,56805903,57307892,9.197,228.205,237.402,2.427,55840464,1467428
c2670,fixed-6144,6144,3,2747,2630,64,53,95.7408,98.0706,6144,107,75,192,0,182,118,6144,502408,56799408,57301816,10.371,256.970,267.341,2.396,55840464,1461352
c2670,fixed-6144,6144,4,2747,2630,64,53,95.7408,98.0706,6144,117,76,193,0,193,122,6144,503889,56812361,57316250,10.517,235.711,246.228,2.467,55840464,1475786
c2670,fixed-6144,6144,5,2747,2630,64,53,95.7408,98.0706,6144,112,74,191,0,186,123,6144,500081,56787945,57288026,11.090,227.236,238.326,2.338,55840464,1447562
c2670,fixed-8192,8192,1,2747,2630,64,53,95.7408,98.0706,8192,111,73,190,0,184,118,8192,634554,56769676,57404230,11.972,231.321,243.293,2.385,55840464,1563766
c2670,fixed-8192,8192,2,2747,2630,64,53,95.7408,98.0706,8192,116,73,190,0,189,120,8192,637418,56768883,57406301,12.333,310.165,322.498,2.355,55840464,1565837
c2670,fixed-8192,8192,3,2747,2630,64,53,95.7408,98.0706,8192,107,77,194,0,184,122,8192,641291,56825387,57466678,12.808,250.070,262.878,2.618,55840464,1626214
c2670,fixed-8192,8192,4,2747,2630,64,53,95.7408,98.0706,8192,118,73,190,0,191,118,8192,642169,56777716,57419885,12.424,235.521,247.945,2.273,55840464,1579421
c2670,fixed-8192,8192,5,2747,2630,64,53,95.7408,98.0706,8192,113,73,190,0,186,116,8192,635248,56777010,57412258,12.217,240.462,252.679,3.028,55840464,1571794
c2670,fixed-12288,12288,1,2747,2630,64,53,95.7408,98.0706,12288,112,73,190,0,185,119,12288,908000,56770879,57678879,16.894,226.364,243.257,2.353,55840464,1838415
c2670,fixed-12288,12288,2,2747,2630,64,53,95.7408,98.0706,12288,117,75,192,0,192,123,12288,910015,56793933,57703948,16.854,226.217,243.071,2.873,55840464,1863484
c2670,fixed-12288,12288,3,2747,2630,64,53,95.7408,98.0706,12288,109,75,192,0,184,120,12288,917497,56800706,57718203,18.676,236.827,255.503,2.323,55840464,1877739
c2670,fixed-12288,12288,4,2747,2630,64,53,95.7408,98.0706,12288,119,74,191,0,193,119,12288,918325,56790612,57708937,17.302,241.204,258.506,2.557,55840464,1868473
c2670,fixed-12288,12288,5,2747,2630,64,53,95.7408,98.0706,12288,115,74,191,0,189,117,12288,903087,56791096,57694183,19.428,235.836,255.264,2.345,55840464,1853719
c2670,fixed-16384,16384,1,2747,2630,64,53,95.7408,98.0706,16384,113,73,190,0,186,119,16384,1180108,56770880,57950988,23.412,238.351,261.763,2.279,55840464,2110524
c2670,fixed-16384,16384,2,2747,2630,64,53,95.7408,98.0706,16384,117,73,190,0,190,120,16384,1181621,56767692,57949313,21.755,215.545,237.300,2.386,55840464,2108849
c2670,fixed-16384,16384,3,2747,2630,64,53,95.7408,98.0706,16384,109,74,191,0,183,123,16384,1192579,56790366,57982945,22.785,218.374,241.159,2.196,55840464,2142481
c2670,fixed-16384,16384,4,2747,2630,64,53,95.7408,98.0706,16384,120,74,191,0,194,116,16384,1193434,56790525,57983959,21.576,222.273,243.848,2.385,55840464,2143495
c2670,fixed-16384,16384,5,2747,2630,64,53,95.7408,98.0706,16384,115,73,190,0,188,113,16384,1171117,56778344,57949461,21.491,233.420,254.910,2.318,55840464,2108997
c2670,fixed-24576,24576,1,2747,2630,64,53,95.7408,98.0706,24576,114,75,192,0,189,118,24576,1718924,56796250,58515174,33.240,236.348,269.588,2.370,55840464,2674710
c2670,fixed-24576,24576,2,2747,2630,64,53,95.7408,98.0706,24576,118,77,194,0,195,121,24576,1719395,56816887,58536282,32.109,223.200,255.309,2.331,55840464,2695818
c2670,fixed-24576,24576,3,2747,2630,64,53,95.7408,98.0706,24576,111,72,189,0,183,120,24576,1737126,56767882,58505008,32.019,224.664,256.682,2.370,55840464,2664544
c2670,fixed-24576,24576,4,2747,2630,64,53,95.7408,98.0706,24576,120,74,191,0,194,119,24576,1741770,56791196,58532966,32.003,218.842,250.845,2.211,55840464,2692502
c2670,fixed-24576,24576,5,2747,2630,64,53,95.7408,98.0706,24576,116,72,189,0,188,119,24576,1704443,56766390,58470833,29.095,208.165,237.260,2.195,55840464,2630369
c2670,fixed-32768,32768,1,2747,2630,64,53,95.7408,98.0706,32768,115,74,191,0,189,124,32768,2255637,56774639,59030276,38.558,219.568,258.126,2.225,55840464,3189812
c2670,fixed-32768,32768,2,2747,2630,64,53,95.7408,98.0706,32768,119,67,184,0,186,118,32768,2177123,56698647,58875770,38.290,221.444,259.734,2.525,55840464,3035306
c2670,fixed-32768,32768,3,2747,2630,64,53,95.7408,98.0706,32768,111,70,187,0,181,119,32768,2280165,56743684,59023849,40.899,223.175,264.074,2.343,55840464,3183385
c2670,fixed-32768,32768,4,2747,2630,64,53,95.7408,98.0706,32768,121,73,190,0,194,123,32768,2288806,56777470,59066276,41.780,226.371,268.151,2.278,55840464,3225812
c2670,fixed-32768,32768,5,2747,2630,64,53,95.7408,98.0706,32768,116,70,187,0,186,116,32768,2236743,56742683,58979426,41.525,232.918,274.443,2.383,55840464,3138962
c2670,plateau,1088,1,2747,2630,64,53,95.7408,98.0706,1088,105,77,194,0,182,116,1088,155406,57167391,57322797,3.461,228.544,232.005,2.336,55840464,1482333
c2670,plateau,1536,2,2747,2630,64,53,95.7408,98.0706,1536,111,76,193,0,187,116,1536,191656,56813385,57005041,5.028,227.071,232.099,2.351,55840464,1164577
c2670,plateau,1280,3,2747,2630,64,53,95.7408,98.0706,1280,103,76,193,0,179,118,1280,171760,56853381,57025141,3.924,228.318,232.243,2.388,55840464,1184677
c2670,plateau,1856,4,2747,2630,64,53,95.7408,98.0706,1856,112,73,190,0,185,117,1856,212290,56778026,56990316,4.493,234.678,239.171,2.334,55840464,1149852
c2670,plateau,1600,5,2747,2630,64,53,95.7408,98.0706,1600,108,76,193,0,184,120,1600,194719,56853590,57048309,4.372,248.198,252.570,3.020,55840464,1207845
c2670,stage1,1280,1,2747,2630,64,53,95.7408,98.0706,1280,105,76,193,0,181,118,1280,168488,57153612,57322100,4.809,278.031,282.841,4.133,55840464,1481636
c2670,stage1,1600,2,2747,2630,64,53,95.7408,98.0706,1600,111,73,190,0,184,117,1600,196008,56776857,56972865,5.483,248.781,254.264,2.435,55840464,1132401
c2670,stage1,1280,3,2747,2630,64,53,95.7408,98.0706,1280,103,76,193,0,179,118,1280,171760,56853381,57025141,3.883,236.483,240.366,3.142,55840464,1184677
c2670,stage1,2176,4,2747,2630,64,53,95.7408,98.0706,2176,112,76,193,0,188,115,2176,234158,56816398,57050556,4.943,211.876,216.819,2.205,55840464,1210092
c2670,stage1,1664,5,2747,2630,64,53,95.7408,98.0706,1664,108,76,193,0,184,110,1664,199016,56813274,57012290,4.791,235.517,240.308,2.223,55840464,1171826
c2670,adaptive,1536,1,2747,2630,64,53,95.7408,98.0706,1536,105,75,192,16,180,118,1536,179959,57101633,57281592,3.792,220.109,223.901,2.187,55840464,1441128
c2670,adaptive,1856,2,2747,2630,64,53,95.7408,98.0706,1856,111,73,190,16,184,121,1856,207352,56745650,56953002,4.263,238.909,243.172,2.211,55840464,1112538
c2670,adaptive,1472,3,2747,2630,64,53,95.7408,98.0706,1472,103,78,195,16,181,114,1472,180152,56824857,57005009,3.867,218.276,222.143,2.116,55840464,1164545
c2670,adaptive,2368,4,2747,2630,64,53,95.7408,98.0706,2368,112,79,196,16,191,119,2368,241883,56788162,57030045,4.701,212.268,216.969,2.253,55840464,1189581
c2670,adaptive,2176,5,2747,2630,64,53,95.7408,98.0706,2176,110,76,193,16,186,117,2176,221443,56774590,56996033,4.456,209.395,213.851,2.088,55840464,1155569
c3540,podem,0,1,3428,3285,84,59,95.8285,98.2789,0,0,216,360,0,216,170,0,0,126008791,126008791,0.000,664.992,664.992,9.367,116330040,9678751
c3540,podem,0,2,3428,3286,84,58,95.8576,98.3081,0,0,210,355,0,210,168,0,0,127996015,127996015,0.000,703.651,703.651,9.406,113373328,14622687
c3540,podem,0,3,3428,3283,84,61,95.7701,98.2205,0,0,204,349,0,204,162,0,0,125907325,125907325,0.000,685.817,685.817,9.559,118262968,7644357
c3540,podem,0,4,3428,3284,84,60,95.7993,98.2497,0,0,217,363,0,217,173,0,0,126949129,126949129,0.000,720.748,720.748,10.071,116593060,10356069
c3540,podem,0,5,3428,3284,84,60,95.7993,98.2497,0,0,203,347,0,203,167,0,0,124310231,124310231,0.000,736.650,736.650,10.469,116220080,8090151
c3540,fixed-64,64,1,3428,3284,84,60,95.7993,98.2497,64,58,164,309,0,222,180,64,310865,124968851,125279716,7.974,712.998,720.972,9.196,117411668,7868048
c3540,fixed-64,64,2,3428,3285,84,59,95.8285,98.2789,64,61,164,314,0,225,179,64,311529,133475055,133786584,7.189,712.511,719.700,9.987,115826868,17959716
c3540,fixed-64,64,3,3428,3278,84,66,95.6243,98.0747,64,61,168,318,0,229,175,64,305317,133584528,133889845,7.260,727.093,734.354,9.497,128692004,5197841
c3540,fixed-64,64,4,3428,3283,84,61,95.7701,98.2205,64,60,154,299,0,214,171,64,330170,123768738,124098908,7.747,700.554,708.300,9.754,119224036,4874872
c3540,fixed-64,64,5,3428,3286,84,58,95.8576,98.3081,64,61,150,292,0,211,166,64,312059,119196279,119508338,7.765,663.894,671.659,9.959,114287152,5221186
c3540,fixed-96,96,1,3428,3284,84,60,95.7993,98.2497,128,99,132,279,0,231,178,128,343594,125585979,125929573,9.142,732.952,742.094,9.686,116001576,9927997
c3540,fixed-96,96,2,3428,3283,84,61,95.7701,98.2205,128,99,131,276,0,230,168,128,342994,123037765,123380759,8.528,701.891,710.419,9.744,119157092,4223667
c3540,fixed-96,96,3,3428,3285,84,59,95.8285,98.2789,128,101,137,282,0,238,171,128,338382,123087589,123425971,8.466,736.639,745.105,9.807,114680984,8744987
c3540,fixed-96,96,4,3428,3285,84,59,95.8285,98.2789,128,95,129,272,0,224,172,128,355154,118678361,119033515,8.682,644.249,652.930,10.550,114833132,4200383
c3540,fixed-96,96,5,3428,3283,84,61,95.7701,98.2205,128,101,130,275,0,231,174,128,338489,124230401,124568890,8.367,669.885,678.252,9.178,120198980,4369910
c3540,fixed-128,128,1,3428,3284,84,60,95.7993,98.2497,128,99,132,279,0,231,178,128,343594,125585979,125929573,8.603,680.465,689.068,9.098,116001576,9927997
c3540,fixed-128,128,2,3428,3283,84,61,95.7701,98.2205,128,99,131,276,0,230,168,128,342994,123037765,123380759,8.032,675.149,683.181,9.375,119157092,4223667
c3540,fixed-128,128,3,3428,3285,84,59,95.8285,98.2789,128,101,137,282,0,238,171,128,338382,123087589,123425971,8.080,655.349,663.429,9.142,114680984,8744987
c3540,fixed-128,128,4,3428,3285,84,59,95.8285,98.2789,128,95,129,272,0,224,172,128,355154,118678361,119033515,8.403,636.406,644.809,9.884,114833132,4200383
c3540,fixed-128,128,5,3428,3283,84,61,95.7701,98.2205,128,101,130,275,0,231,174,128,338489,124230401,124568890,8.229,663.581,671.810,9.101,120198980,4369910
c3540,fixed-192,192,1,3428,3284,84,60,95.7993,98.2497,192,122,119,265,0,241,186,192,356859,123304403,123661262,8.452,661.944,670.396,10.457,116678168,6983094
c3540,fixed-192,192,2,3428,3286,84,58,95.8576,98.3081,192,120,116,260,0,236,173,192,364275,120334499,120698774,9.217,678.312,687.530,9.613,114012404,6686370
c3540,fixed-192,192,3,3428,3279,84,65,95.6534,98.1039,192,128,118,267,0,246,181,192,351034,130236189,130587223,8.855,685.922,694.777,9.350,126662336,3924887
c3540,fixed-192,192,4,3428,3287,84,57,95.8868,98.3372,192,121,109,250,0,230,173,192,369155,114792815,115161970,8.784,620.297,629.080,9.594,111875888,3286082
c3540,fixed-192,192,5,3428,3286,84,58,95.8576,98.3081,192,124,110,252,0,234,172,192,357662,117081220,117438882,8.875,657.273,666.148,9.198,114287152,3151730
c3540,fixed-256,256,1,3428,3287,84,57,95.8868,98.3372,256,141,96,238,0,237,182,256,370378,114985996,115356374,9.953,631.112,641.065,9.725,110409552,4946822
c3540,fixed-256,256,2,3428,3284,84,60,95.7993,98.2497,256,141,85,229,0,226,159,256,376960,119355752,119732712,9.558,640.023,649.581,8.924,116906592,2826120
c3540,fixed-256,256,3,3428,3282,84,62,95.7410,98.1914,256,145,114,261,0,259,185,256,364991,125567919,125932910,8.686,637.417,646.103,8.759,120739496,5193414
c3540,fixed-256,256,4,3428,3287,84,57,95.8868,98.3372,256,135,99,240,0,234,167,256,377337,114503655,114880992,8.249,577.706,585.955,8.879,111875888,3005104
c3540,fixed-256,256,5,3428,3286,84,58,95.8576,98.3081,256,139,93,235,0,232,170,256,370447,116410809,116781256,8.934,600.906,609.840,9.471,114287152,2494104
c3540,fixed-384,384,1,3428,3287,84,57,95.8868,98.3372,384,168,78,219,0,246,177,384,382563,112319804,112702367,8.974,576.831,585.805,8.283,110409552,2292815
c3540,fixed-384,384,2,3428,3286,84,58,95.8576,98.3081,384,164,73,216,0,237,170,384,390340,116430123,116820463,8.839,607.686,616.525,9.054,112452440,4368023
c3540,fixed-384,384,3,3428,3288,84,56,95.9160,98.3664,384,172,87,230,0,259,183,384,379863,118280270,118660133,9.088,639.985,649.073,9.223,109909276,8750857
c3540,fixed-384,384,4,3428,3287,84,57,95.8868,98.3372,384,157,80,221,0,237,175,384,389587,113952705,114342292,9.817,627.741,637.559,9.142,111875888,2466404
c3540,fixed-384,384,5,3428,3287,84,57,95.8868,98.3372,384,156,86,227,0,242,176,384,382290,113977212,114359502,9.617,592.281,601.897,9.209,112006200,2353302
c3540,fixed-512,512,1,3428,3287,84,57,95.8868,98.3372,512,183,57,198,0,240,175,512,390554,111730403,112120957,9.148,617.703,626.851,8.117,110409552,1711405
c3540,fixed-512,512,2,3428,3287,84,57,95.8868,98.3372,512,180,59,200,0,239,167,512,399103,112030784,112429887,9.146,612.530,621.676,9.804,110409552,2020335
c3540,fixed-512,512,3,3428,3285,84,59,95.8285,98.2789,512,189,79,222,0,268,181,512,391464,118323034,118714498,10.626,669.496,680.122,9.734,116177892,2536606
c3540,fixed-512,512,4,3428,3290,84,54,95.9743,98.4247,512,178,68,206,0,246,173,512,399659,107064099,107463758,10.431,563.117,573.548,8.484,105574596,1889162
c3540,fixed-512,512,5,3428,3288,84,56,95.9160,98.3664,512,177,64,204,0,241,175,512,392526,111268705,111661231,8.783,595.636,604.419,9.465,109833000,1828231
c3540,fixed-768,768,1,3428,3289,84,55,95.9452,98.3956,768,205,44,183,0,249,181,768,404716,108277196,108681912,10.095,559.184,569.279,9.799,107452308,1229604
c3540,fixed-768,768,2,3428,3289,84,55,95.9452,98.3956,768,199,43,182,0,242,175,768,411767,108335467,108747234,10.710,626.498,637.209,9.572,107452308,1294926
c3540,fixed-768,768,3,3428,3289,84,55,95.9452,98.3956,768,219,56,195,0,275,181,768,407058,109303015,109710073,10.140,593.899,604.039,8.837,107803332,1906741
c3540,fixed-768,768,4,3428,3290,84,54,95.9743,98.4247,768,199,52,190,0,251,169,768,415859,106623769,107039628,9.754,571.768,581.522,8.958,105574596,1465032
c3540,fixed-768,768,5,3428,3290,84,54,95.9743,98.4247,768,196,50,188,0,246,180,768,405484,106546227,106951711,9.382,553.599,562.981,8.704,105574596,1377115
c3540,fixed-1024,1024,1,3428,3289,84,55,95.9452,98.3956,1024,216,32,171,0,248,175,1024,415489,108084823,108500312,8.982,581.964,590.947,8.932,107452308,1048004
c3540,fixed-1024,1024,2,3428,3289,84,55,95.9452,98.3956,1024,210,33,172,0,243,177,1024,422325,108121288,108543613,9.645,571.553,581.197,8.560,107452308,1091305
c3540,fixed-1024,1024,3,3428,3289,84,55,95.9452,98.3956,1024,238,35,174,0,273,180,1024,419127,108810902,109230029,9.633,559.113,568.746,8.928,107803332,1426697
c3540,fixed-1024,1024,4,3428,3290,84,54,95.9743,98.4247,1024,208,41,179,0,249,173,1024,425867,106329537,106755404,10.281,547.244,557.524,9.050,105574596,1180808
c3540,fixed-1024,1024,5,3428,3290,84,54,95.9743,98.4247,1024,202,44,182,0,246,179,1024,415827,106452667,106868494,9.936,601.031,610.967,9.343,105574596,1293898
c3540,fixed-1536,1536,1,3428,3289,84,55,95.9452,98.3956,1536,236,13,152,0,249,181,1536,434661,107691238,108125899,10.411,594.964,605.375,8.509,107452308,673591
c3540,fixed-1536,1536,2,3428,3289,84,55,95.9452,98.3956,1536,222,25,164,0,247,178,1536,440915,107961372,108402287,9.670,555.657,565.327,9.733,107452308,949979
c3540,fixed-1536,1536,3,3428,3290,84,54,95.9743,98.4247,1536,254,22,160,0,276,177,1536,438483,105829112,106267595,10.014,664.361,674.375,9.271,105422640,844955
c3540,fixed-1536,1536,4,3428,3290,84,54,95.9743,98.4247,1536,226,25,163,0,251,174,1536,445340,106060408,106505748,10.368,564.599,574.967,8.408,105574596,931152
c3540,fixed-1536,1536,5,3428,3290,84,54,95.9743,98.4247,1536,230,21,159,0,251,179,1536,437432,105966793,106404225,9.793,556.307,566.101,9.074,105574596,829629
c3540,fixed-2048,2048,1,3428,3289,84,55,95.9452,98.3956,2048,241,12,151,0,253,185,2048,451525,107674451,108125976,9.969,607.340,617.309,9.656,107452308,673668
c3540,fixed-2048,2048,2,3428,3290,84,54,95.9743,98.4247,2048,234,17,155,0,251,184,2048,458707,105904425,106363132,11.094,553.784,564.878,8.897,105574596,788536
c3540,fixed-2048,2048,3,3428,3291,84,53,96.0035,98.4539,2048,265,13,150,0,278,179,2048,456079,103777409,104233488,10.164,544.187,554.351,10.153,103544928,688560
c3540,fixed-2048,2048,4,3428,3290,84,54,95.9743,98.4247,2048,238,17,155,0,255,177,2048,462915,105922241,106385156,10.343,573.601,583.945,8.862,105574596,810560
c3540,fixed-2048,2048,5,3428,3290,84,54,95.9743,98.4247,2048,239,14,152,0,253,181,2048,455128,105837242,106292370,10.073,554.301,564.374,8.848,105574596,717774
c3540,fixed-3072,3072,1,3428,3289,84,55,95.9452,98.3956,3072,246,5,144,0,251,181,3072,485320,107544640,108029960,10.243,582.726,592.968,9.606,107452308,577652
c3540,fixed-3072,3072,2,3428,3290,84,54,95.9743,98.4247,3072,240,9,147,0,249,183,3072,492476,105763175,106255651,11.432,601.339,612.771,9.418,105574596,681055
c3540,fixed-3072,3072,3,3428,3291,84,53,96.0035,98.4539,3072,273,5,142,0,278,178,3072,489579,103645051,104134630,11.308,596.029,607.338,9.510,103544928,589702
c3540,fixed-3072,3072,4,3428,3291,84,53,96.0035,98.4539,3072,250,8,145,0,258,177,3072,496764,103711968,104208732,11.324,575.562,586.885,9.451,103544928,663804
c3540,fixed-3072,3072,5,3428,3290,84,54,95.9743,98.4247,3072,245,8,146,0,253,176,3072,488408,105725678,106214086,11.272,597.120,608.392,9.615,105574596,639490
c3540,fixed-4096,4096,1,3428,3290,84,54,95.9743,98.4247,4096,248,4,142,0,252,180,4096,518364,105651891,106170255,11.103,587.857,598.960,9.412,105574596,595659
c3540,fixed-4096,4096,2,3428,3290,84,54,95.9743,98.4247,4096,242,7,145,0,249,183,4096,525452,105731923,106257375,11.572,587.995,599.567,9.541,105574596,682779
c3540,fixed-4096,4096,3,3428,3291,84,53,96.0035,98.4539,4096,276,3,140,0,279,180,4096,522572,103596560,104119132,11.319,586.530,597.848,9.626,103544928,574204
c3540,fixed-4096,4096,4,3428,3291,84,53,96.0035,98.4539,4096,251,7,144,0,258,179,4096,529961,103675048,104205009,11.456,570.287,581.743,8.398,103544928,660081
c3540,fixed-4096,4096,5,3428,3290,84,54,95.9743,98.4247,4096,247,6,144,0,253,177,4096,521351,105685713,106207064,10.148,518.545,528.693,8.328,105574596,632468
c3540,fixed-6144,6144,1,3428,3290,84,54,95.9743,98.4247,6144,250,2,140,0,252,182,6144,584065,105617197,106201262,10.241,539.341,549.583,9.767,105574596,626666
c3540,fixed-6144,6144,2,3428,3290,84,54,95.9743,98.4247,6144,245,4,142,0,249,184,6144,591253,105645739,106236992,11.920,582.421,594.342,9.440,105574596,662396
c3540,fixed-6144,6144,3,3428,3291,84,53,96.0035,98.4539,6144,278,1,138,0,279,180,6144,587977,103562486,104150463,11.861,568.705,580.566,9.269,103544928,605535
c3540,fixed-6144,6144,4,3428,3291,84,53,96.0035,98.4539,6144,253,5,142,0,258,178,6144,595687,103634386,104230073,11.720,519.613,531.333,8.174,103544928,685145
c3540,fixed-6144,6144,5,3428,3290,84,54,95.9743,98.4247,6144,252,1,139,0,253,179,6144,586902,105592586,106179488,10.334,527.421,537.755,8.764,105574596,604892
c3540,fixed-8192,8192,1,3428,3290,84,54,95.9743,98.4247,8192,250,2,140,0,252,182,8192,649594,105617276,106266870,10.825,578.486,589.312,9.568,105574596,692274
c3540,fixed-8192,8192,2,3428,3291,84,53,96.0035,98.4539,8192,246,4,141,0,250,185,8192,656715,103616059,104272774,12.794,578.808,591.602,9.540,103544928,727846
c3540,fixed-8192,8192,3,3428,3291,84,53,96.0035,98.4539,8192,278,1,138,0,279,180,8192,653259,103562501,104215760,12.766,547.553,560.319,8.793,103544928,670832
c3540,fixed-8192,8192,4,3428,3291,84,53,96.0035,98.4539,8192,253,5,142,0,258,178,8192,661303,103634418,104295721,11.741,539.522,551.263,8.626,103544928,750793
c3540,fixed-8192,8192,5,3428,3290,84,54,95.9743,98.4247,8192,252,1,139,0,253,179,8192,652161,105592583,106244744,11.202,636.568,647.769,9.685,105574596,670148
c3540,fixed-12288,12288,1,3428,3290,84,54,95.9743,98.4247,12288,251,1,139,0,252,181,12288,780141,105592591,106372732,13.496,584.269,597.765,8.835,105574596,798136
c3540,fixed-12288,12288,2,3428,3291,84,53,96.0035,98.4539,12288,248,2,139,0,250,185,12288,787119,103580253,104367372,12.290,581.860,594.150,9.325,103544928,822444
c3540,fixed-12288,12288,3,3428,3291,84,53,96.0035,98.4539,12288,278,1,138,0,279,180,12288,783521,103562498,104346019,13.342,569.647,582.989,9.597,103544928,801091
c3540,fixed-12288,12288,4,3428,3291,84,53,96.0035,98.4539,12288,255,3,140,0,258,178,12288,792019,103598868,104390887,13.188,588.644,601.832,9.465,103544928,845959
c3540,fixed-12288,12288,5,3428,3290,84,54,95.9743,98.4247,12288,252,1,139,0,253,179,12288,782539,105592596,106375135,13.502,586.379,599.881,9.499,105574596,800539
c3540,fixed-16384,16384,1,3428,3290,84,54,95.9743,98.4247,16384,252,0,138,0,252,182,16384,910757,105574596,106485353,13.998,601.519,615.517,9.577,105574596,910757
c3540,fixed-16384,16384,2,3428,3291,84,53,96.0035,98.4539,16384,250,0,137,0,250,185,16384,917483,103544928,104462411,14.033,552.546,566.579,8.902,103544928,917483
c3540,fixed-16384,16384,3,3428,3291,84,53,96.0035,98.4539,16384,278,1,138,0,279,180,16384,913774,103562507,104476281,13.136,564.488,577.624,9.374,103544928,931353
c3540,fixed-16384,16384,4,3428,3291,84,53,96.0035,98.4539,16384,255,3,140,0,258,178,16384,922597,103598867,104521464,14.184,549.674,563.859,9.321,103544928,976536
c3540,fixed-16384,16384,5,3428,3290,84,54,95.9743,98.4247,16384,253,0,138,0,253,179,16384,913288,105574596,106487884,13.472,550.344,563.817,8.893,105574596,913288
c3540,fixed-24576,24576,1,3428,3291,84,53,96.0035,98.4539,24576,253,0,137,0,253,183,24576,1170782,103544928,104715710,14.927,538.288,553.215,9.034,103544928,1170782
c3540,fixed-24576,24576,2,3428,3291,84,53,96.0035,98.4539,24576,250,0,137,0,250,185,24576,1177588,103544928,104722516,14.608,558.027,572.635,13.411,103544928,1177588
c3540,fixed-24576,24576,3,3428,3291,84,53,96.0035,98.4539,24576,278,1,138,0,279,180,24576,1173641,103562496,104736137,18.138,593.495,611.633,8.877,103544928,1191209
c3540,fixed-24576,24576,4,3428,3291,84,53,96.0035,98.4539,24576,256,2,139,0,258,178,24576,1183598,103581519,104765117,15.232,536.785,552.017,8.751,103544928,1220189
c3540,fixed-24576,24576,5,3428,3290,84,54,95.9743,98.4247,24576,253,0,138,0,253,179,24576,1173373,105574596,106747969,15.216,571.324,586.540,8.951,105574596,1173373
c3540,fixed-32768,32768,1,3428,3291,84,53,96.0035,98.4539,32768,253,0,137,0,253,183,32768,1431135,103544928,104976063,16.499,541.082,557.581,9.975,103544928,1431135
c3540,fixed-32768,32768,2,3428,3291,84,53,96.0035,98.4539,32768,250,0,137,0,250,185,32768,1437499,103544928,104982427,17.705,580.521,598.226,11.000,103544928,1437499
c3540,fixed-32768,32768,3,3428,3291,84,53,96.0035,98.4539,32768,279,0,137,0,279,180,32768,1434191,103544928,104979119,19.277,582.497,601.773,9.406,103544928,1434191
c3540,fixed-32768,32768,4,3428,3291,84,53,96.0035,98.4539,32768,258,0,137,0,258,178,32768,1444064,103544928,104988992,19.621,595.720,615.341,9.428,103544928,1444064
c3540,fixed-32768,32768,5,3428,3290,84,54,95.9743,98.4247,32768,253,0,138,0,253,179,32768,1433827,105574596,107008423,18.244,600.488,618.732,10.058,105574596,1433827
c3540,plateau,2176,1,3428,3289,84,55,95.9452,98.3956,2176,241,11,150,0,252,185,2176,455673,107659200,108114873,11.115,575.727,586.842,9.710,107452308,662565
c3540,plateau,3072,2,3428,3290,84,54,95.9743,98.4247,3072,240,9,147,0,249,183,3072,492476,105763175,106255651,10.425,598.628,609.053,9.552,105574596,681055
c3540,plateau,2816,3,3428,3291,84,53,96.0035,98.4539,2816,271,7,144,0,278,180,2816,481169,103674826,104155995,10.981,824.658,835.639,17.774,103544928,611067
c3540,plateau,3008,4,3428,3291,84,53,96.0035,98.4539,3008,249,9,146,0,258,179,3008,494647,103728093,104222740,23.667,1199.445,1223.112,17.337,103544928,677812
c3540,plateau,2688,5,3428,3290,84,54,95.9743,98.4247,2688,245,8,146,0,253,178,2688,476094,105725711,106201805,19.320,1134.475,1153.795,16.710,105574596,627209
c3540,stage1,2176,1,3428,3289,84,55,95.9452,98.3956,2176,241,11,150,0,252,185,2176,455673,107659200,108114873,29.599,1052.371,1081.970,25.693,107452308,662565
c3540,stage1,3072,2,3428,3290,84,54,95.9743,98.4247,3072,240,9,147,0,249,183,3072,492476,105763175,106255651,35.544,912.391,947.935,10.499,105574596,681055
c3540,stage1,3776,3,3428,3291,84,53,96.0035,98.4539,3776,275,4,141,0,279,180,3776,512205,103621218,104133423,12.243,598.601,610.844,9.109,103544928,588495
c3540,stage1,3648,4,3428,3291,84,53,96.0035,98.4539,3648,250,8,145,0,258,178,3648,515472,103711919,104227391,11.044,599.074,610.117,11.112,103544928,682463
c3540,stage1,3072,5,3428,3290,84,54,95.9743,98.4247,3072,245,8,146,0,253,176,3072,488408,105725678,106214086,12.444,616.900,629.345,9.388,105574596,639490
c3540,adaptive,10624,1,3428,3291,84,53,96.0035,98.4539,10624,250,4,142,16,254,186,10624,723224,105498312,106221536,12.321,573.556,585.877,9.239,103544928,2676608
c3540,adaptive,27392,2,3428,3291,84,53,96.0035,98.4539,27392,249,1,138,27,250,183,27392,1238398,103569649,104808047,15.319,543.687,559.006,8.907,103544928,1263119
c3540,adaptive,3776,3,3428,3291,84,53,96.0035,98.4539,3776,275,4,141,48,279,178,3776,512205,103621151,104133356,10.689,557.915,568.604,9.507,103544928,588428
c3540,adaptive,18048,4,3428,3291,84,53,96.0035,98.4539,18048,254,4,141,33,258,180,18048,965576,103622928,104588504,15.158,569.806,584.964,8.996,103544928,1043576
c3540,adaptive,26752,5,3428,3291,84,53,96.0035,98.4539,26752,252,2,139,16,254,178,26752,1237250,103587206,104824456,15.514,559.846,575.360,9.269,103544928,1279528
c5315,podem,0,1,5350,5290,55,5,98.8785,99.9065,0,0,178,238,0,178,144,0,0,13567798,13567798,0.000,73.237,73.237,5.242,8181112,5386686
c5315,podem,0,2,5350,5289,55,6,98.8598,99.8879,0,0,177,238,0,177,139,0,0,14879027,14879027,0.000,82.488,82.488,5.605,9566328,5312699
c5315,podem,0,3,5350,5289,55,6,98.8598,99.8879,0,0,166,227,0,166,134,0,0,14880727,14880727,0.000,80.899,80.899,5.044,9566328,5314399
c5315,podem,0,4,5350,5289,55,6,98.8598,99.8879,0,0,164,225,0,164,139,0,0,14660622,14660622,0.000,80.979,80.979,5.357,9566328,5094294
c5315,podem,0,5,5350,5291,55,4,98.8972,99.9252,0,0,179,239,0,179,138,0,0,14870751,14870751,0.000,88.099,88.099,5.448,7021188,7849563
c5315,fixed-64,64,1,5350,5290,55,5,98.8785,99.9065,64,62,124,184,0,186,143,64,180777,13068606,13249383,5.447,72.031,77.478,5.408,8181112,5068271
c5315,fixed-64,64,2,5350,5289,55,6,98.8598,99.8879,64,60,139,200,0,199,147,64,180029,15116995,15297024,4.791,81.772,86.563,5.773,9566328,5730696
c5315,fixed-64,64,3,5350,5289,55,6,98.8598,99.8879,64,63,123,184,0,186,141,64,181390,13660229,13841619,5.198,74.368,79.566,5.604,9566328,4275291
c5315,fixed-64,64,4,5350,5289,55,6,98.8598,99.8879,64,61,116,177,0,177,138,64,183268,14129965,14313233,4.801,79.656,84.458,5.438,9566328,4746905
c5315,fixed-64,64,5,5350,5289,55,6,98.8598,99.8879,64,58,134,195,0,192,145,64,177304,13942729,14120033,4.606,74.012,78.618,5.595,9566328,4553705
c5315,fixed-96,96,1,5350,5290,55,5,98.8785,99.9065,128,100,95,155,0,195,140,128,195130,12558467,12753597,4.999,67.467,72.465,5.951,8406404,4347193
c5315,fixed-96,96,2,5350,5291,55,4,98.8972,99.9252,128,108,92,152,0,200,145,128,193982,11823522,12017504,5.602,62.843,68.445,5.468,7021188,4996316
c5315,fixed-96,96,3,5350,5289,55,6,98.8598,99.8879,128,100,103,164,0,203,137,128,194011,13203018,13397029,4.921,70.231,75.152,5.420,9566328,3830701
c5315,fixed-96,96,4,5350,5289,55,6,98.8598,99.8879,128,101,101,162,0,202,144,128,194393,13953333,14147726,4.999,76.333,81.332,5.994,9566328,4581398
c5315,fixed-96,96,5,5350,5289,55,6,98.8598,99.8879,128,104,90,151,0,194,132,128,193625,12580158,12773783,5.225,71.086,76.311,5.880,9566328,3207455
c5315,fixed-128,128,1,5350,5290,55,5,98.8785,99.9065,128,100,95,155,0,195,140,128,195130,12558467,12753597,5.248,65.398,70.646,5.454,8406404,4347193
c5315,fixed-128,128,2,5350,5291,55,4,98.8972,99.9252,128,108,92,152,0,200,145,128,193982,11823522,12017504,5.085,64.373,69.458,5.497,7021188,4996316
c5315,fixed-128,128,3,5350,5289,55,6,98.8598,99.8879,128,100,103,164,0,203,137,128,194011,13203018,13397029,5.156,72.914,78.070,5.409,9566328,3830701
c5315,fixed-128,128,4,5350,5289,55,6,98.8598,99.8879,128,101,101,162,0,202,144,128,194393,13953333,14147726,5.014,75.769,80.783,5.376,9566328,4581398
c5315,fixed-128,128,5,5350,5289,55,6,98.8598,99.8879,128,104,90,151,0,194,132,128,193625,12580158,12773783,4.965,64.836,69.801,5.184,9566328,3207455
c5315,fixed-192,192,1,5350,5289,55,6,98.8598,99.8879,192,128,74,135,0,202,141,192,202029,13290928,13492957,4.905,68.610,73.515,5.528,9566328,3926629
c5315,fixed-192,192,2,5350,5290,55,5,98.8785,99.9065,192,135,70,130,0,205,142,192,199764,11876880,12076644,6.669,67.352,74.021,5.694,8181112,3895532
c5315,fixed-192,192,3,5350,5290,55,5,98.8785,99.9065,192,129,80,140,0,209,144,192,200677,12351461,12552138,5.271,66.551,71.823,5.397,8181112,4371026
c5315,fixed-192,192,4,5350,5289,55,6,98.8598,99.8879,192,130,76,137,0,206,146,192,201541,13505825,13707366,5.225,72.555,77.780,5.790,9566328,4141038
c5315,fixed-192,192,5,5350,5290,55,5,98.8785,99.9065,192,129,77,138,0,206,140,192,200932,12409250,12610182,5.279,70.023,75.302,5.605,8181112,4429070
c5315,fixed-256,256,1,5350,5289,55,6,98.8598,99.8879,256,139,57,118,0,196,140,256,207196,12874450,13081646,5.294,71.584,76.878,5.419,9566328,3515318
c5315,fixed-256,256,2,5350,5290,55,5,98.8785,99.9065,256,152,58,118,0,210,143,256,204437,11413501,11617938,5.386,61.651,67.037,5.368,8181112,3436826
c5315,fixed-256,256,3,5350,5290,55,5,98.8785,99.9065,256,149,58,118,0,207,144,256,204983,11517901,11722884,5.964,63.343,69.307,5.413,8181112,3541772
c5315,fixed-256,256,4,5350,5289,55,6,98.8598,99.8879,256,147,62,123,0,209,143,256,205509,12986625,13192134,5.327,70.760,76.087,5.651,9566328,3625806
c5315,fixed-256,256,5,5350,5289,55,6,98.8598,99.8879,256,150,60,121,0,210,136,256,205973,11953932,12159905,5.363,64.775,70.138,5.527,9566328,2593577
c5315,fixed-384,384,1,5350,5291,55,4,98.8972,99.9252,384,159,47,106,0,206,138,384,215231,10038781,10254012,5.592,54.543,60.136,5.523,7021188,3232824
c5315,fixed-384,384,2,5350,5290,55,5,98.8785,99.9065,384,176,38,98,0,214,147,384,211583,10882745,11094328,5.734,59.020,64.754,5.415,8181112,2913216
c5315,fixed-384,384,3,5350,5290,55,5,98.8785,99.9065,384,175,40,100,0,215,150,384,212110,10339189,10551299,5.329,56.004,61.333,5.572,8181112,2370187
c5315,fixed-384,384,4,5350,5289,55,6,98.8598,99.8879,384,162,42,103,0,204,153,384,212589,11513738,11726327,5.673,69.150,74.824,10.754,9566328,2159999
c5315,fixed-384,384,5,5350,5289,55,6,98.8598,99.8879,384,171,39,100,0,210,141,384,213271,11161443,11374714,13.581,103.425,117.006,5.768,9566328,1808386
c5315,fixed-512,512,1,5350,5291,55,4,98.8972,99.9252,512,170,37,96,0,207,141,512,221908,9670948,9892856,5.486,54.804,60.290,5.400,7021188,2871668
c5315,fixed-512,512,2,5350,5290,55,5,98.8785,99.9065,512,188,24,84,0,212,138,512,217820,9851898,10069718,5.491,56.471,61.962,5.859,8181112,1888606
c5315,fixed-512,512,3,5350,5291,55,4,98.8972,99.9252,512,184,32,91,0,216,146,512,218155,8711021,8929176,5.672,45.979,51.651,6.222,7021188,1907988
c5315,fixed-512,512,4,5350,5290,55,5,98.8785,99.9065,512,172,38,98,0,210,146,512,218743,10445992,10664735,6.832,54.330,61.162,5.105,8406404,2258331
c5315,fixed-512,512,5,5350,5290,55,5,98.8785,99.9065,512,179,31,91,0,210,137,512,218990,9790514,10009504,5.155,49.434,54.590,5.278,8406404,1603100
c5315,fixed-768,768,1,5350,5290,55,5,98.8785,99.9065,768,187,21,81,0,208,137,768,233009,9759129,9992138,5.397,49.233,54.630,5.504,8406404,1585734
c5315,fixed-768,768,2,5350,5290,55,5,98.8785,99.9065,768,203,14,74,0,217,141,768,229179,8809851,9039030,5.919,47.443,53.363,5.456,8181112,857918
c5315,fixed-768,768,3,5350,5291,55,4,98.8972,99.9252,768,198,18,77,0,216,154,768,229406,8146592,8375998,5.526,43.901,49.428,5.518,7021188,1354810
c5315,fixed-768,768,4,5350,5290,55,5,98.8785,99.9065,768,185,22,82,0,207,146,768,229722,9400756,9630478,5.694,53.736,59.431,5.922,8406404,1224074
c5315,fixed-768,768,5,5350,5290,55,5,98.8785,99.9065,768,195,14,74,0,209,138,768,229765,8817272,9047037,6.258,47.714,53.971,5.647,8406404,640633
c5315,fixed-1024,1024,1,5350,5290,55,5,98.8785,99.9065,1024,191,16,76,0,207,148,1024,243332,9559739,9803071,6.520,58.062,64.582,5.838,8406404,1396667
c5315,fixed-1024,1024,2,5350,5290,55,5,98.8785,99.9065,1024,208,8,68,0,216,137,1024,239397,8583799,8823196,5.372,43.663,49.036,5.026,8181112,642084
c5315,fixed-1024,1024,3,5350,5291,55,4,98.8972,99.9252,1024,205,12,71,0,217,155,1024,239947,7856876,8096823,5.304,45.271,50.576,6.891,7021188,1075635
c5315,fixed-1024,1024,4,5350,5290,55,5,98.8785,99.9065,1024,192,17,77,0,209,145,1024,240329,9226734,9467063,7.272,62.014,69.285,6.334,8406404,1060659
c5315,fixed-1024,1024,5,5350,5291,55,4,98.8972,99.9252,1024,199,11,70,0,210,137,1024,240020,7309342,7549362,6.493,37.024,43.517,6.320,7021188,528174
c5315,fixed-1536,1536,1,5350,5290,55,5,98.8785,99.9065,1536,201,7,67,0,208,138,1536,263475,8958027,9221502,6.783,45.039,51.822,5.269,8406404,815098
c5315,fixed-1536,1536,2,5350,5291,55,4,98.8972,99.9252,1536,213,3,62,0,216,137,1536,259469,7115714,7375183,5.348,34.934,40.282,5.213,7021188,353995
c5315,fixed-1536,1536,3,5350,5291,55,4,98.8972,99.9252,1536,209,8,67,0,217,149,1536,259752,7380426,7640178,5.459,37.223,42.682,5.256,7021188,618990
c5315,fixed-1536,1536,4,5350,5291,55,4,98.8972,99.9252,1536,202,6,65,0,208,148,1536,260433,7171909,7432342,5.548,36.275,41.822,5.162,7021188,411154
c5315,fixed-1536,1536,5,5350,5291,55,4,98.8972,99.9252,1536,205,6,65,0,211,137,1536,260125,7201258,7461383,5.406,37.827,43.233,5.179,7021188,440195
c5315,fixed-2048,2048,1,5350,5291,55,4,98.8972,99.9252,2048,207,2,61,0,209,138,2048,283136,7120802,7403938,5.816,34.448,40.263,4.995,7021188,382750
c5315,fixed-2048,2048,2,5350,5291,55,4,98.8972,99.9252,2048,215,1,60,0,216,137,2048,279215,7039343,7318558,5.573,34.433,40.006,5.093,7021188,297370
c5315,fixed-2048,2048,3,5350,5291,55,4,98.8972,99.9252,2048,214,3,62,0,217,149,2048,279321,7106295,7385616,5.563,34.246,39.809,5.103,7021188,364428
c5315,fixed-2048,2048,4,5350,5291,55,4,98.8972,99.9252,2048,206,2,61,0,208,143,2048,280049,7057184,7337233,5.585,35.076,40.661,5.085,7021188,316045
c5315,fixed-2048,2048,5,5350,5291,55,4,98.8972,99.9252,2048,208,3,62,0,211,140,2048,279760,7102808,7382568,5.597,47.437,53.034,4.947,7021188,361380
c5315,fixed-3072,3072,1,5350,5291,55,4,98.8972,99.9252,3072,209,0,59,0,209,139,3072,322127,7021188,7343315,7.687,34.224,41.911,5.122,7021188,322127
c5315,fixed-3072,3072,2,5350,5291,55,4,98.8972,99.9252,3072,215,1,60,0,216,138,3072,318149,7039343,7357492,5.604,62.304,67.908,5.422,7021188,336304
c5315,fixed-3072,3072,3,5350,5291,55,4,98.8972,99.9252,3072,215,2,61,0,217,149,3072,318320,7057336,7375656,6.268,37.878,44.146,5.458,7021188,354468
c5315,fixed-3072,3072,4,5350,5291,55,4,98.8972,99.9252,3072,207,1,60,0,208,143,3072,319006,7039173,7358179,6.266,42.695,48.961,5.447,7021188,336991
c5315,fixed-3072,3072,5,5350,5291,55,4,98.8972,99.9252,3072,210,1,60,0,211,140,3072,318742,7039339,7358081,6.206,38.618,44.824,5.503,7021188,336893
c5315,fixed-4096,4096,1,5350,5291,55,4,98.8972,99.9252,4096,209,0,59,0,209,139,4096,361044,7021188,7382232,6.506,38.803,45.309,5.408,7021188,361044
c5315,fixed-4096,4096,2,5350,5291,55,4,98.8972,99.9252,4096,216,0,59,0,216,138,4096,357075,7021188,7378263,6.521,36.979,43.499,5.410,7021188,357075
c5315,fixed-4096,4096,3,5350,5291,55,4,98.8972,99.9252,4096,215,2,61,0,217,149,4096,357287,7057339,7414626,6.352,40.024,46.376,5.484,7021188,393438
c5315,fixed-4096,4096,4,5350,5291,55,4,98.8972,99.9252,4096,208,0,59,0,208,143,4096,357921,7021188,7379109,6.552,83.558,90.110,10.708,7021188,357921
c5315,fixed-4096,4096,5,5350,5291,55,4,98.8972,99.9252,4096,210,1,60,0,211,140,4096,357686,7039338,7397024,23.915,77.345,101.259,5.346,7021188,375836
c5315,fixed-6144,6144,1,5350,5291,55,4,98.8972,99.9252,6144,209,0,59,0,209,139,6144,438882,7021188,7460070,6.792,36.255,43.048,5.457,7021188,438882
c5315,fixed-6144,6144,2,5350,5291,55,4,98.8972,99.9252,6144,216,0,59,0,216,138,6144,434907,7021188,7456095,7.167,37.146,44.314,5.383,7021188,434907
c5315,fixed-6144,6144,3,5350,5291,55,4,98.8972,99.9252,6144,217,0,59,0,217,150,6144,435185,7021188,7456373,6.733,39.145,45.878,5.272,7021188,435185
c5315,fixed-6144,6144,4,5350,5291,55,4,98.8972,99.9252,6144,208,0,59,0,208,143,6144,435747,7021188,7456935,6.463,34.403,40.865,5.069,7021188,435747
c5315,fixed-6144,6144,5,5350,5291,55,4,98.8972,99.9252,6144,211,0,59,0,211,140,6144,435537,7021188,7456725,6.469,34.009,40.478,5.101,7021188,435537
c5315,fixed-8192,8192,1,5350,5291,55,4,98.8972,99.9252,8192,209,0,59,0,209,139,8192,516703,7021188,7537891,6.959,34.243,41.202,5.036,7021188,516703
c5315,fixed-8192,8192,2,5350,5291,55,4,98.8972,99.9252,8192,216,0,59,0,216,138,8192,512740,7021188,7533928,6.794,38.420,45.214,5.150,7021188,512740
c5315,fixed-8192,8192,3,5350,5291,55,4,98.8972,99.9252,8192,217,0,59,0,217,150,8192,513015,7021188,7534203,6.945,34.996,41.941,5.103,7021188,513015
c5315,fixed-8192,8192,4,5350,5291,55,4,98.8972,99.9252,8192,208,0,59,0,208,143,8192,513560,7021188,7534748,6.771,34.018,40.788,5.061,7021188,513560
c5315,fixed-8192,8192,5,5350,5291,55,4,98.8972,99.9252,8192,211,0,59,0,211,140,8192,513351,7021188,7534539,6.775,34.638,41.414,5.100,7021188,513351
c5315,fixed-12288,12288,1,5350,5291,55,4,98.8972,99.9252,12288,209,0,59,0,209,139,12288,672365,7021188,7693553,7.697,34.016,41.714,5.080,7021188,672365
c5315,fixed-12288,12288,2,5350,5291,55,4,98.8972,99.9252,12288,216,0,59,0,216,138,12288,668410,7021188,7689598,7.646,35.158,42.804,5.073,7021188,668410
c5315,fixed-12288,12288,3,5350,5291,55,4,98.8972,99.9252,12288,217,0,59,0,217,150,12288,668675,7021188,7689863,7.658,34.290,41.947,5.079,7021188,668675
c5315,fixed-12288,12288,4,5350,5291,55,4,98.8972,99.9252,12288,208,0,59,0,208,143,12288,669220,7021188,7690408,7.581,34.587,42.168,5.206,7021188,669220
c5315,fixed-12288,12288,5,5350,5291,55,4,98.8972,99.9252,12288,211,0,59,0,211,140,12288,669006,7021188,7690194,7.617,34.408,42.025,5.078,7021188,669006
c5315,fixed-16384,16384,1,5350,5291,55,4,98.8972,99.9252,16384,209,0,59,0,209,139,16384,828016,7021188,7849204,8.541,34.307,42.849,5.116,7021188,828016
c5315,fixed-16384,16384,2,5350,5291,55,4,98.8972,99.9252,16384,216,0,59,0,216,138,16384,824056,7021188,7845244,8.564,34.234,42.798,5.076,7021188,824056
c5315,fixed-16384,16384,3,5350,5291,55,4,98.8972,99.9252,16384,217,0,59,0,217,150,16384,824317,7021188,7845505,8.388,34.240,42.628,5.115,7021188,824317
c5315,fixed-16384,16384,4,5350,5291,55,4,98.8972,99.9252,16384,208,0,59,0,208,143,16384,824882,7021188,7846070,8.382,34.192,42.574,5.068,7021188,824882
c5315,fixed-16384,16384,5,5350,5291,55,4,98.8972,99.9252,16384,211,0,59,0,211,140,16384,824668,7021188,7845856,8.377,34.769,43.146,5.045,7021188,824668
c5315,fixed-24576,24576,1,5350,5291,55,4,98.8972,99.9252,24576,209,0,59,0,209,139,24576,1139320,7021188,8160508,10.220,34.381,44.600,5.128,7021188,1139320
c5315,fixed-24576,24576,2,5350,5291,55,4,98.8972,99.9252,24576,216,0,59,0,216,138,24576,1135355,7021188,8156543,10.227,34.062,44.289,5.098,7021188,1135355
c5315,fixed-24576,24576,3,5350,5291,55,4,98.8972,99.9252,24576,217,0,59,0,217,150,24576,1135632,7021188,8156820,10.006,34.948,44.955,5.078,7021188,1135632
c5315,fixed-24576,24576,4,5350,5291,55,4,98.8972,99.9252,24576,208,0,59,0,208,143,24576,1136170,7021188,8157358,9.990,34.683,44.673,5.062,7021188,1136170
c5315,fixed-24576,24576,5,5350,5291,55,4,98.8972,99.9252,24576,211,0,59,0,211,140,24576,1135995,7021188,8157183,10.012,34.026,44.039,5.001,7021188,1135995
c5315,fixed-32768,32768,1,5350,5291,55,4,98.8972,99.9252,32768,209,0,59,0,209,139,32768,1450659,7021188,8471847,11.831,34.194,46.025,5.073,7021188,1450659
c5315,fixed-32768,32768,2,5350,5291,55,4,98.8972,99.9252,32768,216,0,59,0,216,138,32768,1446684,7021188,8467872,11.657,35.335,46.992,5.149,7021188,1446684
c5315,fixed-32768,32768,3,5350,5291,55,4,98.8972,99.9252,32768,217,0,59,0,217,150,32768,1446949,7021188,8468137,11.652,35.510,47.162,5.067,7021188,1446949
c5315,fixed-32768,32768,4,5350,5291,55,4,98.8972,99.9252,32768,208,0,59,0,208,143,32768,1447475,7021188,8468663,11.814,34.055,45.869,5.125,7021188,1447475
c5315,fixed-32768,32768,5,5350,5291,55,4,98.8972,99.9252,32768,211,0,59,0,211,140,32768,1447314,7021188,8468502,11.781,34.631,46.412,5.078,7021188,1447314
c5315,plateau,2176,1,5350,5291,55,4,98.8972,99.9252,2176,207,2,61,0,209,139,2176,288008,7120808,7408816,5.583,34.437,40.020,5.010,7021188,387628
c5315,plateau,1920,2,5350,5291,55,4,98.8972,99.9252,1920,214,2,61,0,216,136,1920,274275,7065551,7339826,5.463,34.622,40.085,5.168,7021188,318638
c5315,plateau,2240,3,5350,5291,55,4,98.8972,99.9252,2240,215,2,61,0,217,150,2240,286656,7057340,7343996,5.519,34.825,40.344,5.164,7021188,322808
c5315,plateau,2240,4,5350,5291,55,4,98.8972,99.9252,2240,207,1,60,0,208,142,2240,287356,7039170,7326526,5.599,34.555,40.153,5.201,7021188,305338
c5315,plateau,2496,5,5350,5291,55,4,98.8972,99.9252,2496,210,1,60,0,211,140,2496,296833,7039340,7336173,5.683,34.205,39.888,5.198,7021188,314985
c5315,stage1,2368,1,5350,5291,55,4,98.8972,99.9252,2368,207,2,61,0,209,135,2368,295314,7120808,7416122,5.706,35.048,40.754,5.025,7021188,394934
c5315,stage1,2240,2,5350,5291,55,4,98.8972,99.9252,2240,215,1,60,0,216,138,2240,286510,7039346,7325856,5.550,34.494,40.044,5.052,7021188,304668
c5315,stage1,2240,3,5350,5291,55,4,98.8972,99.9252,2240,215,2,61,0,217,150,2240,286656,7057340,7343996,5.417,33.632,39.049,4.978,7021188,322808
c5315,stage1,2304,4,5350,5291,55,4,98.8972,99.9252,2304,207,1,60,0,208,143,2304,289789,7039167,7328956,5.560,33.494,39.054,4.988,7021188,307768
c5315,stage1,2688,5,5350,5291,55,4,98.8972,99.9252,2688,210,1,60,0,211,139,2688,304135,7039341,7343476,5.576,33.899,39.475,4.987,7021188,322288
c5315,adaptive,2368,1,5350,5291,55,4,98.8972,99.9252,2368,207,2,61,48,209,138,2368,295314,7120761,7416075,5.665,34.066,39.731,4.986,7021188,394887
c5315,adaptive,8128,2,5350,5291,55,4,98.8972,99.9252,8128,215,1,60,31,216,137,8128,504405,7039315,7543720,6.626,35.265,41.891,4.893,7021188,522532
c5315,adaptive,8000,3,5350,5291,55,4,98.8972,99.9252,8000,216,1,60,16,217,150,8000,502986,7039184,7542170,6.679,33.423,40.103,4.996,7021188,520982
c5315,adaptive,8256,4,5350,5291,55,4,98.8972,99.9252,8256,207,1,60,46,208,143,8256,507311,7039124,7546435,6.635,34.557,41.191,5.074,7021188,525247
c5315,adaptive,8576,5,5350,5291,55,4,98.8972,99.9252,8576,210,1,60,19,211,140,8576,523704,7039325,7563029,6.773,35.020,41.793,4.946,7021188,541841
c6288,podem,0,1,7744,7710,32,2,99.5610,99.9742,0,0,35,70,0,35,33,0,0,13285605,13285605,0.000,64.566,64.566,32.698,6739896,6545709
c6288,podem,0,2,7744,7710,32,2,99.5610,99.9742,0,0,38,72,0,38,34,0,0,11540841,11540841,0.000,61.622,61.622,31.326,6739896,4800945
c6288,podem,0,3,7744,7710,32,2,99.5610,99.9742,0,0,34,69,0,34,31,0,0,11765418,11765418,0.000,62.140,62.140,36.920,6739896,5025522
c6288,podem,0,4,7744,7710,32,2,99.5610,99.9742,0,0,38,72,0,38,36,0,0,10823675,10823675,0.000,61.068,61.068,30.295,6739896,4083779
c6288,podem,0,5,7744,7710,32,2,99.5610,99.9742,0,0,40,74,0,40,37,0,0,10765118,10765118,0.000,59.589,59.589,32.220,6739896,4025222
c6288,fixed-64,64,1,7744,7710,32,2,99.5610,99.9742,64,49,4,38,0,53,36,64,1553025,7152300,8705325,28.605,35.169,63.774,30.426,6739896,1965429
c6288,fixed-64,64,2,7744,7710,32,2,99.5610,99.9742,64,41,3,37,0,44,41,64,1631977,7049559,8681536,30.923,34.675,65.598,30.888,6739896,1941640
c6288,fixed-64,64,3,7744,7710,32,2,99.5610,99.9742,64,45,3,37,0,48,37,64,1593715,6858788,8452503,30.341,36.569,66.910,33.482,6739896,1712607
c6288,fixed-64,64,4,7744,7710,32,2,99.5610,99.9742,64,40,5,39,0,45,39,64,1600876,7061785,8662661,30.335,34.108,64.443,30.125,6739896,1922765
c6288,fixed-64,64,5,7744,7710,32,2,99.5610,99.9742,64,52,4,39,0,56,40,64,1630084,8832547,10462631,30.486,41.322,71.807,31.284,6739896,3722735
c6288,fixed-96,96,1,7744,7710,32,2,99.5610,99.9742,128,51,1,35,0,52,36,128,1557278,6892168,8449446,28.488,33.627,62.114,28.799,6739896,1709550
c6288,fixed-96,96,2,7744,7710,32,2,99.5610,99.9742,128,44,0,34,0,44,41,128,1636898,6739896,8376794,31.115,33.613,64.728,31.937,6739896,1636898
c6288,fixed-96,96,3,7744,7710,32,2,99.5610,99.9742,128,48,0,34,0,48,36,128,1596792,6739896,8336688,29.431,34.534,63.965,28.936,6739896,1596792
c6288,fixed-96,96,4,7744,7710,32,2,99.5610,99.9742,128,45,0,34,0,45,42,128,1604732,6739896,8344628,29.325,32.564,61.888,28.704,6739896,1604732
c6288,fixed-96,96,5,7744,7710,32,2,99.5610,99.9742,128,55,1,35,0,56,37,128,1633125,6776729,8409854,30.524,32.077,62.601,30.684,6739896,1669958
c6288,fixed-128,128,1,7744,7710,32,2,99.5610,99.9742,128,51,1,35,0,52,36,128,1557278,6892168,8449446,28.645,32.426,61.071,28.123,6739896,1709550
c6288,fixed-128,128,2,7744,7710,32,2,99.5610,99.9742,128,44,0,34,0,44,41,128,1636898,6739896,8376794,29.893,32.756,62.648,30.127,6739896,1636898
c6288,fixed-128,128,3,7744,7710,32,2,99.5610,99.9742,128,48,0,34,0,48,36,128,1596792,6739896,8336688,30.034,32.922,62.956,29.118,6739896,1596792
c6288,fixed-128,128,4,7744,7710,32,2,99.5610,99.9742,128,45,0,34,0,45,42,128,1604732,6739896,8344628,30.223,32.892,63.115,28.956,6739896,1604732
c6288,fixed-128,128,5,7744,7710,32,2,99.5610,99.9742,128,55,1,35,0,56,37,128,1633125,6776729,8409854,30.390,33.553,63.943,31.345,6739896,1669958
c6288,fixed-192,192,1,7744,7710,32,2,99.5610,99.9742,192,52,0,34,0,52,35,192,1560289,6739896,8300185,28.077,32.810,60.887,28.672,6739896,1560289
c6288,fixed-192,192,2,7744,7710,32,2,99.5610,99.9742,192,44,0,34,0,44,41,192,1639347,6739896,8379243,30.337,33.051,63.388,30.226,6739896,1639347
c6288,fixed-192,192,3,7744,7710,32,2,99.5610,99.9742,192,48,0,34,0,48,36,192,1599241,6739896,8339137,30.391,32.635,63.026,29.514,6739896,1599241
c6288,fixed-192,192,4,7744,7710,32,2,99.5610,99.9742,192,45,0,34,0,45,42,192,1607181,6739896,8347077,31.033,33.254,64.287,30.494,6739896,1607181
c6288,fixed-192,192,5,7744,7710,32,2,99.5610,99.9742,192,56,0,34,0,56,40,192,1635670,6739896,8375566,31.142,33.574,64.716,30.900,6739896,1635670
c6288,fixed-256,256,1,7744,7710,32,2,99.5610,99.9742,256,52,0,34,0,52,35,256,1562738,6739896,8302634,29.843,33.679,63.522,29.796,6739896,1562738
c6288,fixed-256,256,2,7744,7710,32,2,99.5610,99.9742,256,44,0,34,0,44,41,256,1641796,6739896,8381692,32.080,34.137,66.217,31.204,6739896,1641796
c6288,fixed-256,256,3,7744,7710,32,2,99.5610,99.9742,256,48,0,34,0,48,36,256,1601690,6739896,8341586,31.971,34.340,66.311,29.631,6739896,1601690
c6288,fixed-256,256,4,7744,7710,32,2,99.5610,99.9742,256,45,0,34,0,45,42,256,1609630,6739896,8349526,30.305,34.399,64.705,30.298,6739896,1609630
c6288,fixed-256,256,5,7744,7710,32,2,99.5610,99.9742,256,56,0,34,0,56,40,256,1638119,6739896,8378015,31.240,34.166,65.406,30.628,6739896,1638119
c6288,fixed-384,384,1,7744,7710,32,2,99.5610,99.9742,384,52,0,34,0,52,35,384,1567636,6739896,8307532,29.994,37.658,67.652,29.652,6739896,1567636
c6288,fixed-384,384,2,7744,7710,32,2,99.5610,99.9742,384,44,0,34,0,44,41,384,1646694,6739896,8386590,31.471,33.783,65.255,31.919,6739896,1646694
c6288,fixed-384,384,3,7744,7710,32,2,99.5610,99.9742,384,48,0,34,0,48,36,384,1606588,6739896,8346484,30.691,34.094,64.786,29.706,6739896,1606588
c6288,fixed-384,384,4,7744,7710,32,2,99.5610,99.9742,384,45,0,34,0,45,42,384,1614528,6739896,8354424,31.596,34.196,65.792,30.096,6739896,1614528
c6288,fixed-384,384,5,7744,7710,32,2,99.5610,99.9742,384,56,0,34,0,56,40,384,1643017,6739896,8382913,30.622,33.882,64.504,30.731,6739896,1643017
c6288,fixed-512,512,1,7744,7710,32,2,99.5610,99.9742,512,52,0,34,0,52,35,512,1572534,6739896,8312430,29.133,33.950,63.084,30.547,6739896,1572534
c6288,fixed-512,512,2,7744,7710,32,2,99.5610,99.9742,512,44,0,34,0,44,41,512,1651592,6739896,8391488,31.878,35.489,67.367,33.378,6739896,1651592
c6288,fixed-512,512,3,7744,7710,32,2,99.5610,99.9742,512,48,0,34,0,48,36,512,1611486,6739896,8351382,31.409,34.791,66.200,30.821,6739896,1611486
c6288,fixed-512,512,4,7744,7710,32,2,99.5610,99.9742,512,45,0,34,0,45,42,512,1619426,6739896,8359322,31.252,39.891,71.143,41.049,6739896,1619426
c6288,fixed-512,512,5,7744,7710,32,2,99.5610,99.9742,512,56,0,34,0,56,40,512,1647915,6739896,8387811,33.659,34.762,68.421,31.153,6739896,1647915
c6288,fixed-768,768,1,7744,7710,32,2,99.5610,99.9742,768,52,0,34,0,52,35,768,1582330,6739896,8322226,30.793,35.017,65.809,31.558,6739896,1582330
c6288,fixed-768,768,2,7744,7710,32,2,99.5610,99.9742,768,44,0,34,0,44,41,768,1661388,6739896,8401284,34.241,36.250,70.491,34.294,6739896,1661388
c6288,fixed-768,768,3,7744,7710,32,2,99.5610,99.9742,768,48,0,34,0,48,36,768,1621282,6739896,8361178,34.756,39.154,73.910,30.933,6739896,1621282
c6288,fixed-768,768,4,7744,7710,32,2,99.5610,99.9742,768,45,0,34,0,45,42,768,1629222,6739896,8369118,33.003,34.968,67.971,31.187,6739896,1629222
c6288,fixed-768,768,5,7744,7710,32,2,99.5610,99.9742,768,56,0,34,0,56,40,768,1657711,6739896,8397607,32.761,34.725,67.485,32.005,6739896,1657711
c6288,fixed-1024,1024,1,7744,7710,32,2,99.5610,99.9742,1024,52,0,34,0,52,35,1024,1592126,6739896,8332022,30.104,34.667,64.771,29.943,6739896,1592126
c6288,fixed-1024,1024,2,7744,7710,32,2,99.5610,99.9742,1024,44,0,34,0,44,41,1024,1671184,6739896,8411080,31.852,34.988,66.840,32.372,6739896,1671184
c6288,fixed-1024,1024,3,7744,7710,32,2,99.5610,99.9742,1024,48,0,34,0,48,36,1024,1631078,6739896,8370974,30.860,36.838,67.698,30.370,6739896,1631078
c6288,fixed-1024,1024,4,7744,7710,32,2,99.5610,99.9742,1024,45,0,34,0,45,42,1024,1639018,6739896,8378914,31.574,34.832,66.405,31.330,6739896,1639018
c6288,fixed-1024,1024,5,7744,7710,32,2,99.5610,99.9742,1024,56,0,34,0,56,40,1024,1667507,6739896,8407403,31.697,34.471,66.168,30.625,6739896,1667507
c6288,fixed-1536,1536,1,7744,7710,32,2,99.5610,99.9742,1536,52,0,34,0,52,35,1536,1611718,6739896,8351614,29.231,33.991,63.222,31.343,6739896,1611718
c6288,fixed-1536,1536,2,7744,7710,32,2,99.5610,99.9742,1536,44,0,34,0,44,41,1536,1690776,6739896,8430672,32.850,36.074,68.924,32.903,6739896,1690776
c6288,fixed-1536,1536,3,7744,7710,32,2,99.5610,99.9742,1536,48,0,34,0,48,36,1536,1650670,6739896,8390566,32.947,39.006,71.953,31.121,6739896,1650670
c6288,fixed-1536,1536,4,7744,7710,32,2,99.5610,99.9742,1536,45,0,34,0,45,42,1536,1658610,6739896,8398506,33.808,37.515,71.323,31.379,6739896,1658610
c6288,fixed-1536,1536,5,7744,7710,32,2,99.5610,99.9742,1536,56,0,34,0,56,40,1536,1687099,6739896,8426995,33.607,35.787,69.394,33.101,6739896,1687099
c6288,fixed-2048,2048,1,7744,7710,32,2,99.5610,99.9742,2048,52,0,34,0,52,35,2048,1631310,6739896,8371206,32.029,35.980,68.009,30.636,6739896,1631310
c6288,fixed-2048,2048,2,7744,7710,32,2,99.5610,99.9742,2048,44,0,34,0,44,41,2048,1710368,6739896,8450264,32.971,36.955,69.926,32.993,6739896,1710368
c6288,fixed-2048,2048,3,7744,7710,32,2,99.5610,99.9742,2048,48,0,34,0,48,36,2048,1670262,6739896,8410158,31.789,37.637,69.425,32.235,6739896,1670262
c6288,fixed-2048,2048,4,7744,7710,32,2,99.5610,99.9742,2048,45,0,34,0,45,42,2048,1678202,6739896,8418098,33.464,36.826,70.290,33.842,6739896,1678202
c6288,fixed-2048,2048,5,7744,7710,32,2,99.5610,99.9742,2048,56,0,34,0,56,40,2048,1706691,6739896,8446587,33.493,36.032,69.525,32.882,6739896,1706691
c6288,fixed-3072,3072,1,7744,7710,32,2,99.5610,99.9742,3072,52,0,34,0,52,35,3072,1670494,6739896,8410390,31.201,36.024,67.226,33.885,6739896,1670494
c6288,fixed-3072,3072,2,7744,7710,32,2,99.5610,99.9742,3072,44,0,34,0,44,41,3072,1749552,6739896,8489448,33.509,36.840,70.349,34.615,6739896,1749552
c6288,fixed-3072,3072,3,7744,7710,32,2,99.5610,99.9742,3072,48,0,34,0,48,36,3072,1709446,6739896,8449342,32.288,35.865,68.152,31.494,6739896,1709446
c6288,fixed-3072,3072,4,7744,7710,32,2,99.5610,99.9742,3072,45,0,34,0,45,42,3072,1717386,6739896,8457282,34.387,35.720,70.107,31.710,6739896,1717386
c6288,fixed-3072,3072,5,7744,7710,32,2,99.5610,99.9742,3072,56,0,34,0,56,40,3072,1745875,6739896,8485771,32.840,35.563,68.402,33.710,6739896,1745875
c6288,fixed-4096,4096,1,7744,7710,32,2,99.5610,99.9742,4096,52,0,34,0,52,35,4096,1709678,6739896,8449574,30.509,33.883,64.391,29.777,6739896,1709678
c6288,fixed-4096,4096,2,7744,7710,32,2,99.5610,99.9742,4096,44,0,34,0,44,41,4096,1788736,6739896,8528632,31.296,32.499,63.795,31.037,6739896,1788736
c6288,fixed-4096,4096,3,7744,7710,32,2,99.5610,99.9742,4096,48,0,34,0,48,36,4096,1748630,6739896,8488526,30.747,32.531,63.278,29.629,6739896,1748630
c6288,fixed-4096,4096,4,7744,7710,32,2,99.5610,99.9742,4096,45,0,34,0,45,42,4096,1756570,6739896,8496466,34.371,36.571,70.943,30.820,6739896,1756570
c6288,fixed-4096,4096,5,7744,7710,32,2,99.5610,99.9742,4096,56,0,34,0,56,40,4096,1785059,6739896,8524955,31.582,37.314,68.896,30.780,6739896,1785059
c6288,fixed-6144,6144,1,7744,7710,32,2,99.5610,99.9742,6144,52,0,34,0,52,35,6144,1788046,6739896,8527942,30.307,34.561,64.868,28.368,6739896,1788046
c6288,fixed-6144,6144,2,7744,7710,32,2,99.5610,99.9742,6144,44,0,34,0,44,41,6144,1867104,6739896,8607000,31.776,33.911,65.687,30.821,6739896,1867104
c6288,fixed-6144,6144,3,7744,7710,32,2,99.5610,99.9742,6144,48,0,34,0,48,36,6144,1826998,6739896,8566894,30.658,33.513,64.171,28.996,6739896,1826998
c6288,fixed-6144,6144,4,7744,7710,32,2,99.5610,99.9742,6144,45,0,34,0,45,42,6144,1834938,6739896,8574834,30.249,33.573,63.822,30.167,6739896,1834938
c6288,fixed-6144,6144,5,7744,7710,32,2,99.5610,99.9742,6144,56,0,34,0,56,40,6144,1863427,6739896,8603323,31.857,33.578,65.435,31.308,6739896,1863427
c6288,fixed-8192,8192,1,7744,7710,32,2,99.5610,99.9742,8192,52,0,34,0,52,35,8192,1866414,6739896,8606310,30.391,34.115,64.506,29.685,6739896,1866414
c6288,fixed-8192,8192,2,7744,7710,32,2,99.5610,99.9742,8192,44,0,34,0,44,41,8192,1945472,6739896,8685368,32.094,36.173,68.267,33.969,6739896,1945472
c6288,fixed-8192,8192,3,7744,7710,32,2,99.5610,99.9742,8192,48,0,34,0,48,36,8192,1905366,6739896,8645262,33.865,35.756,69.621,32.291,6739896,1905366
c6288,fixed-8192,8192,4,7744,7710,32,2,99.5610,99.9742,8192,45,0,34,0,45,42,8192,1913306,6739896,8653202,32.411,35.855,68.266,32.277,6739896,1913306
c6288,fixed-8192,8192,5,7744,7710,32,2,99.5610,99.9742,8192,56,0,34,0,56,40,8192,1941795,6739896,8681691,34.782,35.834,70.616,32.869,6739896,1941795
c6288,fixed-12288,12288,1,7744,7710,32,2,99.5610,99.9742,12288,52,0,34,0,52,35,12288,2023150,6739896,8763046,32.931,36.174,69.105,31.038,6739896,2023150
c6288,fixed-12288,12288,2,7744,7710,32,2,99.5610,99.9742,12288,44,0,34,0,44,41,12288,2102208,6739896,8842104,35.673,35.591,71.264,34.351,6739896,2102208
c6288,fixed-12288,12288,3,7744,7710,32,2,99.5610,99.9742,12288,48,0,34,0,48,36,12288,2062102,6739896,8801998,34.886,36.394,71.279,31.926,6739896,2062102
c6288,fixed-12288,12288,4,7744,7710,32,2,99.5610,99.9742,12288,45,0,34,0,45,42,12288,2070042,6739896,8809938,34.846,35.936,70.782,32.335,6739896,2070042
c6288,fixed-12288,12288,5,7744,7710,32,2,99.5610,99.9742,12288,56,0,34,0,56,40,12288,2098531,6739896,8838427,34.372,35.459,69.831,32.315,6739896,2098531
c6288,fixed-16384,16384,1,7744,7710,32,2,99.5610,99.9742,16384,52,0,34,0,52,35,16384,2179886,6739896,8919782,32.585,35.722,68.307,30.929,6739896,2179886
c6288,fixed-16384,16384,2,7744,7710,32,2,99.5610,99.9742,16384,44,0,34,0,44,41,16384,2258944,6739896,8998840,34.653,39.605,74.258,36.988,6739896,2258944
c6288,fixed-16384,16384,3,7744,7710,32,2,99.5610,99.9742,16384,48,0,34,0,48,36,16384,2218838,6739896,8958734,34.361,35.698,70.059,31.137,6739896,2218838
c6288,fixed-16384,16384,4,7744,7710,32,2,99.5610,99.9742,16384,45,0,34,0,45,42,16384,2226778,6739896,8966674,33.289,35.620,68.908,32.117,6739896,2226778
c6288,fixed-16384,16384,5,7744,7710,32,2,99.5610,99.9742,16384,56,0,34,0,56,40,16384,2255267,6739896,8995163,34.084,36.114,70.198,32.507,6739896,2255267
c6288,fixed-24576,24576,1,7744,7710,32,2,99.5610,99.9742,24576,52,0,34,0,52,35,24576,2493358,6739896,9233254,33.064,35.401,68.465,30.660,6739896,2493358
c6288,fixed-24576,24576,2,7744,7710,32,2,99.5610,99.9742,24576,44,0,34,0,44,41,24576,2572416,6739896,9312312,35.532,35.471,71.003,32.927,6739896,2572416
c6288,fixed-24576,24576,3,7744,7710,32,2,99.5610,99.9742,24576,48,0,34,0,48,36,24576,2532310,6739896,9272206,34.095,36.315,70.410,31.696,6739896,2532310
c6288,fixed-24576,24576,4,7744,7710,32,2,99.5610,99.9742,24576,45,0,34,0,45,42,24576,2540250,6739896,9280146,34.450,62.181,96.630,31.129,6739896,2540250
c6288,fixed-24576,24576,5,7744,7710,32,2,99.5610,99.9742,24576,56,0,34,0,56,40,24576,2568739,6739896,9308635,36.010,35.958,71.968,54.448,6739896,2568739
c6288,fixed-32768,32768,1,7744,7710,32,2,99.5610,99.9742,32768,52,0,34,0,52,35,32768,2806830,6739896,9546726,34.453,36.032,70.486,32.967,6739896,2806830
c6288,fixed-32768,32768,2,7744,7710,32,2,99.5610,99.9742,32768,44,0,34,0,44,41,32768,2885888,6739896,9625784,36.105,36.036,72.141,34.099,6739896,2885888
c6288,fixed-32768,32768,3,7744,7710,32,2,99.5610,99.9742,32768,48,0,34,0,48,36,32768,2845782,6739896,9585678,36.617,35.826,72.444,32.171,6739896,2845782
c6288,fixed-32768,32768,4,7744,7710,32,2,99.5610,99.9742,32768,45,0,34,0,45,42,32768,2853722,6739896,9593618,35.153,35.546,70.699,31.565,6739896,2853722
c6288,fixed-32768,32768,5,7744,7710,32,2,99.5610,99.9742,32768,56,0,34,0,56,40,32768,2882211,6739896,9622107,35.858,35.511,71.369,32.052,6739896,2882211
c6288,plateau,576,1,7744,7710,32,2,99.5610,99.9742,576,52,0,34,0,52,35,576,1574983,6739896,8314879,31.714,35.853,67.568,31.180,6739896,1574983
c6288,plateau,512,2,7744,7710,32,2,99.5610,99.9742,512,44,0,34,0,44,41,512,1651592,6739896,8391488,33.691,35.413,69.104,32.605,6739896,1651592
c6288,plateau,512,3,7744,7710,32,2,99.5610,99.9742,512,48,0,34,0,48,36,512,1611486,6739896,8351382,31.260,35.194,66.453,30.057,6739896,1611486
c6288,plateau,512,4,7744,7710,32,2,99.5610,99.9742,512,45,0,34,0,45,42,512,1619426,6739896,8359322,28.509,31.579,60.088,28.982,6739896,1619426
c6288,plateau,576,5,7744,7710,32,2,99.5610,99.9742,576,56,0,34,0,56,40,576,1650364,6739896,8390260,28.994,32.263,61.257,30.072,6739896,1650364
c6288,stage1,512,1,7744,7710,32,2,99.5610,99.9742,512,52,0,34,0,52,35,512,1572534,6739896,8312430,28.486,34.069,62.555,29.004,6739896,1572534
c6288,stage1,448,2,7744,7710,32,2,99.5610,99.9742,448,44,0,34,0,44,41,448,1649143,6739896,8389039,29.910,33.363,63.273,31.254,6739896,1649143
c6288,stage1,512,3,7744,7710,32,2,99.5610,99.9742,512,48,0,34,0,48,36,512,1611486,6739896,8351382,31.175,35.958,67.133,29.352,6739896,1611486
c6288,stage1,512,4,7744,7710,32,2,99.5610,99.9742,512,45,0,34,0,45,42,512,1619426,6739896,8359322,30.385,34.023,64.407,29.334,6739896,1619426
c6288,stage1,896,5,7744,7710,32,2,99.5610,99.9742,896,56,0,34,0,56,40,896,1662609,6739896,8402505,31.764,34.464,66.228,31.147,6739896,1662609
c6288,adaptive,512,1,7744,7710,32,2,99.5610,99.9742,512,52,0,34,34,52,35,512,1572534,6739896,8312430,29.768,34.177,63.944,30.611,6739896,1572534
c6288,adaptive,448,2,7744,7710,32,2,99.5610,99.9742,448,44,0,34,34,44,41,448,1649143,6739896,8389039,31.871,38.533,70.403,31.298,6739896,1649143
c6288,adaptive,512,3,7744,7710,32,2,99.5610,99.9742,512,48,0,34,34,48,36,512,1611486,6739896,8351382,30.445,35.423,65.868,31.036,6739896,1611486
c6288,adaptive,512,4,7744,7710,32,2,99.5610,99.9742,512,45,0,34,34,45,42,512,1619426,6739896,8359322,37.772,36.123,73.895,33.118,6739896,1619426
c6288,adaptive,896,5,7744,7710,32,2,99.5610,99.9742,896,56,0,34,34,56,40,896,1662609,6739896,8402505,33.827,36.224,70.051,31.873,6739896,1662609
c7552,podem,0,1,7550,7419,52,79,98.2649,98.9536,0,0,309,443,0,309,240,0,0,103435777,103435777,0.000,483.850,483.850,9.537,82769984,20665793
c7552,podem,0,2,7550,7417,52,81,98.2384,98.9272,0,0,303,438,0,303,231,0,0,106280326,106280326,0.000,491.725,491.725,9.505,86133436,20146890
c7552,podem,0,3,7550,7418,52,80,98.2517,98.9404,0,0,308,442,0,308,239,0,0,105765774,105765774,0.000,506.986,506.986,10.015,84426732,21339042
c7552,podem,0,4,7550,7417,52,81,98.2384,98.9272,0,0,311,448,0,311,234,0,0,110072059,110072059,0.000,660.277,660.277,11.844,86133436,23938623
c7552,podem,0,5,7550,7416,52,82,98.2252,98.9139,0,0,303,440,0,303,225,0,0,110896425,110896425,0.000,536.138,536.138,10.200,88261480,22634945
c7552,fixed-64,64,1,7550,7416,52,82,98.2252,98.9139,64,64,244,381,0,308,238,64,293975,107086194,107380169,7.777,479.592,487.369,9.694,87960704,19419465
c7552,fixed-64,64,2,7550,7416,52,82,98.2252,98.9139,64,62,257,393,0,319,244,64,288993,106833175,107122168,7.200,465.139,472.340,9.985,88321416,18800752
c7552,fixed-64,64,3,7550,7417,52,81,98.2384,98.9272,64,61,242,379,0,303,228,64,293896,107497015,107790911,7.182,469.733,476.915,9.702,86133436,21657475
c7552,fixed-64,64,4,7550,7417,52,81,98.2384,98.9272,64,63,241,379,0,304,231,64,287666,108253751,108541417,7.423,488.729,496.151,9.166,86104784,22436633
c7552,fixed-64,64,5,7550,7417,52,81,98.2384,98.9272,64,64,232,367,0,296,225,64,290755,104798412,105089167,7.042,478.948,485.990,9.558,86133436,18955731
c7552,fixed-96,96,1,7550,7418,52,80,98.2517,98.9404,128,114,203,339,0,317,223,128,310655,103597713,103908368,7.641,425.716,433.357,8.908,84980464,18927904
c7552,fixed-96,96,2,7550,7416,52,82,98.2252,98.9139,128,109,221,358,0,330,233,128,304066,104575059,104879125,7.154,702.824,709.978,18.342,87459544,17419581
c7552,fixed-96,96,3,7550,7416,52,82,98.2252,98.9139,128,107,232,368,0,339,233,128,309164,104500871,104810035,13.697,811.635,825.332,18.515,87790184,17019851
c7552,fixed-96,96,4,7550,7416,52,82,98.2252,98.9139,128,112,219,355,0,331,239,128,304580,103920978,104225558,17.732,691.601,709.332,24.552,87960704,16264854
c7552,fixed-96,96,5,7550,7416,52,82,98.2252,98.9139,128,116,221,358,0,337,233,128,307405,107221599,107529004,16.231,1067.185,1083.415,24.141,87459544,20069460
c7552,fixed-128,128,1,7550,7418,52,80,98.2517,98.9404,128,114,203,339,0,317,223,128,310655,103597713,103908368,16.561,960.508,977.070,34.428,84980464,18927904
c7552,fixed-128,128,2,7550,7416,52,82,98.2252,98.9139,128,109,221,358,0,330,233,128,304066,104575059,104879125,24.170,1073.945,1098.115,22.991,87459544,17419581
c7552,fixed-128,128,3,7550,7416,52,82,98.2252,98.9139,128,107,232,368,0,339,233,128,309164,104500871,104810035,16.599,902.359,918.958,10.479,87790184,17019851
c7552,fixed-128,128,4,7550,7416,52,82,98.2252,98.9139,128,112,219,355,0,331,239,128,304580,103920978,104225558,7.980,891.806,899.786,28.124,87960704,16264854
c7552,fixed-128,128,5,7550,7416,52,82,98.2252,98.9139,128,116,221,358,0,337,233,128,307405,107221599,107529004,20.432,692.976,713.408,10.281,87459544,20069460
c7552,fixed-192,192,1,7550,7419,52,79,98.2649,98.9536,192,142,190,325,0,332,233,192,321674,100749828,101071502,8.957,497.783,506.740,9.969,82769984,18301518
c7552,fixed-192,192,2,7550,7416,52,82,98.2252,98.9139,192,143,197,333,0,340,227,192,315701,103161801,103477502,8.069,459.581,467.649,9.665,88358020,15119482
c7552,fixed-192,192,3,7550,7417,52,81,98.2384,98.9272,192,135,202,338,0,337,231,192,319999,102893600,103213599,8.291,458.006,466.297,9.704,86133436,17080163
c7552,fixed-192,192,4,7550,7416,52,82,98.2252,98.9139,192,144,210,347,0,354,235,192,316275,106171952,106488227,7.914,479.170,487.084,9.813,87960704,18527523
c7552,fixed-192,192,5,7550,7417,52,81,98.2384,98.9272,192,140,202,338,0,342,236,192,318633,103034586,103353219,8.333,480.596,488.930,10.411,86133436,17219783
c7552,fixed-256,256,1,7550,7418,52,80,98.2517,98.9404,256,161,174,310,0,335,240,256,331680,100656508,100988188,8.858,984.408,993.266,14.577,84980464,16007724
c7552,fixed-256,256,2,7550,7419,52,79,98.2649,98.9536,256,169,175,308,0,344,236,256,326252,96153040,96479292,15.946,885.029,900.976,18.717,82769984,13709308
c7552,fixed-256,256,3,7550,7419,52,79,98.2649,98.9536,256,155,193,327,0,348,234,256,329589,99048350,99377939,17.267,1003.866,1021.133,18.934,82769984,16607955
c7552,fixed-256,256,4,7550,7415,52,83,98.2119,98.9007,256,164,194,330,0,358,234,256,326723,102584140,102910863,21.336,995.129,1016.465,17.044,89617452,13293411
c7552,fixed-256,256,5,7550,7417,52,81,98.2384,98.9272,256,168,179,315,0,347,238,256,329069,102707116,103036185,16.639,1016.670,1033.308,22.586,86133436,16902749
c7552,fixed-384,384,1,7550,7419,52,79,98.2649,98.9536,384,178,165,300,0,343,240,384,349091,99012090,99361181,23.374,973.465,996.840,20.029,82769984,16591197
c7552,fixed-384,384,2,7550,7419,52,79,98.2649,98.9536,384,188,170,303,0,358,247,384,343634,95454217,95797851,18.101,882.762,900.863,17.882,82769984,13027867
c7552,fixed-384,384,3,7550,7419,52,79,98.2649,98.9536,384,183,169,302,0,352,226,384,347601,95688750,96036351,20.459,875.207,895.666,18.406,82769984,13266367
c7552,fixed-384,384,4,7550,7416,52,82,98.2252,98.9139,384,187,172,308,0,359,231,384,345736,99238545,99584281,21.173,1009.218,1030.392,17.465,87790184,11794097
c7552,fixed-384,384,5,7550,7417,52,81,98.2384,98.9272,384,195,169,305,0,364,240,384,347127,99876069,100223196,20.783,881.213,901.997,17.690,86133436,14089760
c7552,fixed-512,512,1,7550,7419,52,79,98.2649,98.9536,512,188,157,291,0,345,239,512,365717,95912709,96278426,16.580,843.487,860.067,21.878,82769984,13508442
c7552,fixed-512,512,2,7550,7419,52,79,98.2649,98.9536,512,204,155,288,0,359,242,512,360558,94800641,95161199,16.797,855.557,872.354,17.660,82769984,12391215
c7552,fixed-512,512,3,7550,7419,52,79,98.2649,98.9536,512,203,164,298,0,367,239,512,364795,96410635,96775430,20.853,854.909,875.762,21.919,82769984,14005446
c7552,fixed-512,512,4,7550,7416,52,82,98.2252,98.9139,512,201,163,299,0,364,241,512,363585,98609088,98972673,16.682,924.344,941.027,22.596,87960704,11011969
c7552,fixed-512,512,5,7550,7418,52,80,98.2517,98.9404,512,205,159,294,0,364,233,512,363707,98604395,98968102,17.716,947.256,964.973,22.179,84463524,14504578
c7552,fixed-768,768,1,7550,7418,52,80,98.2517,98.9404,768,205,141,274,0,346,243,768,398658,94209082,94607740,17.878,987.356,1005.234,24.773,84426732,10181008
c7552,fixed-768,768,2,7550,7419,52,79,98.2649,98.9536,768,220,144,276,0,364,241,768,393860,92648125,93041985,23.733,911.817,935.550,23.053,82769984,10272001
c7552,fixed-768,768,3,7550,7419,52,79,98.2649,98.9536,768,218,150,283,0,368,239,768,397520,93936197,94333717,22.742,872.818,895.560,18.315,82769984,11563733
c7552,fixed-768,768,4,7550,7417,52,81,98.2384,98.9272,768,213,156,291,0,369,251,768,396934,97288139,97685073,22.822,979.984,1002.806,22.852,86133436,11551637
c7552,fixed-768,768,5,7550,7418,52,80,98.2517,98.9404,768,212,153,287,0,365,217,768,396211,96276661,96672872,18.196,963.016,981.212,22.313,84463524,12209348
c7552,fixed-1024,1024,1,7550,7419,52,79,98.2649,98.9536,1024,206,137,270,0,343,236,1024,431274,92674938,93106212,18.628,871.778,890.405,22.472,82769984,10336228
c7552,fixed-1024,1024,2,7550,7419,52,79,98.2649,98.9536,1024,226,144,277,0,370,251,1024,425769,92521577,92947346,22.597,614.389,636.986,9.701,82769984,10177362
c7552,fixed-1024,1024,3,7550,7419,52,79,98.2649,98.9536,1024,224,145,278,0,369,234,1024,429551,93736449,94166000,13.809,678.940,692.749,22.510,82769984,11396016
c7552,fixed-1024,1024,4,7550,7419,52,79,98.2649,98.9536,1024,220,146,279,0,366,244,1024,429363,93572629,94001992,17.868,698.950,716.817,13.563,82769984,11232008
c7552,fixed-1024,1024,5,7550,7419,52,79,98.2649,98.9536,1024,224,143,276,0,367,224,1024,428130,92627534,93055664,34.525,860.840,895.365,21.814,82769984,10285680
c7552,fixed-1536,1536,1,7550,7419,52,79,98.2649,98.9536,1536,213,132,264,0,345,236,1536,495503,91733537,92229040,19.444,695.999,715.443,21.922,82769984,9459056
c7552,fixed-1536,1536,2,7550,7419,52,79,98.2649,98.9536,1536,234,135,268,0,369,234,1536,488068,93171078,93659146,23.697,879.700,903.397,17.771,82769984,10889162
c7552,fixed-1536,1536,3,7550,7419,52,79,98.2649,98.9536,1536,237,133,266,0,370,232,1536,489971,93131181,93621152,23.525,837.225,860.751,17.423,82769984,10851168
c7552,fixed-1536,1536,4,7550,7419,52,79,98.2649,98.9536,1536,233,138,271,0,371,245,1536,493524,93351395,93844919,23.042,824.513,847.555,18.518,82769984,11074935
c7552,fixed-1536,1536,5,7550,7419,52,79,98.2649,98.9536,1536,240,127,260,0,367,231,1536,488318,92892194,93380512,23.955,904.715,928.670,18.805,82769984,10610528
c7552,fixed-2048,2048,1,7550,7419,52,79,98.2649,98.9536,2048,219,132,264,0,351,234,2048,553533,90654166,91207699,30.126,778.719,808.845,18.606,82769984,8437715
c7552,fixed-2048,2048,2,7550,7419,52,79,98.2649,98.9536,2048,241,129,261,0,370,243,2048,546473,91958642,92505115,30.233,897.517,927.750,22.515,82769984,9735131
c7552,fixed-2048,2048,3,7550,7419,52,79,98.2649,98.9536,2048,248,126,258,0,374,244,2048,548464,91693342,92241806,25.008,842.448,867.456,17.467,82769984,9471822
c7552,fixed-2048,2048,4,7550,7419,52,79,98.2649,98.9536,2048,242,128,260,0,370,233,2048,555368,91845905,92401273,24.158,807.347,831.506,17.650,82769984,9631289
c7552,fixed-2048,2048,5,7550,7419,52,79,98.2649,98.9536,2048,244,124,256,0,368,239,2048,547161,91373272,91920433,28.029,845.389,873.418,18.483,82769984,9150449
c7552,fixed-3072,3072,1,7550,7419,52,79,98.2649,98.9536,3072,227,126,258,0,353,225,3072,668156,91744248,92412404,27.069,844.247,871.316,18.685,82769984,9642420
c7552,fixed-3072,3072,2,7550,7419,52,79,98.2649,98.9536,3072,253,117,250,0,370,243,3072,658890,92425422,93084312,25.632,818.372,844.004,17.400,82769984,10314328
c7552,fixed-3072,3072,3,7550,7419,52,79,98.2649,98.9536,3072,255,117,249,0,372,238,3072,658077,91398618,92056695,29.379,799.195,828.574,17.719,82769984,9286711
c7552,fixed-3072,3072,4,7550,7419,52,79,98.2649,98.9536,3072,249,120,251,0,369,228,3072,672259,90326004,90998263,30.282,827.030,857.312,21.699,82769984,8228279
c7552,fixed-3072,3072,5,7550,7419,52,79,98.2649,98.9536,3072,249,126,258,0,375,225,3072,661844,91413122,92074966,46.547,433.133,479.680,10.363,82769984,9304982
c7552,fixed-4096,4096,1,7550,7419,52,79,98.2649,98.9536,4096,232,118,250,0,350,224,4096,777673,90274947,91052620,16.664,427.954,444.617,10.093,82769984,8282636
c7552,fixed-4096,4096,2,7550,7419,52,79,98.2649,98.9536,4096,256,115,248,0,371,238,4096,765234,92342437,93107671,15.954,421.130,437.084,9.840,82769984,10337687
c7552,fixed-4096,4096,3,7550,7419,52,79,98.2649,98.9536,4096,262,115,246,0,377,235,4096,766966,90100828,90867794,15.565,422.487,438.051,10.844,82769984,8097810
c7552,fixed-4096,4096,4,7550,7419,52,79,98.2649,98.9536,4096,256,117,250,0,373,228,4096,783643,91956262,92739905,16.538,454.112,470.650,10.435,82769984,9969921
c7552,fixed-4096,4096,5,7550,7419,52,79,98.2649,98.9536,4096,254,119,251,0,373,231,4096,772949,91208376,91981325,16.496,419.432,435.929,10.171,82769984,9211341
c7552,fixed-6144,6144,1,7550,7419,52,79,98.2649,98.9536,6144,234,121,252,0,355,231,6144,995293,90361561,91356854,19.055,404.370,423.425,9.597,82769984,8586870
c7552,fixed-6144,6144,2,7550,7419,52,79,98.2649,98.9536,6144,262,108,241,0,370,241,6144,976991,92135603,93112594,18.566,416.225,434.790,9.510,82769984,10342610
c7552,fixed-6144,6144,3,7550,7419,52,79,98.2649,98.9536,6144,267,105,236,0,372,233,6144,979504,89780852,90760356,19.840,385.423,405.263,9.798,82769984,7990372
c7552,fixed-6144,6144,4,7550,7419,52,79,98.2649,98.9536,6144,261,114,247,0,375,233,6144,989439,92069081,93058520,19.264,394.679,413.943,9.553,82769984,10288536
c7552,fixed-6144,6144,5,7550,7419,52,79,98.2649,98.9536,6144,259,116,248,0,375,231,6144,993646,91130642,92124288,18.405,395.056,413.461,9.577,82769984,9354304
c7552,fixed-8192,8192,1,7550,7419,52,79,98.2649,98.9536,8192,242,111,242,0,353,227,8192,1204686,89807881,91012567,21.362,379.036,400.398,9.356,82769984,8242583
c7552,fixed-8192,8192,2,7550,7419,52,79,98.2649,98.9536,8192,264,105,238,0,369,234,8192,1184710,92035229,93219939,21.374,510.527,531.901,9.848,82769984,10449955
c7552,fixed-8192,8192,3,7550,7419,52,79,98.2649,98.9536,8192,271,104,235,0,375,233,8192,1187084,89752112,90939196,24.460,404.788,429.247,10.674,82769984,8169212
c7552,fixed-8192,8192,4,7550,7419,52,79,98.2649,98.9536,8192,267,110,241,0,377,236,8192,1189081,89971663,91160744,22.790,481.554,504.344,10.608,82769984,8390760
c7552,fixed-8192,8192,5,7550,7419,52,79,98.2649,98.9536,8192,262,116,247,0,378,230,8192,1205536,90134507,91340043,23.640,417.339,440.979,10.299,82769984,8570059
c7552,fixed-12288,12288,1,7550,7419,52,79,98.2649,98.9536,12288,255,96,227,0,351,222,12288,1595850,88076117,89671967,29.305,419.718,449.023,10.692,82769984,6901983
c7552,fixed-12288,12288,2,7550,7419,52,79,98.2649,98.9536,12288,270,100,232,0,370,242,12288,1594570,90549788,92144358,29.331,420.258,449.589,10.794,82769984,9374374
c7552,fixed-12288,12288,3,7550,7419,52,79,98.2649,98.9536,12288,278,97,228,0,375,230,12288,1589589,89357036,90946625,29.383,418.682,448.066,10.929,82769984,8176641
c7552,fixed-12288,12288,4,7550,7419,52,79,98.2649,98.9536,12288,275,102,233,0,377,226,12288,1567290,89695786,91263076,29.202,420.198,449.400,10.973,82769984,8493092
c7552,fixed-12288,12288,5,7550,7419,52,79,98.2649,98.9536,12288,272,103,234,0,375,238,12288,1608512,88609719,90218231,30.257,461.592,491.849,10.525,82769984,7448247
c7552,fixed-16384,16384,1,7550,7419,52,79,98.2649,98.9536,16384,261,91,222,0,352,224,16384,1975573,87923081,89898654,34.060,405.622,439.681,10.338,82769984,7128670
c7552,fixed-16384,16384,2,7550,7419,52,79,98.2649,98.9536,16384,275,95,226,0,370,236,16384,1990991,89397973,91388964,35.554,397.479,433.033,10.479,82769984,8618980
c7552,fixed-16384,16384,3,7550,7419,52,79,98.2649,98.9536,16384,280,94,225,0,374,233,16384,1979987,89274560,91254547,33.426,406.269,439.695,10.544,82769984,8484563
c7552,fixed-16384,16384,4,7550,7419,52,79,98.2649,98.9536,16384,281,95,226,0,376,237,16384,1936428,89399582,91336010,33.894,410.537,444.431,10.181,82769984,8566026
c7552,fixed-16384,16384,5,7550,7419,52,79,98.2649,98.9536,16384,281,94,225,0,375,225,16384,2000334,88345382,90345716,34.610,418.100,452.710,11.725,82769984,7575732
c7552,fixed-24576,24576,1,7550,7419,52,79,98.2649,98.9536,24576,270,89,220,0,359,229,24576,2699232,87853760,90552992,48.757,457.420,506.177,12.442,82769984,7783008
c7552,fixed-24576,24576,2,7550,7419,52,79,98.2649,98.9536,24576,279,90,221,0,369,225,24576,2765771,88007513,90773284,56.216,459.358,515.574,11.295,82769984,8003300
c7552,fixed-24576,24576,3,7550,7419,52,79,98.2649,98.9536,24576,286,86,217,0,372,221,24576,2746519,89003913,91750432,47.252,430.243,477.494,11.003,82769984,8980448
c7552,fixed-24576,24576,4,7550,7419,52,79,98.2649,98.9536,24576,287,93,224,0,380,232,24576,2649542,88115544,90765086,50.323,428.232,478.555,10.760,82769984,7995102
c7552,fixed-24576,24576,5,7550,7419,52,79,98.2649,98.9536,24576,284,90,221,0,374,221,24576,2768066,88213294,90981360,51.355,414.721,466.076,10.825,82769984,8211376
c7552,fixed-32768,32768,1,7550,7419,52,79,98.2649,98.9536,32768,274,85,216,0,359,230,32768,3404797,87710653,91115450,58.109,430.100,488.209,10.735,82769984,8345466
c7552,fixed-32768,32768,2,7550,7419,52,79,98.2649,98.9536,32768,288,75,206,0,363,226,32768,3479725,87396812,90876537,62.782,439.823,502.605,11.527,82769984,8106553
c7552,fixed-32768,32768,3,7550,7419,52,79,98.2649,98.9536,32768,294,77,208,0,371,222,32768,3474997,87694997,91169994,58.152,454.993,513.144,11.051,82769984,8400010
c7552,fixed-32768,32768,4,7550,7419,52,79,98.2649,98.9536,32768,299,79,210,0,378,232,32768,3348735,86709545,90058280,55.606,405.505,461.111,10.596,82769984,7288296
c7552,fixed-32768,32768,5,7550,7419,52,79,98.2649,98.9536,32768,292,85,216,0,377,221,32768,3523298,88161154,91684452,58.003,414.449,472.452,11.324,82769984,8914468
c7552,plateau,1216,1,7550,7419,52,79,98.2649,98.9536,1216,206,141,273,0,347,244,1216,455797,92163962,92619759,11.011,430.520,441.531,10.830,82769984,9849775
c7552,plateau,3520,2,7550,7419,52,79,98.2649,98.9536,3520,254,115,248,0,369,241,3520,705862,92489354,93195216,15.364,439.593,454.957,10.164,82769984,10425232
c7552,plateau,2944,3,7550,7419,52,79,98.2649,98.9536,2944,254,121,253,0,375,239,2944,644725,91522252,92166977,14.416,419.828,434.245,10.487,82769984,9396993
c7552,plateau,3008,4,7550,7419,52,79,98.2649,98.9536,3008,248,124,255,0,372,238,3008,665186,90463693,91128879,16.389,427.921,444.310,10.936,82769984,8358895
c7552,plateau,2816,5,7550,7419,52,79,98.2649,98.9536,2816,248,125,257,0,373,229,2816,633168,91388399,92021567,16.546,445.236,461.783,10.213,82769984,9251583
c7552,stage1,1216,1,7550,7419,52,79,98.2649,98.9536,1216,206,141,273,0,347,244,1216,455797,92163962,92619759,12.013,425.274,437.287,9.542,82769984,9849775
c7552,stage1,3584,2,7550,7419,52,79,98.2649,98.9536,3584,254,116,249,0,370,248,3584,712332,92374454,93086786,17.747,397.277,415.023,9.205,82769984,10316802
c7552,stage1,2880,3,7550,7419,52,79,98.2649,98.9536,2880,254,116,248,0,370,231,2880,637497,91363346,92000843,12.607,407.539,420.146,9.458,82769984,9230859
c7552,stage1,4544,4,7550,7419,52,79,98.2649,98.9536,4544,256,115,248,0,371,230,4544,828541,91893222,92721763,16.301,403.607,419.908,12.760,82769984,9951779
c7552,stage1,3008,5,7550,7419,52,79,98.2649,98.9536,3008,248,123,255,0,371,222,3008,654815,91336972,91991787,15.551,424.235,439.786,9.970,82769984,9221803
c7552,adaptive,2304,1,7550,7419,52,79,98.2649,98.9536,2304,217,129,260,16,346,234,2304,566137,90544086,91110223,12.459,411.342,423.801,9.571,82769984,8340239
c7552,adaptive,5824,2,7550,7419,52,79,98.2649,98.9536,5824,263,105,237,16,368,238,5824,902674,91146931,92049605,17.218,405.861,423.078,9.804,82769984,9279621
c7552,adaptive,3392,3,7550,7419,52,79,98.2649,98.9536,3392,255,116,248,16,371,229,3392,683383,90061383,90744766,13.581,394.827,408.408,10.258,82769984,7974782
c7552,adaptive,5120,4,7550,7419,52,79,98.2649,98.9536,5120,256,108,241,16,364,221,5120,879135,90960469,91839604,17.421,421.126,438.547,9.858,82769984,9069620
c7552,adaptive,4544,5,7550,7419,52,79,98.2649,98.9536,4544,258,122,255,16,380,242,4544,796664,92870369,93667033,15.931,436.139,452.071,10.239,82769984,10897049
